Assignment_ID;ROI_ring;DB_Status;DB_Status_Date_Active;DB_Status_Date_Inactive
AID_20260105T163625270297Z_NNPV5LC3NRFQ;0;Active;05-01-2026 16:37;
AID_20260105T163625288205Z_KLCAVB6GCNAS;0;Active;05-01-2026 16:37;
AID_20260105T163625305971Z_SMQNL2MKKZBK;0;Active;05-01-2026 16:37;
AID_20260105T163625323863Z_JBMPWX6WZJAG;0;Active;05-01-2026 16:37;
AID_20260105T163625339455Z_IEMNDBFMTBC7;0;Active;05-01-2026 16:37;
AID_20260105T163625358106Z_IC67ZAIKZZAG;0;Active;05-01-2026 16:37;
AID_20260105T163625413225Z_FDI6AX5JANF3;1;Active;05-01-2026 16:37;
AID_20260105T163625439654Z_3F6XEIK2D5BA;1;Active;05-01-2026 16:37;
AID_20260105T163625463478Z_SKDMHD4KZREY;0;Active;05-01-2026 16:37;
AID_20260105T163625482044Z_EAI47LGGTJH5;0;Active;05-01-2026 16:37;
AID_20260105T163625498869Z_WK56QOC6ONBO;1;Active;05-01-2026 16:37;
AID_20260105T163625517894Z_WOJFFWBNHJFP;1;Active;05-01-2026 16:37;
AID_20260105T163625535001Z_MT5XAKCO5FEA;0;Active;05-01-2026 16:37;
AID_20260105T163625550245Z_6ERTM6LJOFBE;0;Active;05-01-2026 16:37;
AID_20260105T163625566778Z_TLHH54NY6FH7;0;Active;05-01-2026 16:37;
AID_20260105T163625587169Z_B27HBP4YT5AI;1;Active;05-01-2026 16:37;
AID_20260105T163625608700Z_G536X6WCQNHK;1;Active;05-01-2026 16:37;
AID_20260105T163625627978Z_WSA5B5WDD5CP;1;Active;05-01-2026 16:37;
AID_20260105T163625645923Z_J4HYV6TKPZHG;1;Active;05-01-2026 16:37;
AID_20260105T163625671296Z_NHGYVWACHZHO;1;Active;05-01-2026 16:37;
AID_20260105T163625694594Z_IUAFJ56QHRGG;1;Active;05-01-2026 16:37;
AID_20260105T163625722180Z_IKQYOXRCV5GO;1;Active;05-01-2026 16:37;
AID_20260105T163625742656Z_2UIRZZQFIFFH;1;Active;05-01-2026 16:37;
AID_20260105T163625770069Z_VFWRBBFFNNHK;1;Active;05-01-2026 16:37;
AID_20260105T163625791173Z_UIVON6EAEZES;1;Active;05-01-2026 16:37;
AID_20260105T163625814586Z_ERKZWMWAL5H7;0;Active;05-01-2026 16:37;
AID_20260105T163625836522Z_J76UHLVTRZHE;1;Active;05-01-2026 16:37;
AID_20260105T163625864058Z_5B6MRSWJYBG2;1;Active;05-01-2026 16:37;
AID_20260105T163625885427Z_CREAW2AJVVAE;1;Active;05-01-2026 16:37;
AID_20260105T163625910449Z_LVUBQ5BEXBDL;1;Active;05-01-2026 16:37;
AID_20260105T163625935024Z_JBDSQZU6URBY;1;Active;05-01-2026 16:37;
AID_20260105T163625960176Z_WUOFJVLW7JCT;1;Active;05-01-2026 16:37;
AID_20260105T163625982003Z_62YSPX66GNFT;0;Active;05-01-2026 16:37;
AID_20260105T163626006494Z_CMA4SDMAAVD4;1;Active;05-01-2026 16:37;
AID_20260105T163626026713Z_SANKZ7CVJZDI;1;Active;05-01-2026 16:37;
AID_20260105T163626051396Z_SBXQRJ6IYRF4;1;Active;05-01-2026 16:37;
AID_20260105T163626072934Z_FHSDBS4PW5EK;1;Active;05-01-2026 16:37;
AID_20260105T163626098635Z_A65YHSN6IRBR;1;Active;05-01-2026 16:37;
AID_20260105T163626125101Z_44XSW5KTYBCY;1;Active;05-01-2026 16:37;
AID_20260105T163626148837Z_4PYB4GUQ2BBH;1;Active;05-01-2026 16:37;
AID_20260105T163626170128Z_BLPU5KUOWZCH;1;Active;05-01-2026 16:37;
AID_20260105T163626192951Z_KRLNSIF2RVF7;1;Active;05-01-2026 16:37;
AID_20260105T163626212226Z_W47W3P5OXZCW;1;Active;05-01-2026 16:37;
AID_20260105T163626237449Z_R6CL4X5SKJAZ;0;Active;05-01-2026 16:37;
AID_20260105T163626261327Z_H6QAC54NUBAO;1;Active;05-01-2026 16:37;
AID_20260105T163626294854Z_SO3DDH6DVVH5;0;Active;05-01-2026 16:37;
AID_20260105T163626325250Z_7IICYWLU4BCW;0;Active;05-01-2026 16:37;
AID_20260105T163626352195Z_ZNSN7WNSONAU;1;Active;05-01-2026 16:37;
AID_20260105T163626380367Z_6NHAUARK7JHY;2;Active;05-01-2026 16:37;
AID_20260105T163626402204Z_KN4SPUFF3BEJ;0;Active;05-01-2026 16:37;
AID_20260105T163626427662Z_ZUOHHJ7A6FHL;0;Active;05-01-2026 16:37;
AID_20260105T163626449774Z_U43FGNCQZBA6;0;Active;05-01-2026 16:37;
AID_20260105T163626478379Z_OOTUZSEM65C2;0;Active;05-01-2026 16:37;
AID_20260105T163626504704Z_6FIMZGFXXBH2;5;Active;05-01-2026 16:37;
AID_20260105T163626530640Z_ISXTJ3OQ6RET;1;Active;05-01-2026 16:37;
AID_20260105T163626555997Z_Q2ZNYEGEDZAY;0;Active;05-01-2026 16:37;
AID_20260105T163626579859Z_Q2ZELFIIPRC3;0;Active;05-01-2026 16:37;
AID_20260105T163626607924Z_PPONEKTIMZGQ;0;Active;05-01-2026 16:37;
AID_20260105T163626635950Z_5B7725F3IZDI;0;Active;05-01-2026 16:37;
AID_20260105T163626658285Z_OMC3V5X7WZB2;0;Active;05-01-2026 16:37;
AID_20260105T163626686569Z_OZ6KM7FEJVDF;1;Active;05-01-2026 16:37;
AID_20260105T163626716599Z_ONNPDER6MZH5;1;Active;05-01-2026 16:37;
AID_20260105T163626751580Z_NDUSTVYU3ZEH;0;Active;05-01-2026 16:37;
AID_20260105T163626782988Z_XIKWTJW2ZJFR;0;Active;05-01-2026 16:37;
AID_20260105T163626813972Z_PHIJPZFBLFDB;0;Active;05-01-2026 16:37;
AID_20260105T163626842169Z_NUCTLDNRCJHJ;0;Active;05-01-2026 16:37;
AID_20260105T163626871570Z_35L4I7VIYRAA;0;Active;05-01-2026 16:37;
AID_20260105T163626900501Z_GS2GAA2WPRCP;1;Active;05-01-2026 16:37;
AID_20260105T163626929923Z_NJI42QEPGFFB;0;Active;05-01-2026 16:37;
AID_20260105T163626957703Z_K6EHTNN36JAS;0;Active;05-01-2026 16:37;
AID_20260105T163626987643Z_BNOEHJUJN5E7;0;Active;05-01-2026 16:37;
AID_20260105T163627014802Z_DPXFYFS2ANAW;0;Active;05-01-2026 16:37;
AID_20260105T163627042687Z_U42L7T623JG7;0;Active;05-01-2026 16:37;
AID_20260105T163627071852Z_GATISN2BNNGP;0;Active;05-01-2026 16:37;
AID_20260105T163627100009Z_URXNGQJUOBFJ;0;Active;05-01-2026 16:37;
AID_20260105T163627133464Z_C4Z6FWR77FBP;0;Active;05-01-2026 16:37;
AID_20260105T163627163609Z_RAQSQHYDYZCZ;0;Active;05-01-2026 16:37;
AID_20260105T163627193435Z_NMYCTRPBYRAU;1;Active;05-01-2026 16:37;
AID_20260105T163627225169Z_SHQ4XKF3B5EM;1;Active;05-01-2026 16:37;
AID_20260105T163627255325Z_7SZUEFAUVBB7;1;Active;05-01-2026 16:37;
AID_20260105T163627338571Z_IHCKFKZR6JEE;1;Active;05-01-2026 16:37;
AID_20260105T163627378922Z_V6ZOHDTSIVCB;1;Active;05-01-2026 16:37;
AID_20260105T163627410845Z_XJUL4CAK5ZGC;1;Active;05-01-2026 16:37;
AID_20260105T163627441504Z_PEH4E574MVEJ;0;Active;05-01-2026 16:37;
AID_20260105T163627472288Z_3DLPZEUW5ZBA;0;Active;05-01-2026 16:37;
AID_20260105T163627499852Z_SYJZ5DNDPZDK;1;Active;05-01-2026 16:37;
AID_20260105T163627536946Z_XESYYDUQJJDK;1;Active;05-01-2026 16:37;
AID_20260105T163627567584Z_HCTO6JWWCBD3;2;Active;05-01-2026 16:37;
AID_20260105T163627598886Z_BCQ6EX5NCVFM;0;Active;05-01-2026 16:37;
AID_20260105T163627631708Z_PAZZL2263NEM;1;Active;05-01-2026 16:37;
AID_20260105T163627664942Z_DE6COM7YCJHV;1;Active;05-01-2026 16:37;
AID_20260105T163627700384Z_DMCNJPQYSRE3;1;Active;05-01-2026 16:37;
AID_20260105T163627734466Z_U5DJ6GLAFVFI;1;Active;05-01-2026 16:37;
AID_20260105T163627768387Z_IONBVHEJFRCN;3;Active;05-01-2026 16:37;
AID_20260105T163627799037Z_TCAXCB4BZRC6;1;Active;05-01-2026 16:37;
AID_20260105T163627834945Z_CKBSK6W6NRCI;1;Active;05-01-2026 16:37;
AID_20260105T163627886887Z_NIUQL64A3BDR;0;Active;05-01-2026 16:37;
AID_20260105T163627933265Z_ACTFRABYSVAW;1;Active;05-01-2026 16:37;
AID_20260105T163627976008Z_SBWZ2CPSBRDQ;1;Active;05-01-2026 16:37;
AID_20260105T163628023225Z_6KM3N37IAVBJ;1;Active;05-01-2026 16:37;
AID_20260105T163628068613Z_GJ64T7SWUFFH;1;Active;05-01-2026 16:37;
AID_20260105T163628110388Z_M43HPOY6WBGF;1;Active;05-01-2026 16:37;
AID_20260105T163628157114Z_DF3DRFGSAFHS;1;Active;05-01-2026 16:37;
AID_20260105T163628197435Z_CZMM7FH3ZFCF;1;Active;05-01-2026 16:37;
AID_20260105T163628233897Z_N6CG4KKLFFD2;2;Active;05-01-2026 16:37;
AID_20260105T163628272841Z_LYNSECYYZ5EH;1;Active;05-01-2026 16:37;
AID_20260105T163628309963Z_ZC7GJRJGDFFZ;1;Active;05-01-2026 16:37;
AID_20260105T163628350102Z_W57SJ6OJVVCP;1;Active;05-01-2026 16:37;
AID_20260105T163628389214Z_EXZ4MCGJAZC6;1;Active;05-01-2026 16:37;
AID_20260105T163628426168Z_QB4YPI57O5EB;1;Active;05-01-2026 16:37;
AID_20260105T163628467549Z_ERPEPUKH2REP;1;Active;05-01-2026 16:37;
AID_20260105T163628506741Z_77MFRJIVBZEQ;1;Active;05-01-2026 16:37;
AID_20260105T163628544052Z_SEC6VBVBJ5DD;1;Active;05-01-2026 16:37;
AID_20260105T163628583106Z_GROKD4L5WZDE;1;Active;05-01-2026 16:37;
AID_20260105T163628621223Z_U5FWSAQEEVCT;1;Active;05-01-2026 16:37;
AID_20260105T163628667533Z_MUSHRGN7QVCW;1;Active;05-01-2026 16:37;
AID_20260105T163628707598Z_T3REUYHXVRCA;1;Active;05-01-2026 16:37;
AID_20260105T163628743411Z_ST7P6VNEVNCF;1;Active;05-01-2026 16:37;
AID_20260105T163628782517Z_VO2ULACU2RFH;1;Active;05-01-2026 16:37;
AID_20260105T163628821338Z_BDAXWKWBHJH7;1;Active;05-01-2026 16:37;
AID_20260105T163628863707Z_KF26KLPBRNAK;0;Active;05-01-2026 16:37;
AID_20260105T163628906605Z_ZPTV7HRJPNAH;0;Active;05-01-2026 16:37;
AID_20260105T163628945200Z_QHE2MXLM2FGH;1;Active;05-01-2026 16:37;
AID_20260105T163628983858Z_7TKR7LUEOBB3;0;Active;05-01-2026 16:37;
AID_20260105T163629079788Z_CEN7N5N5LFGZ;0;Active;05-01-2026 16:37;
AID_20260105T163629122013Z_QY6WEVWTFJCB;0;Active;05-01-2026 16:37;
AID_20260105T163629159781Z_Z53OG6P4YJFD;0;Active;05-01-2026 16:37;
AID_20260105T163629199540Z_GKG6IUWCFBA3;0;Active;05-01-2026 16:37;
AID_20260105T163629241831Z_35ABO4MFSFCL;1;Active;05-01-2026 16:37;
AID_20260105T163629284539Z_SNVAEDZMI5GH;2;Active;05-01-2026 16:37;
AID_20260105T163629327157Z_YU3DD2G5CJHV;0;Active;05-01-2026 16:37;
AID_20260105T163629370066Z_FAYKGTA52NFV;0;Active;05-01-2026 16:37;
AID_20260105T163629412584Z_FQY4GHVPEJH4;0;Active;05-01-2026 16:37;
AID_20260105T163629454489Z_G6RCM74KMFCZ;0;Active;05-01-2026 16:37;
AID_20260105T163629496252Z_BQENFOWO2RCW;0;Active;05-01-2026 16:37;
AID_20260105T163629538437Z_BSO2XFWUHBDP;1;Active;05-01-2026 16:37;
AID_20260105T163629577811Z_G4WBCUV6RZCG;0;Active;05-01-2026 16:37;
AID_20260105T163629624317Z_PPNNMC4KT5BD;1;Active;05-01-2026 16:37;
AID_20260105T163629667352Z_CIB4MTQBM5BU;0;Active;05-01-2026 16:37;
AID_20260105T163629707886Z_NZ3CPI3LRJFN;0;Active;05-01-2026 16:37;
AID_20260105T163629751629Z_DNOBF2A2G5DL;0;Active;05-01-2026 16:37;
AID_20260105T163629793854Z_ANT3XNUROJBG;0;Active;05-01-2026 16:37;
AID_20260105T163629839408Z_GY3JXYAMAZFC;0;Active;05-01-2026 16:37;
AID_20260105T163629882962Z_MCJ55CFWE5EP;0;Active;05-01-2026 16:37;
AID_20260105T163629924086Z_IK6HOECK3RCP;0;Active;05-01-2026 16:37;
AID_20260105T163629966941Z_GK2RXIWFSJHP;0;Active;05-01-2026 16:37;
AID_20260105T163630015543Z_BPZ42FHJ2VCD;1;Active;05-01-2026 16:37;
AID_20260105T163630057579Z_XJCKDIO3GFHQ;1;Active;05-01-2026 16:37;
AID_20260105T163630104988Z_6KYY2VJ6I5ES;0;Active;05-01-2026 16:37;
AID_20260105T163630150849Z_E2TAFW3N4RC4;1;Active;05-01-2026 16:37;
AID_20260105T163630200133Z_AE2LQBF7OFE2;1;Active;05-01-2026 16:37;
AID_20260105T163630246172Z_UMKK2R7PUFDT;1;Active;05-01-2026 16:37;
AID_20260105T163630291814Z_3XNIAZ53HZAN;1;Active;05-01-2026 16:37;
AID_20260105T163630339517Z_QZJB6TE7F5DB;1;Active;05-01-2026 16:37;
AID_20260105T163630387201Z_V4GKJWPVONDW;1;Active;05-01-2026 16:37;
AID_20260105T163630433988Z_PZPND2RUPZEV;1;Active;05-01-2026 16:37;
AID_20260105T163630481453Z_RDR3RQMLCJGB;1;Active;05-01-2026 16:37;
AID_20260105T163630527385Z_EGBQOFIIXRCI;1;Active;05-01-2026 16:37;
AID_20260105T163630582782Z_XTLEO7CKTJFH;1;Active;05-01-2026 16:37;
AID_20260105T163630636902Z_WX3TIQD5KVFD;1;Active;05-01-2026 16:37;
AID_20260105T163630694135Z_USQ2ORJNE5DK;1;Active;05-01-2026 16:37;
AID_20260105T163630806125Z_NTP63H2P6RHB;1;Active;05-01-2026 16:37;
AID_20260105T163630856630Z_ZOFG32J44JFS;1;Active;05-01-2026 16:37;
AID_20260105T163630906199Z_DSYCGAS7F5GR;2;Active;05-01-2026 16:37;
AID_20260105T163630955945Z_QQRP6UQNPVHR;1;Active;05-01-2026 16:37;
AID_20260105T163631004510Z_4ODKOAQ4CBHW;0;Active;05-01-2026 16:37;
AID_20260105T163631057085Z_7DYO7N7YCNC4;0;Active;05-01-2026 16:37;
AID_20260105T163631109809Z_EFOZPFJ47NEW;0;Active;05-01-2026 16:37;
AID_20260105T163631162850Z_TCMH6MMDRNH3;0;Active;05-01-2026 16:37;
AID_20260105T163631220796Z_DO6RIPCV3NFN;0;Active;05-01-2026 16:37;
AID_20260105T163631277474Z_42HNNXVNZ5GU;1;Active;05-01-2026 16:37;
AID_20260105T163631334667Z_RWBVMNAOJZGD;0;Active;05-01-2026 16:37;
AID_20260105T163631387476Z_CARHEGTBKRDR;0;Active;05-01-2026 16:37;
AID_20260105T163631441296Z_HEY2BG6GBFCF;0;Active;05-01-2026 16:37;
AID_20260105T163631492530Z_TYWQYVJ2JBFE;0;Active;05-01-2026 16:37;
AID_20260105T163631543289Z_ASGD6PG2FRFY;0;Active;05-01-2026 16:37;
AID_20260105T163631592066Z_RA3VWIPXMRDA;1;Active;05-01-2026 16:37;
AID_20260105T163631639626Z_RU5ACW7XERCC;0;Active;05-01-2026 16:37;
AID_20260105T163631690528Z_JL7Q6A5FT5CW;0;Active;05-01-2026 16:37;
AID_20260105T163631744678Z_QZJUQDVPNZHS;0;Active;05-01-2026 16:37;
AID_20260105T163631811857Z_RTYQIMUN3ZHM;1;Active;05-01-2026 16:37;
AID_20260105T163631876020Z_FBF56V3DSBHV;0;Active;05-01-2026 16:37;
AID_20260105T163631933642Z_23CZBDCTFFH4;0;Active;05-01-2026 16:37;
AID_20260105T163631985467Z_H3OHNQMZDBGR;0;Active;05-01-2026 16:37;
AID_20260105T163632039472Z_4PSZOPJCIJA4;0;Active;05-01-2026 16:37;
AID_20260105T163632093855Z_EKUE3GUDVFGG;0;Active;05-01-2026 16:37;
AID_20260105T163632145590Z_EV7AJNJKNNBH;0;Active;05-01-2026 16:37;
AID_20260105T163632197739Z_UM5PB5NLXNHS;0;Active;05-01-2026 16:37;
AID_20260105T163632248910Z_MVE7CECARNEK;0;Active;05-01-2026 16:37;
AID_20260105T163632302273Z_FVGMPE4QXZGS;0;Active;05-01-2026 16:37;
AID_20260105T163632353823Z_3UXSAUDQ4NDJ;0;Active;05-01-2026 16:37;
AID_20260105T163632450683Z_ZK6EA2LUCVEI;0;Active;05-01-2026 16:37;
AID_20260105T163632527874Z_UF4SKXQAXNGF;0;Active;05-01-2026 16:37;
AID_20260105T163632580522Z_2MOWUQDSWRGX;0;Active;05-01-2026 16:37;
AID_20260105T163632634013Z_Y3N7HGTANJEB;3;Active;05-01-2026 16:37;
AID_20260105T163632700371Z_QGLLQMYGZ5ER;0;Active;05-01-2026 16:37;
AID_20260105T163632784540Z_SAIJUBTRGVBF;0;Active;05-01-2026 16:37;
AID_20260105T163632845862Z_FXSAPQVPEZD6;0;Active;05-01-2026 16:37;
AID_20260105T163632903574Z_JRDY26YJ4RGI;0;Active;05-01-2026 16:37;
AID_20260105T163632959052Z_DCY2OQITUBHP;0;Active;05-01-2026 16:37;
AID_20260105T163633016376Z_6SKNLVEVUVGG;1;Active;05-01-2026 16:37;
AID_20260105T163633070928Z_6AJXAC6QCZEO;0;Active;05-01-2026 16:37;
AID_20260105T163633133230Z_QWH2TTF2L5AZ;0;Active;05-01-2026 16:37;
AID_20260105T163633186064Z_6JAD2SNPHVB5;0;Active;05-01-2026 16:37;
AID_20260105T163633242303Z_FPHAG233T5ER;0;Active;05-01-2026 16:37;
AID_20260105T163633296204Z_BJAJT6RGBJHG;0;Active;05-01-2026 16:37;
AID_20260105T163633349851Z_J4NF46S35JHS;0;Active;05-01-2026 16:37;
AID_20260105T163633464133Z_HAVEFNBUDJFI;0;Active;05-01-2026 16:37;
AID_20260105T163633520202Z_GWJ6IWZWUZB6;0;Active;05-01-2026 16:37;
AID_20260105T163633577052Z_DAA6UI3UCVFV;0;Active;05-01-2026 16:37;
AID_20260105T163633633791Z_6C3XCTYOW5HM;0;Active;05-01-2026 16:37;
AID_20260105T163633691315Z_ZRJJAMDLONE2;1;Active;05-01-2026 16:37;
AID_20260105T163633750638Z_NTRTHJUA2NA3;0;Active;05-01-2026 16:37;
AID_20260105T163633811052Z_LEMIKLAVKRF6;0;Active;05-01-2026 16:37;
AID_20260105T163633873551Z_N72NU2LMW5HG;0;Active;05-01-2026 16:37;
AID_20260105T163633935897Z_UMTZV2VVQVEI;0;Active;05-01-2026 16:37;
AID_20260105T163633993151Z_R2XDGEVKHVE6;0;Active;05-01-2026 16:37;
AID_20260105T163634048216Z_7MPUMJW6HVAS;0;Active;05-01-2026 16:37;
AID_20260105T163634106691Z_WFKWKE7FGVAJ;0;Active;05-01-2026 16:37;
AID_20260105T163634167394Z_MF2I7RAZSJEQ;0;Active;05-01-2026 16:37;
AID_20260105T163634224527Z_573SFSA6Q5DF;0;Active;05-01-2026 16:37;
AID_20260105T163634286294Z_CPVTWUPQOREU;0;Active;05-01-2026 16:37;
AID_20260105T163634346100Z_PUGJ7ZM44FBZ;0;Active;05-01-2026 16:37;
AID_20260105T163634409811Z_RCFKYAWFSBEL;0;Active;05-01-2026 16:37;
AID_20260105T163634466637Z_XLJRSWRXXFDY;0;Active;05-01-2026 16:37;
AID_20260105T163634526364Z_AFEEBKEDKJHX;0;Active;05-01-2026 16:37;
AID_20260105T163634586862Z_OE6K6XGBMRFZ;0;Active;05-01-2026 16:37;
AID_20260105T163634653728Z_TSFERP3HNBAO;0;Active;05-01-2026 16:37;
AID_20260105T163634715195Z_WZHCWTIJGJA7;0;Active;05-01-2026 16:37;
AID_20260105T163634777388Z_UP4JKAH4AFEQ;0;Active;05-01-2026 16:37;
AID_20260105T163634840604Z_75K535ZBZRBR;0;Active;05-01-2026 16:37;
AID_20260105T163634907115Z_GTDVJTCEVRF2;0;Active;05-01-2026 16:37;
AID_20260105T163634969987Z_AHDOZKGNFNAV;1;Active;05-01-2026 16:37;
AID_20260105T163635087021Z_YVB4E7KCBZGN;0;Active;05-01-2026 16:37;
AID_20260105T163635156286Z_MZMCRP75KNBO;0;Active;05-01-2026 16:37;
AID_20260105T163635220367Z_DMHH2SBIG5DO;0;Active;05-01-2026 16:37;
AID_20260105T163635283082Z_EXJJEMNFMZAG;0;Active;05-01-2026 16:37;
AID_20260105T163635345214Z_SQPNBAEEGRFU;0;Active;05-01-2026 16:37;
AID_20260105T163635409167Z_BROHNCUUABCF;0;Active;05-01-2026 16:37;
AID_20260105T163635471782Z_665Z5EE7HZAV;0;Active;05-01-2026 16:37;
AID_20260105T163635536989Z_DXSRPZL6EZFT;0;Active;05-01-2026 16:37;
AID_20260105T163635603199Z_R3UJJLGS4NE5;0;Active;05-01-2026 16:37;
AID_20260105T163635667679Z_UTDZCW7C5VA3;2;Active;05-01-2026 16:37;
AID_20260105T163635734888Z_6ZXKYDTQY5DI;0;Active;05-01-2026 16:37;
AID_20260105T163635801131Z_DLSVQBV5Y5AM;0;Active;05-01-2026 16:37;
AID_20260105T163635866571Z_7TNMIXB3GFB3;0;Active;05-01-2026 16:37;
AID_20260105T163635930783Z_CZEEFHK43ZEG;0;Active;05-01-2026 16:37;
AID_20260105T163635993861Z_XDUJFUJBMFBZ;1;Active;05-01-2026 16:37;
AID_20260105T163636059444Z_IMS6NZBK7BFG;0;Active;05-01-2026 16:37;
AID_20260105T163636125809Z_MHI5AKHZRJAN;0;Active;05-01-2026 16:37;
AID_20260105T163636196608Z_G5KQQCRVCVB2;0;Active;05-01-2026 16:37;
AID_20260105T163636265348Z_NBEZ4EIC2JHD;0;Active;05-01-2026 16:37;
AID_20260105T163636329208Z_2N24DCGKK5FX;0;Active;05-01-2026 16:37;
AID_20260105T163636399539Z_LUCV4ZJYVJDY;0;Active;05-01-2026 16:37;
AID_20260105T163636464218Z_HP5CQPWBLNH6;0;Active;05-01-2026 16:37;
AID_20260105T163636531478Z_RE2ENAQE4NFK;0;Active;05-01-2026 16:37;
AID_20260105T163636598732Z_SPCJICGZ7JBZ;0;Active;05-01-2026 16:37;
AID_20260105T163636706078Z_KPSJQPXVTJHM;2;Active;05-01-2026 16:37;
AID_20260105T163636796161Z_MI2FPG5CHRHR;0;Active;05-01-2026 16:37;
AID_20260105T163636868510Z_EW4ZW5FXMRDC;0;Active;05-01-2026 16:37;
AID_20260105T163636942106Z_7RBIMKRBTRD6;0;Active;05-01-2026 16:37;
AID_20260105T163637019829Z_KS34ANFVEJHE;0;Active;05-01-2026 16:37;
AID_20260105T163637087759Z_BX7I5TKGJBB7;1;Active;05-01-2026 16:37;
AID_20260105T163637159720Z_SWBE3ZLRIJAB;0;Active;05-01-2026 16:37;
AID_20260105T163637228598Z_2YEDPNMRVFBV;0;Active;05-01-2026 16:37;
AID_20260105T163637294528Z_UDDLGUMTLZGM;0;Active;05-01-2026 16:37;
AID_20260105T163637360982Z_XUBAJ4JTV5FT;0;Active;05-01-2026 16:37;
AID_20260105T163637430587Z_IBN75AE5JZBN;0;Active;05-01-2026 16:37;
AID_20260105T163637496914Z_PSYIK45EU5B3;0;Active;05-01-2026 16:37;
AID_20260105T163637562053Z_AR7VVNQOVFGL;0;Active;05-01-2026 16:37;
AID_20260105T163637631839Z_OKPTON7KW5C5;1;Active;05-01-2026 16:37;
AID_20260105T163637705667Z_ECRTBV2F7JHW;1;Active;05-01-2026 16:37;
AID_20260105T163637776429Z_KXDZ2F7NJBAG;2;Active;05-01-2026 16:37;
AID_20260105T163637849454Z_E74JHZWVQ5BK;1;Active;05-01-2026 16:37;
AID_20260105T163637921393Z_V5EHOAY3XVEU;1;Active;05-01-2026 16:37;
AID_20260105T163637988497Z_WBZIQ3XZZ5A7;2;Active;05-01-2026 16:37;
AID_20260105T163638060348Z_6IOM3EPBHZDU;1;Active;05-01-2026 16:37;
AID_20260105T163638169322Z_U5NUHKVH6JHW;0;Active;05-01-2026 16:37;
AID_20260105T163638241629Z_MRBCWF2NY5CM;1;Active;05-01-2026 16:37;
AID_20260105T163638311266Z_U4WTINSQR5CG;1;Active;05-01-2026 16:37;
AID_20260105T163638445035Z_NFFYCHVCUNBJ;1;Active;05-01-2026 16:37;
AID_20260105T163638518748Z_6FZVK3W2QZCT;1;Active;05-01-2026 16:37;
AID_20260105T163638587513Z_CIRK4ACWFFDO;1;Active;05-01-2026 16:37;
AID_20260105T163638660411Z_OC3GQ6TPIFAY;1;Active;05-01-2026 16:37;
AID_20260105T163638728824Z_DHM3V33UHZCR;1;Active;05-01-2026 16:37;
AID_20260105T163638803864Z_7DQD2HM735HS;1;Active;05-01-2026 16:37;
AID_20260105T163638887136Z_ACIIMJI4IJHI;1;Active;05-01-2026 16:37;
AID_20260105T163638964181Z_NSIBD2CBPNCK;1;Active;05-01-2026 16:37;
AID_20260105T163639035025Z_KGKD4GU26ZFF;1;Active;05-01-2026 16:37;
AID_20260105T163639111921Z_4UIAMAUBQBES;1;Active;05-01-2026 16:37;
AID_20260105T163639183091Z_M6TVXJDTWJDS;2;Active;05-01-2026 16:37;
AID_20260105T163639266466Z_MQ7GY6QOJJBY;1;Active;05-01-2026 16:37;
AID_20260105T163639341395Z_IY25J4XXSRGE;1;Active;05-01-2026 16:37;
AID_20260105T163639418402Z_XXWLZ5PG3FHB;1;Active;05-01-2026 16:37;
AID_20260105T163639493232Z_WBGLB3LEHZGU;1;Active;05-01-2026 16:37;
AID_20260105T163639569584Z_NTM76IEUG5CA;1;Active;05-01-2026 16:37;
AID_20260105T163639646096Z_UHB2WAOY3NEX;2;Active;05-01-2026 16:37;
AID_20260105T163639719970Z_EH7HQN4R3FAG;2;Active;05-01-2026 16:37;
AID_20260105T163639794136Z_C6ZLSCPPJZDT;1;Active;05-01-2026 16:37;
AID_20260105T163639872314Z_4BVGQYSMPJE2;1;Active;05-01-2026 16:37;
AID_20260105T163639949105Z_K2K4RWYT5BCO;2;Active;05-01-2026 16:37;
AID_20260105T163640080639Z_H62LIRW7ZVC7;0;Active;05-01-2026 16:37;
AID_20260105T163640168150Z_OWSK7B4MIVBP;1;Active;05-01-2026 16:37;
AID_20260105T163640244547Z_AJKPIHIU6NGZ;1;Active;05-01-2026 16:37;
AID_20260105T163640323790Z_3WNFGL3SR5GO;0;Active;05-01-2026 16:37;
AID_20260105T163640402014Z_YVTWHRF2VVDH;1;Active;05-01-2026 16:37;
AID_20260105T163640481486Z_VZMMK4MMEZBA;0;Active;05-01-2026 16:37;
AID_20260105T163640557446Z_523CGMOJAVEO;1;Active;05-01-2026 16:37;
AID_20260105T163640636460Z_U5IWYDZZ65EL;1;Active;05-01-2026 16:37;
AID_20260105T163640712316Z_L5RIWOTGQNEU;0;Active;05-01-2026 16:37;
AID_20260105T163640789562Z_LOSWH6JFVNFE;0;Active;05-01-2026 16:37;
AID_20260105T163640873153Z_IHXBWPADDBC7;0;Active;05-01-2026 16:37;
AID_20260105T163640950118Z_KBLROED2YRBO;0;Active;05-01-2026 16:37;
AID_20260105T163641035207Z_4RJYJ7UZ55EC;0;Active;05-01-2026 16:37;
AID_20260105T163641108261Z_CCFXK2QKRNFR;0;Active;05-01-2026 16:37;
AID_20260105T163641190111Z_3DNNPQVZDNAV;1;Active;05-01-2026 16:37;
AID_20260105T163641270943Z_YINSAG6F5NGX;1;Active;05-01-2026 16:37;
AID_20260105T163641352242Z_LAWZV4PCTBBL;2;Active;05-01-2026 16:37;
AID_20260105T163641430485Z_B5HAWQNEOVGH;1;Active;05-01-2026 16:37;
AID_20260105T163641509795Z_2FPNBYFRRRFQ;1;Active;05-01-2026 16:37;
AID_20260105T163641588870Z_YT3XHKLXJNFZ;1;Active;05-01-2026 16:37;
AID_20260105T163641734231Z_35FF2PLTR5BK;1;Active;05-01-2026 16:37;
AID_20260105T163641816952Z_JMXDT4RX6JGN;0;Active;05-01-2026 16:37;
AID_20260105T163641900449Z_Q2JE27SYCFCI;1;Active;05-01-2026 16:37;
AID_20260105T163641975700Z_Y4WDGB34SNDG;1;Active;05-01-2026 16:37;
AID_20260105T163642055222Z_35J4AHXC5FCP;1;Active;05-01-2026 16:37;
AID_20260105T163642137601Z_SKZ7BZMEXRDW;1;Active;05-01-2026 16:37;
AID_20260105T163642219289Z_C4UT75BZZBDO;1;Active;05-01-2026 16:37;
AID_20260105T163642294707Z_PIOCBDO4PZE7;1;Active;05-01-2026 16:37;
AID_20260105T163642376594Z_M63JAM2WQ5HI;1;Active;05-01-2026 16:37;
AID_20260105T163642465973Z_ZOBZ34YLNBHK;0;Active;05-01-2026 16:37;
AID_20260105T163642546327Z_HG5M5FV4WVCQ;0;Active;05-01-2026 16:37;
AID_20260105T163642629695Z_TBW3FAXSFZFE;1;Active;05-01-2026 16:37;
AID_20260105T163642717349Z_NDJHIWDU55AC;1;Active;05-01-2026 16:37;
AID_20260105T163642802783Z_PVQ7OS6NFJEL;0;Active;05-01-2026 16:37;
AID_20260105T163642887413Z_LO7XOZNGQJHK;0;Active;05-01-2026 16:37;
AID_20260105T163642973082Z_ZJQPX6UN5FDX;0;Active;05-01-2026 16:37;
AID_20260105T163643047597Z_UISOQG2P4ZEX;1;Active;05-01-2026 16:37;
AID_20260105T163643130371Z_IYAIXWZOIJEZ;3;Active;05-01-2026 16:37;
AID_20260105T163643211399Z_GTBNE4VFGBBT;0;Active;05-01-2026 16:37;
AID_20260105T163643352402Z_672ZJHLS3JDJ;0;Active;05-01-2026 16:37;
AID_20260105T163643439342Z_UEP2A2CJ5BFA;0;Active;05-01-2026 16:37;
AID_20260105T163643532676Z_6R5F3TL7D5B2;0;Active;05-01-2026 16:37;
AID_20260105T163643637923Z_FUY4HXI52FG5;0;Active;05-01-2026 16:37;
AID_20260105T163643714973Z_KJREF7PENBCP;0;Active;05-01-2026 16:37;
AID_20260105T163643798061Z_BCTCVDNKSJCT;1;Active;05-01-2026 16:37;
AID_20260105T163643886442Z_YR664MHGKNFK;1;Active;05-01-2026 16:37;
AID_20260105T163643968015Z_KQN7M4SP6BCZ;2;Active;05-01-2026 16:37;
AID_20260105T163644053151Z_3RG74O7J7FDJ;2;Active;05-01-2026 16:37;
AID_20260105T163644131753Z_MGMLV6PN7BEO;1;Active;05-01-2026 16:37;
AID_20260105T163644215708Z_SUZZ5USXGJGV;1;Active;05-01-2026 16:37;
AID_20260105T163644300118Z_JPDTWC6UG5BG;1;Active;05-01-2026 16:37;
AID_20260105T163644383181Z_QGETEDMUBREM;2;Active;05-01-2026 16:37;
AID_20260105T163644467148Z_2FXWGGMOXBEB;1;Active;05-01-2026 16:37;
AID_20260105T163644544382Z_KIIXE4CEMJB7;1;Active;05-01-2026 16:37;
AID_20260105T163644627054Z_TKZXTGX5RFCR;1;Active;05-01-2026 16:37;
AID_20260105T163644707721Z_DTZUKS4HIFGL;1;Active;05-01-2026 16:37;
AID_20260105T163644788581Z_DR3P6WKJGVA2;1;Active;05-01-2026 16:37;
AID_20260105T163644869846Z_4GCRQEMIDNCR;1;Active;05-01-2026 16:37;
AID_20260105T163645013034Z_CLZPPHO6LZHS;1;Active;05-01-2026 16:37;
AID_20260105T163645099009Z_WTVX6FXPXVAN;0;Active;05-01-2026 16:37;
AID_20260105T163645190698Z_M5HH6OBUHVH4;0;Active;05-01-2026 16:37;
AID_20260105T163645277539Z_OKROBJAI5JBL;0;Active;05-01-2026 16:37;
AID_20260105T163645361483Z_LZPXWZQLWJHV;0;Active;05-01-2026 16:37;
AID_20260105T163645444619Z_MNEQ4USKCVBV;0;Active;05-01-2026 16:37;
AID_20260105T163645529159Z_5S5RYINFUJDP;1;Active;05-01-2026 16:37;
AID_20260105T163645610626Z_J5PF3ASKSRFC;0;Active;05-01-2026 16:37;
AID_20260105T163645691819Z_EW6WR3JQ7NGX;1;Active;05-01-2026 16:37;
AID_20260105T163645776573Z_REOSXZJPOVER;1;Active;05-01-2026 16:37;
AID_20260105T163645862750Z_F6DHNITHJZGM;0;Active;05-01-2026 16:37;
AID_20260105T163645951019Z_BXXCSVDNPZD5;0;Active;05-01-2026 16:37;
AID_20260105T163646034095Z_VIMSIFE7UBF6;0;Active;05-01-2026 16:37;
AID_20260105T163646113406Z_WEXCYAOMHBA5;0;Active;05-01-2026 16:37;
AID_20260105T163646200442Z_6HSVV5HSGJHW;0;Active;05-01-2026 16:37;
AID_20260105T163646284265Z_Z4Q6CFHYGBBL;0;Active;05-01-2026 16:37;
AID_20260105T163646371132Z_RYTLS6NUKJGX;0;Active;05-01-2026 16:37;
AID_20260105T163646455924Z_2DMEYV24HVEF;0;Active;05-01-2026 16:37;
AID_20260105T163646598465Z_YMSOYMOFAFGX;2;Active;05-01-2026 16:37;
AID_20260105T163646685679Z_SJJXTYLQCJBN;2;Active;05-01-2026 16:37;
AID_20260105T163646776592Z_IIA42HVEVFAW;0;Active;05-01-2026 16:37;
AID_20260105T163646863879Z_BVP4EOZ2YJCC;1;Active;05-01-2026 16:37;
AID_20260105T163646953320Z_RSYSJIBD3FCP;0;Active;05-01-2026 16:37;
AID_20260105T163647042868Z_GWRS7GIBWVHI;1;Active;05-01-2026 16:37;
AID_20260105T163647127213Z_4XLPSEP37BFL;1;Active;05-01-2026 16:37;
AID_20260105T163647221011Z_6QMUPQTBCJHT;0;Active;05-01-2026 16:37;
AID_20260105T163647305410Z_TMBQWM6O2NEQ;0;Active;05-01-2026 16:37;
AID_20260105T163647391256Z_IES3ZEDIOVBE;0;Active;05-01-2026 16:37;
AID_20260105T163647494951Z_LWEUU73CJNB4;0;Active;05-01-2026 16:37;
AID_20260105T163647580515Z_PUTWFELLY5E2;0;Active;05-01-2026 16:37;
AID_20260105T163647669798Z_QCRB2UVAFNF6;0;Active;05-01-2026 16:37;
AID_20260105T163647761056Z_3LJ3XAD25JA4;1;Active;05-01-2026 16:37;
AID_20260105T163647852962Z_4HVGDIEXNFCD;1;Active;05-01-2026 16:37;
AID_20260105T163647940589Z_BEAK5MEAZNGS;1;Active;05-01-2026 16:37;
AID_20260105T163648031823Z_PT3UVHUBGRFA;1;Active;05-01-2026 16:37;
AID_20260105T163648186845Z_PTAHEHCYTRD5;1;Active;05-01-2026 16:37;
AID_20260105T163648279447Z_M3WW6ZY4YNEE;1;Active;05-01-2026 16:37;
AID_20260105T163648370758Z_AZRKHULYKNGA;1;Active;05-01-2026 16:37;
AID_20260105T163648459982Z_VUDGJZ3J2JEA;2;Active;05-01-2026 16:37;
AID_20260105T163648553631Z_42ABMDJFPZEO;1;Active;05-01-2026 16:37;
AID_20260105T163648649466Z_ZZU3P3B245BV;1;Active;05-01-2026 16:37;
AID_20260105T163648768550Z_PN7RRFWX5RHC;1;Active;05-01-2026 16:37;
AID_20260105T163648868490Z_2RKE6QME5VB4;2;Active;05-01-2026 16:37;
AID_20260105T163648960349Z_UB7RY42FHZBW;1;Active;05-01-2026 16:37;
AID_20260105T163649051404Z_ZNGHY3H3CRAZ;1;Active;05-01-2026 16:37;
AID_20260105T163649138463Z_7DV6MCFA4ZGF;1;Active;05-01-2026 16:37;
AID_20260105T163649239972Z_OMME3MTLOVEL;1;Active;05-01-2026 16:37;
AID_20260105T163649339759Z_KEHVA2NL5VEK;1;Active;05-01-2026 16:37;
AID_20260105T163649454509Z_M45XOAGIZRH6;1;Active;05-01-2026 16:37;
AID_20260105T163649547125Z_3MKYDZ3W6FHP;1;Active;05-01-2026 16:37;
AID_20260105T163649641036Z_N2PQGQTGWBER;1;Active;05-01-2026 16:37;
AID_20260105T163649804890Z_5SVGWN5ESJB2;0;Active;05-01-2026 16:37;
AID_20260105T163649905633Z_52HHZD2F4FDN;0;Active;05-01-2026 16:37;
AID_20260105T163650006712Z_UBWCTVBHL5DN;0;Active;05-01-2026 16:37;
AID_20260105T163650107925Z_FALIOMIVOFGL;0;Active;05-01-2026 16:37;
AID_20260105T163650207782Z_LJP62M42B5AX;1;Active;05-01-2026 16:37;
AID_20260105T163650306491Z_UV725PUVV5C3;1;Active;05-01-2026 16:37;
AID_20260105T163650399215Z_JDELIBJJNBF6;0;Active;05-01-2026 16:37;
AID_20260105T163650494360Z_EGLAY7S5KRAQ;0;Active;05-01-2026 16:37;
AID_20260105T163650593864Z_PZI2C6GLUFB7;0;Active;05-01-2026 16:37;
AID_20260105T163650698772Z_GPWIGV367BCD;1;Active;05-01-2026 16:37;
AID_20260105T163650803965Z_KDZOZ2RU7BGT;0;Active;05-01-2026 16:37;
AID_20260105T163650903219Z_W7NKDREUJZFN;0;Active;05-01-2026 16:37;
AID_20260105T163651001832Z_YSWGYUZFW5EZ;0;Active;05-01-2026 16:37;
AID_20260105T163651171801Z_CTDWQ7N3YFCY;0;Active;05-01-2026 16:37;
AID_20260105T163651273855Z_VDHLEM6HXZC4;0;Active;05-01-2026 16:37;
AID_20260105T163651374606Z_HTVEISZ6JRAZ;1;Active;05-01-2026 16:37;
AID_20260105T163651473038Z_WLLKPZDLGNFT;1;Active;05-01-2026 16:37;
AID_20260105T163651569102Z_57TYY7LD5REL;1;Active;05-01-2026 16:37;
AID_20260105T163651668736Z_OWSIZD2BPFHE;1;Active;05-01-2026 16:37;
AID_20260105T163651765055Z_H2SSS5RE6ZFG;1;Active;05-01-2026 16:37;
AID_20260105T163651868363Z_LOS6CBN6BFHB;0;Active;05-01-2026 16:37;
AID_20260105T163651965664Z_3TGADMKWHJCC;0;Active;05-01-2026 16:37;
AID_20260105T163652061753Z_NTDNDF72VFDZ;1;Active;05-01-2026 16:37;
AID_20260105T163652159024Z_244OACD45RC3;1;Active;05-01-2026 16:37;
AID_20260105T163652257543Z_RDIFDPL2UZA2;1;Active;05-01-2026 16:37;
AID_20260105T163652362305Z_V4CTT7N7QVE3;2;Active;05-01-2026 16:37;
AID_20260105T163652458469Z_4CQPJTZ52FFF;2;Active;05-01-2026 16:37;
AID_20260105T163652556992Z_OFEIKLUWY5DV;2;Active;05-01-2026 16:37;
AID_20260105T163652717236Z_E33V2U3XJVBA;2;Active;05-01-2026 16:37;
AID_20260105T163652815448Z_GCFAS7WSRJBX;2;Active;05-01-2026 16:37;
AID_20260105T163652918102Z_V5WDWAGJHJER;2;Active;05-01-2026 16:37;
AID_20260105T163653015659Z_NH5IXCTWA5E4;2;Active;05-01-2026 16:37;
AID_20260105T163653114899Z_UV4GA5F2P5DP;2;Active;05-01-2026 16:37;
AID_20260105T163653220282Z_7HTV5IMIL5AD;2;Active;05-01-2026 16:37;
AID_20260105T163653318700Z_CYY4WVJJ6NCZ;2;Active;05-01-2026 16:37;
AID_20260105T163653415620Z_BGOSXPKLQNB6;2;Active;05-01-2026 16:37;
AID_20260105T163653516650Z_DFZSMKBVFJGP;2;Active;05-01-2026 16:37;
AID_20260105T163653620913Z_JOSD4FZVPZGN;2;Active;05-01-2026 16:37;
AID_20260105T163653725880Z_ZL2Y4PDJTNA2;2;Active;05-01-2026 16:37;
AID_20260105T163653866002Z_IBUVNDJU4JET;1;Active;05-01-2026 16:37;
AID_20260105T163653964578Z_VV7WK3Y2JFEU;0;Active;05-01-2026 16:37;
AID_20260105T163654066813Z_2YYU3LPOK5DG;0;Active;05-01-2026 16:37;
AID_20260105T163654172820Z_X4CXPWSWCVEO;0;Active;05-01-2026 16:37;
AID_20260105T163654342071Z_T7CVWGWQTJB5;0;Active;05-01-2026 16:37;
AID_20260105T163654448984Z_YHPXXEGA55EK;0;Active;05-01-2026 16:37;
AID_20260105T163654552534Z_WUUIJMLEW5BB;0;Active;05-01-2026 16:37;
AID_20260105T163654654363Z_LZX54GWJOJBE;0;Active;05-01-2026 16:37;
AID_20260105T163654754899Z_I3DEEG6LTJDW;0;Active;05-01-2026 16:37;
AID_20260105T163654860700Z_EZTZKTJ2IRCE;0;Active;05-01-2026 16:37;
AID_20260105T163654962327Z_3YU7EUY7ZNBP;0;Active;05-01-2026 16:37;
AID_20260105T163655062711Z_7BS273BKCNAN;0;Active;05-01-2026 16:37;
AID_20260105T163655175349Z_U3BKPAHAHZDR;0;Active;05-01-2026 16:37;
AID_20260105T163655279472Z_JRCZEXVSFVE4;0;Active;05-01-2026 16:37;
AID_20260105T163655381013Z_SNB3U7KYEZBC;1;Active;05-01-2026 16:37;
AID_20260105T163655482339Z_QGK23QXNIZGN;1;Active;05-01-2026 16:37;
AID_20260105T163655590703Z_HKKKA7RWDBH6;0;Active;05-01-2026 16:37;
AID_20260105T163655697486Z_K5HKKFQJ35D2;0;Active;05-01-2026 16:37;
AID_20260105T163655856407Z_T7MRAEJVDFD2;1;Active;05-01-2026 16:37;
AID_20260105T163655967315Z_F4SOMG4O4FCL;1;Active;05-01-2026 16:37;
AID_20260105T163656080222Z_LJTKKEQNQRHX;2;Active;05-01-2026 16:37;
AID_20260105T163656183258Z_GF7PEMSH5FDL;1;Active;05-01-2026 16:37;
AID_20260105T163656287277Z_WLOTJCEBQZD2;1;Active;05-01-2026 16:37;
AID_20260105T163656393069Z_HGZ4VIEGDREA;1;Active;05-01-2026 16:37;
AID_20260105T163656497971Z_VVDOWNKFWBFU;1;Active;05-01-2026 16:37;
AID_20260105T163656603026Z_VCV6RYRM2RDP;1;Active;05-01-2026 16:37;
AID_20260105T163656705534Z_SJ7QLBQQRNFD;1;Active;05-01-2026 16:37;
AID_20260105T163656869577Z_GM7323T5LJEA;1;Active;05-01-2026 16:37;
AID_20260105T163656983985Z_FG4XZLECJZFR;1;Active;05-01-2026 16:37;
AID_20260105T163657086144Z_F2E75U5V2FHL;1;Active;05-01-2026 16:37;
AID_20260105T163657186116Z_XV4VO2RT5RCW;1;Active;05-01-2026 16:37;
AID_20260105T163657290848Z_77AQIQY3CBGP;1;Active;05-01-2026 16:37;
AID_20260105T163657403662Z_5ONCOSDR6BB6;0;Active;05-01-2026 16:37;
AID_20260105T163657512503Z_QTW6OCYIMJFG;0;Active;05-01-2026 16:37;
AID_20260105T163657627300Z_ZJG7JBFPGJG3;0;Active;05-01-2026 16:37;
AID_20260105T163657735902Z_4QNUVVWPUFA2;0;Active;05-01-2026 16:37;
AID_20260105T163657843049Z_TJWU2YQR45GZ;0;Active;05-01-2026 16:37;
AID_20260105T163657966688Z_W4GGQECV6VHL;0;Active;05-01-2026 16:37;
AID_20260105T163658072244Z_VINAKXXG6ND2;0;Active;05-01-2026 16:37;
AID_20260105T163658176398Z_27ZLP434MRDQ;0;Active;05-01-2026 16:37;
AID_20260105T163658287118Z_5ALXF7CLKZFH;0;Active;05-01-2026 16:37;
AID_20260105T163658461474Z_HJ25RUBVXFCI;0;Active;05-01-2026 16:37;
AID_20260105T163658576409Z_XZUOEGN7WBGW;0;Active;05-01-2026 16:37;
AID_20260105T163658704599Z_BWCI3THUPZEV;0;Active;05-01-2026 16:37;
AID_20260105T163658837943Z_4BUGPDYX4BAV;0;Active;05-01-2026 16:37;
AID_20260105T163658960427Z_RFYRGGU32BFK;0;Active;05-01-2026 16:37;
AID_20260105T163659065550Z_B3BIP6XJNZEI;0;Active;05-01-2026 16:37;
AID_20260105T163659175577Z_5DMCZJV4LZAW;0;Active;05-01-2026 16:37;
AID_20260105T163659297321Z_66JYIPNM6JEX;0;Active;05-01-2026 16:37;
AID_20260105T163659412597Z_B7LY6UT4SJHI;0;Active;05-01-2026 16:37;
AID_20260105T163659523161Z_2T2ANQD4JZH2;0;Active;05-01-2026 16:37;
