SOB_ID;DB_Status;SOB_as_code;SOB_ring;DB_Status_Date_Active;DB_Status_Date_Inactive
SOB_20260105T163218713469Z_AYB2NAC7CVD3;Active;TGB101_10mX4196610000Y2989080000Z0;0;2026-01-05 16:32:23;
SOB_20260105T163218713973Z_WQR6M2QFD5DZ;Active;TGB101_10mX4197470000Y2988800000Z0;0;2026-01-05 16:32:23;
SOB_20260105T163218714194Z_I2CZAB7D4RHJ;Active;TGB101_10mX4196270000Y2989450000Z0;0;2026-01-05 16:32:23;
SOB_20260105T163218714393Z_COC5NG426BGZ;Active;TGB101_10mX4196540000Y2989430000Z0;0;2026-01-05 16:32:23;
SOB_20260105T163218714591Z_W5HUCO6LBBFI;Active;TGB101_10mX4196770000Y2988540000Z0;0;2026-01-05 16:32:23;
SOB_20260105T163218714781Z_NHMUDOY4RVAB;Active;TGB101_10mX4197530000Y2988360000Z0;0;2026-01-05 16:32:23;
SOB_20260105T163218714965Z_2R6H2T2R5NCE;Active;TGB101_10mX4195720000Y2991080000Z0;0;2026-01-05 16:32:23;
SOB_20260105T163218715150Z_VASJUXG4ZVH3;Active;TGB101_10mX4196240000Y2990290000Z0;0;2026-01-05 16:32:23;
SOB_20260105T163218715341Z_2AFCJYUTTBFC;Active;TGB101_10mX4197330000Y2988570000Z0;0;2026-01-05 16:32:23;
SOB_20260105T163218715528Z_O57LDIQUFFD3;Active;TGB101_10mX4199490000Y2989060000Z0;0;2026-01-05 16:32:23;
SOB_20260105T163218715710Z_FGPQMTC7LJDM;Active;TGB101_10mX4191850000Y2978970000Z0;0;2026-01-05 16:32:23;
SOB_20260105T163218715906Z_4WUTZYGNJJFJ;Active;TGB101_10mX4196440000Y2990290000Z0;0;2026-01-05 16:32:23;
SOB_20260105T163218716091Z_63GO5R5UPRBA;Active;TGB101_10mX4197620000Y2987520000Z0;0;2026-01-05 16:32:23;
SOB_20260105T163218716285Z_NHQVUCO5XRAZ;Active;TGB101_10mX4196640000Y2988930000Z0;0;2026-01-05 16:32:23;
SOB_20260105T163218716470Z_YS7UNAVOKBCV;Active;TGB101_10mX4198730000Y2986540000Z0;0;2026-01-05 16:32:23;
SOB_20260105T163218716655Z_6ZB6DLK7RFD7;Active;TGB101_10mX4196730000Y2987760000Z0;0;2026-01-05 16:32:23;
SOB_20260105T163218716843Z_GMF6E64WZRDM;Active;TGB101_10mX4197910000Y2988090000Z0;0;2026-01-05 16:32:23;
SOB_20260105T163218717020Z_IE4IS6SVDRHB;Active;TGB101_10mX4197550000Y2988440000Z0;0;2026-01-05 16:32:23;
SOB_20260105T163218717207Z_WORBSLX5DFH4;Active;TGB101_10mX4197250000Y2988470000Z0;0;2026-01-05 16:32:23;
SOB_20260105T163218717388Z_2ZPSUKPVIZEV;Active;TGB101_10mX4197010000Y2988840000Z0;0;2026-01-05 16:32:23;
SOB_20260105T163218717564Z_OQVVHJDDQZHC;Active;TGB101_10mX4199330000Y2988970000Z0;0;2026-01-05 16:32:23;
SOB_20260105T163218717746Z_WKLD5TTAD5GL;Active;TGB101_10mX4197670000Y2988360000Z0;0;2026-01-05 16:32:23;
SOB_20260105T163218717926Z_6XXS7UVXWZHG;Active;TGB101_10mX4196270000Y2989520000Z0;0;2026-01-05 16:32:23;
SOB_20260105T163218718114Z_HBUYLHNR3JE2;Active;TGB101_10mX4196120000Y2988950000Z0;0;2026-01-05 16:32:23;
SOB_20260105T163218718347Z_SFE3VBX7LNEU;Active;TGB101_10mX4196060000Y2989650000Z0;0;2026-01-05 16:32:23;
SOB_20260105T163218718508Z_ECRYDVMPTFHT;Active;TGB101_10mX4194720000Y2990830000Z0;0;2026-01-05 16:32:23;
SOB_20260105T163218718669Z_USWEWSUI7BBT;Active;TGB101_10mX4196170000Y2989600000Z0;0;2026-01-05 16:32:23;
SOB_20260105T163218718833Z_NNKTBFC5ABA6;Active;TGB101_10mX4195280000Y2988680000Z0;0;2026-01-05 16:32:23;
SOB_20260105T163218719001Z_X3DAA3PLZVG2;Active;TGB101_10mX4196370000Y2989180000Z0;0;2026-01-05 16:32:23;
SOB_20260105T163218719165Z_SGFIXJEPKBEZ;Active;TGB101_10mX4196510000Y2989120000Z0;0;2026-01-05 16:32:23;
SOB_20260105T163218719329Z_QKLAJQHQPZDJ;Active;TGB101_10mX4197130000Y2988880000Z0;0;2026-01-05 16:32:23;
SOB_20260105T163218719495Z_HQNQUSSIYVFL;Active;TGB101_10mX4195220000Y2988390000Z0;0;2026-01-05 16:32:23;
SOB_20260105T163218719661Z_ZLA6ZG3IQNCK;Active;TGB101_10mX4196850000Y2990030000Z0;0;2026-01-05 16:32:23;
SOB_20260105T163218719822Z_PIEXLOBOZND4;Active;TGB101_10mX4190570000Y2988090000Z0;0;2026-01-05 16:32:23;
SOB_20260105T163218719988Z_JMZ5WCG4W5GV;Active;TGB101_10mX4196870000Y2989430000Z0;0;2026-01-05 16:32:23;
SOB_20260105T163218720144Z_V5OM22YJ6JEJ;Active;TGB101_10mX4196630000Y2989220000Z0;0;2026-01-05 16:32:23;
SOB_20260105T163218720292Z_MGIJNNVZARCY;Active;TGB101_10mX4197540000Y2988310000Z0;0;2026-01-05 16:32:23;
SOB_20260105T163218720451Z_FVFQ7ZE5SZBN;Active;TGB101_10mX4196260000Y2989220000Z0;0;2026-01-05 16:32:23;
SOB_20260105T163218720603Z_CWSJOIBUKFCR;Active;TGB101_10mX4195910000Y2989080000Z0;0;2026-01-05 16:32:23;
SOB_20260105T163218720750Z_CC42T2K3LBGU;Active;TGB101_10mX4190190000Y2987300000Z0;0;2026-01-05 16:32:23;
SOB_20260105T163218720902Z_K2NKAWJZ65E2;Active;TGB101_10mX4197530000Y2986460000Z0;0;2026-01-05 16:32:23;
SOB_20260105T163218721052Z_67P3R77AIZEW;Active;TGB101_10mX4197740000Y2987700000Z0;0;2026-01-05 16:32:23;
SOB_20260105T163218721208Z_NQHQU5DBWNDY;Active;TGB101_10mX4195270000Y2986540000Z0;0;2026-01-05 16:32:23;
SOB_20260105T163218721362Z_SXCAGNYQSNDR;Active;TGB101_10mX4194940000Y2990700000Z0;0;2026-01-05 16:32:23;
SOB_20260105T163218721514Z_TT2FVQE6MVED;Active;TGB101_10mX4194730000Y2988530000Z0;0;2026-01-05 16:32:23;
SOB_20260105T163218721666Z_NOVERUIJM5EB;Active;TGB101_10mX4195990000Y2985210000Z0;0;2026-01-05 16:32:23;
SOB_20260105T163218721818Z_6JCJSVZSUVCG;Active;TGB101_10mX4190130000Y2988430000Z0;0;2026-01-05 16:32:23;
SOB_20260105T163218721977Z_6V3ZPBZG5BFI;Active;TGB101_10mX4196290000Y2999770000Z0;0;2026-01-05 16:32:23;
SOB_20260105T163218722126Z_N6NK3NJOMJBW;Active;TGB101_10mX4170450000Y2985730000Z0;0;2026-01-05 16:32:23;
SOB_20260105T163218722274Z_OOQI4543E5G6;Active;TGB101_10mX4198390000Y2986710000Z0;0;2026-01-05 16:32:23;
SOB_20260105T163218722427Z_UFM545447JGZ;Active;TGB101_10mX4196830000Y2988840000Z0;0;2026-01-05 16:32:23;
SOB_20260105T163218722576Z_Y3K7C7SSUJBW;Active;TGB101_10mX4196390000Y2984710000Z0;0;2026-01-05 16:32:23;
SOB_20260105T163218722734Z_JN5FFMXL4NF5;Active;TGB101_10mX4197620000Y2984890000Z0;0;2026-01-05 16:32:23;
SOB_20260105T163218722890Z_Z2QJU6C4LVGU;Active;TGB101_10mX4148050000Y3029940000Z0;0;2026-01-05 16:32:23;
SOB_20260105T163218723043Z_XTBXAOKR4JA5;Active;TGB101_10mX4201910000Y2979690000Z0;0;2026-01-05 16:32:23;
SOB_20260105T163218723196Z_HY345ACIIZBC;Active;TGB101_10mX4199950000Y2984580000Z0;0;2026-01-05 16:32:23;
SOB_20260105T163218723353Z_RHJXNFPISNAA;Active;TGB101_10mX4196780000Y2987130000Z0;0;2026-01-05 16:32:23;
SOB_20260105T163218723511Z_I5O7JP5RGVDW;Active;TGB101_10mX4194160000Y2988650000Z0;0;2026-01-05 16:32:23;
SOB_20260105T163218723676Z_2PWPS6H6E5HS;Active;TGB101_10mX4195720000Y2987560000Z0;0;2026-01-05 16:32:23;
SOB_20260105T163218723838Z_CWTXZNLP45DX;Active;TGB101_10mX4193950000Y2985360000Z0;0;2026-01-05 16:32:23;
SOB_20260105T163218723988Z_QFI3ZPTGWJF2;Active;TGB101_10mX4192940000Y2990030000Z0;0;2026-01-05 16:32:23;
SOB_20260105T163218724137Z_4WJNSUDSRZDQ;Active;TGB101_10mX4196910000Y2978420000Z0;0;2026-01-05 16:32:23;
SOB_20260105T163218724298Z_DC5IBIKNF5C7;Active;TGB101_10mX4196380000Y2989470000Z0;0;2026-01-05 16:32:23;
SOB_20260105T163218724452Z_ZMPYP74GJJE2;Active;TGB101_10mX4196450000Y2989920000Z0;0;2026-01-05 16:32:23;
SOB_20260105T163218724605Z_3V2J6RGZYRCB;Active;TGB101_10mX4199510000Y2981140000Z0;0;2026-01-05 16:32:23;
SOB_20260105T163218724768Z_U5PWFSOWSRG4;Active;TGB101_10mX4196840000Y2985260000Z0;0;2026-01-05 16:32:23;
SOB_20260105T163218724923Z_E2NRLOQQCVBK;Active;TGB101_10mX4194860000Y2987410000Z0;0;2026-01-05 16:32:23;
SOB_20260105T163218725086Z_FOPBE2ZQJVHB;Active;TGB101_10mX4194960000Y2991190000Z0;0;2026-01-05 16:32:23;
SOB_20260105T163218725234Z_NLGGM5GLSRCT;Active;TGB101_10mX4194920000Y2989960000Z0;0;2026-01-05 16:32:23;
SOB_20260105T163218725386Z_ZPLGV7ESHJAS;Active;TGB101_10mX4196870000Y2988890000Z0;0;2026-01-05 16:32:23;
SOB_20260105T163218725539Z_65AV4R55HJAE;Active;TGB101_10mX4196510000Y2989000000Z0;0;2026-01-05 16:32:23;
SOB_20260105T163218725688Z_2UGFYK4BOBH3;Active;TGB101_10mX4197540000Y2988210000Z0;0;2026-01-05 16:32:23;
SOB_20260105T163218725848Z_CQFXVM43KRFG;Active;TGB101_10mX4196960000Y2989310000Z0;0;2026-01-05 16:32:23;
SOB_20260105T163218725997Z_T2CLUXM34FFJ;Active;TGB101_10mX4197270000Y2989270000Z0;0;2026-01-05 16:32:23;
SOB_20260105T163218726151Z_NQJYUG2SDJDD;Active;TGB101_10mX4197500000Y2988300000Z0;0;2026-01-05 16:32:23;
SOB_20260105T163218726305Z_OH5WEMYIEJFG;Active;TGB101_10mX4196320000Y2990270000Z0;0;2026-01-05 16:32:23;
SOB_20260105T163218726455Z_XDMNUCY3NJG6;Active;TGB101_10mX4195340000Y2990390000Z0;0;2026-01-05 16:32:23;
SOB_20260105T163218726616Z_ESKKL7GQMNA7;Active;TGB101_10mX4186360000Y2980060000Z0;0;2026-01-05 16:32:23;
SOB_20260105T163218726770Z_UPSOEVQHTBG3;Active;TGB101_10mX4192450000Y2988930000Z0;0;2026-01-05 16:32:23;
SOB_20260105T163218726920Z_MVR4SFUS6VAN;Active;TGB101_10mX4192250000Y2989160000Z0;0;2026-01-05 16:32:23;
SOB_20260105T163218727069Z_GSFIDBZPHRDG;Active;TGB101_10mX4194590000Y2988660000Z0;0;2026-01-05 16:32:23;
SOB_20260105T163218727239Z_5XOCWS2MLNH3;Active;TGB101_10mX4194610000Y2988620000Z0;0;2026-01-05 16:32:23;
SOB_20260105T163218727553Z_ALZ6GKFZ2RFV;Active;TGB101_10mX4198380000Y2986320000Z0;0;2026-01-05 16:32:23;
SOB_20260105T163218727786Z_RODP7TZT45HC;Active;TGB101_10mX4194010000Y2990090000Z0;0;2026-01-05 16:32:23;
SOB_20260105T163218728008Z_DSQEIRYFVJHE;Active;TGB101_10mX4194020000Y2990130000Z0;0;2026-01-05 16:32:23;
SOB_20260105T163218728232Z_7BLTD2NFUFAP;Active;TGB101_10mX4198750000Y2989870000Z0;0;2026-01-05 16:32:23;
SOB_20260105T163218728495Z_CQYKZYR6XREB;Active;TGB101_10mX4190330000Y2988230000Z0;0;2026-01-05 16:32:23;
SOB_20260105T163218728757Z_AJEIQQ73IJAZ;Active;TGB101_10mX4201030000Y2979720000Z0;0;2026-01-05 16:32:23;
SOB_20260105T163218728995Z_GMBSIIPXQNHE;Active;TGB101_10mX4196210000Y2997210000Z0;0;2026-01-05 16:32:23;
SOB_20260105T163218729190Z_VIYFJQ6FRNDX;Active;TGB101_10mX4198770000Y2989910000Z0;0;2026-01-05 16:32:23;
SOB_20260105T163218729348Z_RWM4ZISYJZHA;Active;TGB101_10mX4195740000Y2987710000Z0;0;2026-01-05 16:32:23;
SOB_20260105T163218729504Z_BWNJSFEZORD5;Active;TGB101_10mX4195130000Y2986610000Z0;0;2026-01-05 16:32:23;
SOB_20260105T163218729650Z_56KSOBMZIVDC;Active;TGB101_10mX4195370000Y2987140000Z0;0;2026-01-05 16:32:23;
SOB_20260105T163218729799Z_XJH2P3ENFFDC;Active;TGB101_10mX4181180000Y2968030000Z0;0;2026-01-05 16:32:23;
SOB_20260105T163218729946Z_UH2EOJPBINF6;Active;TGB101_10mX4195290000Y2988800000Z0;0;2026-01-05 16:32:23;
SOB_20260105T163218730090Z_ZO5QULZFBREH;Active;TGB101_10mX4194510000Y2988540000Z0;0;2026-01-05 16:32:23;
SOB_20260105T163218730243Z_MFPN53BPMZEB;Active;TGB101_10mX4194650000Y2991510000Z0;0;2026-01-05 16:32:23;
SOB_20260105T163218730385Z_JIP73DHQ4RBH;Active;TGB101_10mX4185670000Y2988790000Z0;0;2026-01-05 16:32:23;
SOB_20260105T163218730530Z_CFEAAR4KXFFK;Active;TGB101_10mX4199330000Y2989010000Z0;0;2026-01-05 16:32:23;
SOB_20260105T163218730676Z_RCWJPW62SZB6;Active;TGB101_10mX4194440000Y2989170000Z0;0;2026-01-05 16:32:23;
SOB_20260105T163218730817Z_I2MP5FVZLBD2;Active;TGB101_10mX4193180000Y2988720000Z0;0;2026-01-05 16:32:23;
SOB_20260105T163218730967Z_TKQYB7Q7IBFJ;Active;TGB101_10mX4192020000Y2988970000Z0;0;2026-01-05 16:32:23;
SOB_20260105T163218731109Z_UKCOKMZEKRFC;Active;TGB101_10mX4191680000Y2986440000Z0;0;2026-01-05 16:32:23;
SOB_20260105T163218731254Z_DU7ZRQVDZJB3;Active;TGB101_10mX4195070000Y2986930000Z0;0;2026-01-05 16:32:23;
SOB_20260105T163218731398Z_DQ4736WODJBT;Active;TGB101_10mX4194820000Y2979380000Z0;0;2026-01-05 16:32:23;
SOB_20260105T163218731539Z_PPU767CHLJF4;Active;TGB101_10mX4194850000Y2987120000Z0;0;2026-01-05 16:32:23;
SOB_20260105T163218731687Z_ZUMT4WZQDRH5;Active;TGB101_10mX4196890000Y2989810000Z0;0;2026-01-05 16:32:23;
SOB_20260105T163218731835Z_PWJ6FI4WNBGZ;Active;TGB101_10mX4199790000Y2980850000Z0;0;2026-01-05 16:32:23;
SOB_20260105T163218731976Z_RX2GXAQMMRH6;Active;TGB101_10mX4195130000Y2990200000Z0;0;2026-01-05 16:32:23;
SOB_20260105T163218732129Z_JRFNDJDBONAF;Active;TGB101_10mX4197460000Y2988920000Z0;0;2026-01-05 16:32:23;
SOB_20260105T163218732283Z_LH2FVW6HE5BN;Active;TGB101_10mX4197290000Y2988560000Z0;0;2026-01-05 16:32:23;
SOB_20260105T163218732426Z_Q64ZEXDDGNG2;Active;TGB101_10mX4195050000Y2979430000Z0;0;2026-01-05 16:32:23;
SOB_20260105T163218732567Z_L7QGESIAUZEH;Active;TGB101_10mX4196500000Y2988770000Z0;0;2026-01-05 16:32:23;
SOB_20260105T163218732712Z_MNO54FR4YBER;Active;TGB101_10mX4199290000Y2987010000Z0;0;2026-01-05 16:32:23;
SOB_20260105T163218732854Z_BIS4PI4TL5HQ;Active;TGB101_10mX4197420000Y2988430000Z0;0;2026-01-05 16:32:23;
SOB_20260105T163218733008Z_Z3CQAGUXO5DI;Active;TGB101_10mX4197080000Y2989100000Z0;0;2026-01-05 16:32:23;
SOB_20260105T163218733150Z_4HQZZQET6BD5;Active;TGB101_10mX4194220000Y2999220000Z0;0;2026-01-05 16:32:23;
SOB_20260105T163218733295Z_76Q67EKIPZDS;Active;TGB101_10mX4196800000Y2989610000Z0;0;2026-01-05 16:32:23;
SOB_20260105T163218733441Z_QMTJJ4U2MFBU;Active;TGB101_10mX4195560000Y2990440000Z0;0;2026-01-05 16:32:23;
SOB_20260105T163218733584Z_G7KWJ3SOS5HI;Active;TGB101_10mX4196090000Y2989600000Z0;0;2026-01-05 16:32:23;
SOB_20260105T163218733734Z_H233JVTSQ5HO;Active;TGB101_10mX4196560000Y2989130000Z0;0;2026-01-05 16:32:23;
SOB_20260105T163218733876Z_DIDRSOI7NNE3;Active;TGB101_10mX4198940000Y2987390000Z0;0;2026-01-05 16:32:23;
SOB_20260105T163218734014Z_M4PV7USN2FA2;Active;TGB101_10mX4196440000Y2990290000Z0;0;2026-01-05 16:32:23;
SOB_20260105T163218734161Z_J6MIUMXL7ZE5;Active;TGB101_10mX4196910000Y2988790000Z0;0;2026-01-05 16:32:23;
SOB_20260105T163218734301Z_WVINEP75UNGF;Active;TGB101_10mX4197310000Y2988460000Z0;0;2026-01-05 16:32:23;
SOB_20260105T163218734448Z_3JZIL3AEDFFJ;Active;TGB101_10mX4196180000Y2989230000Z0;0;2026-01-05 16:32:23;
SOB_20260105T163218734588Z_XUW5WFSK3VG2;Active;TGB101_10mX4196550000Y2988880000Z0;0;2026-01-05 16:32:23;
SOB_20260105T163218734727Z_63VHB2EIMRD2;Active;TGB101_10mX4196480000Y2989330000Z0;0;2026-01-05 16:32:23;
SOB_20260105T163218734869Z_IEZ3T76RLVGF;Active;TGB101_10mX4195100000Y2997980000Z0;0;2026-01-05 16:32:23;
SOB_20260105T163218735022Z_JATC2KQPOVHI;Active;TGB101_10mX4171270000Y2984260000Z0;0;2026-01-05 16:32:23;
SOB_20260105T163218735170Z_WMMXWGJ3KVGK;Active;TGB101_10mX4195270000Y2986820000Z0;0;2026-01-05 16:32:23;
SOB_20260105T163218735313Z_OC7QFG562FGD;Active;TGB101_10mX4192470000Y2989030000Z0;0;2026-01-05 16:32:23;
SOB_20260105T163218735455Z_RWWHB4I7RJGK;Active;TGB101_10mX4190250000Y2987970000Z0;0;2026-01-05 16:32:23;
SOB_20260105T163218735596Z_QXHQO55NURCY;Active;TGB101_10mX4190430000Y2987350000Z0;0;2026-01-05 16:32:23;
SOB_20260105T163218735737Z_XTYZ3N36YJFL;Active;TGB101_10mX4190740000Y2988460000Z0;0;2026-01-05 16:32:23;
SOB_20260105T163218735887Z_NKKR2HUG4JDZ;Active;TGB101_10mX4189530000Y2987260000Z0;0;2026-01-05 16:32:23;
SOB_20260105T163218736031Z_OYLZBSY7DFGT;Active;TGB101_10mX4192430000Y2989050000Z0;0;2026-01-05 16:32:23;
SOB_20260105T163218736172Z_GX3FCUBIMJGN;Active;TGB101_10mX4197340000Y2979400000Z0;0;2026-01-05 16:32:23;
SOB_20260105T163218736314Z_XH5HYEFR3BES;Active;TGB101_10mX4199710000Y2989030000Z0;0;2026-01-05 16:32:23;
SOB_20260105T163218736459Z_WXIMS7PTOFDQ;Active;TGB101_10mX4197460000Y2984900000Z0;0;2026-01-05 16:32:23;
SOB_20260105T163218736607Z_RJLBFXZUR5GL;Active;TGB101_10mX4196720000Y2989440000Z0;0;2026-01-05 16:32:23;
SOB_20260105T163218736751Z_MW7OPTD2BNCA;Active;TGB101_10mX4196890000Y2988690000Z0;0;2026-01-05 16:32:23;
SOB_20260105T163218736897Z_SB5U4KPRCFDP;Active;TGB101_10mX4197250000Y2989020000Z0;0;2026-01-05 16:32:23;
SOB_20260105T163218737037Z_UKYRKP3BVFFN;Active;TGB101_10mX4197720000Y2988430000Z0;0;2026-01-05 16:32:23;
SOB_20260105T163218737179Z_ZOWYZZNFABHX;Active;TGB101_10mX4197420000Y2988480000Z0;0;2026-01-05 16:32:23;
SOB_20260105T163218737331Z_NHSQPUNEYZA5;Active;TGB101_10mX4197590000Y2988440000Z0;0;2026-01-05 16:32:23;
SOB_20260105T163218737472Z_HNON2UFFQZAP;Active;TGB101_10mX4194010000Y2992030000Z0;0;2026-01-05 16:32:23;
SOB_20260105T163218737613Z_OCIJKOP4RNEO;Active;TGB101_10mX4195060000Y2990320000Z0;0;2026-01-05 16:32:23;
SOB_20260105T163218737757Z_BRY3U4U4BJDI;Active;TGB101_10mX4190630000Y2988330000Z0;0;2026-01-05 16:32:23;
SOB_20260105T163218737916Z_7QYCQDX2ANAW;Active;TGB101_10mX4194490000Y2991390000Z0;0;2026-01-05 16:32:23;
SOB_20260105T163218738056Z_SPRZ7FFYS5AL;Active;TGB101_10mX4196190000Y2989670000Z0;0;2026-01-05 16:32:23;
SOB_20260105T163218738197Z_GW7E4QRWJVAN;Active;TGB101_10mX4192570000Y2989360000Z0;0;2026-01-05 16:32:23;
SOB_20260105T163218738336Z_SBZL5MM2ZRBX;Active;TGB101_10mX4197520000Y3001550000Z0;0;2026-01-05 16:32:23;
SOB_20260105T163218738477Z_MGPIDLYZQJGN;Active;TGB101_10mX4196810000Y2989960000Z0;0;2026-01-05 16:32:23;
SOB_20260105T163218738627Z_KENKV6KH3JHM;Active;TGB101_10mX4190530000Y2987930000Z0;0;2026-01-05 16:32:23;
SOB_20260105T163218738768Z_KYNAFEZQJFGQ;Active;TGB101_10mX4196480000Y2989330000Z0;0;2026-01-05 16:32:23;
SOB_20260105T163218738910Z_FOXTXLV3FRH3;Active;TGB101_10mX4196510000Y2989710000Z0;0;2026-01-05 16:32:23;
SOB_20260105T163218739047Z_45UBE2ITRBEE;Active;TGB101_10mX4196010000Y2989650000Z0;0;2026-01-05 16:32:23;
SOB_20260105T163218739193Z_PUSHJ5DV4ZDL;Active;TGB101_10mX4195310000Y2990520000Z0;0;2026-01-05 16:32:23;
SOB_20260105T163218739341Z_6S6OAEWV7RH4;Active;TGB101_10mX4190710000Y2988440000Z0;0;2026-01-05 16:32:23;
SOB_20260105T163218739484Z_5R2AWPWORVFX;Active;TGB101_10mX4196380000Y2989120000Z0;0;2026-01-05 16:32:23;
SOB_20260105T163218739629Z_CTMAHPK23NG2;Active;TGB101_10mX4193530000Y2991480000Z0;0;2026-01-05 16:32:23;
SOB_20260105T163218739773Z_3PHC4JIUXFBQ;Active;TGB101_10mX4194040000Y2985550000Z0;0;2026-01-05 16:32:23;
SOB_20260105T163218739915Z_ZPJQNKJSZNFV;Active;TGB101_10mX4209860000Y2987770000Z0;0;2026-01-05 16:32:23;
SOB_20260105T163218740068Z_RMXMEUM72RHG;Active;TGB101_10mX4193450000Y2991950000Z0;0;2026-01-05 16:32:23;
SOB_20260105T163218740211Z_I43SBKT5HZBI;Active;TGB101_10mX4196680000Y2983870000Z0;0;2026-01-05 16:32:23;
SOB_20260105T163218740356Z_N3NXB24Q5ZDW;Active;TGB101_10mX4194710000Y2987390000Z0;0;2026-01-05 16:32:23;
SOB_20260105T163218740501Z_UC4IKZBTQ5EA;Active;TGB101_10mX4194500000Y2986350000Z0;0;2026-01-05 16:32:23;
SOB_20260105T163218740645Z_BYUF35664FFA;Active;TGB101_10mX4197500000Y2984920000Z0;0;2026-01-05 16:32:23;
SOB_20260105T163218740795Z_DEMAAIFGG5HZ;Active;TGB101_10mX4199890000Y2984620000Z0;0;2026-01-05 16:32:23;
SOB_20260105T163218740940Z_REPDNX5LIBFN;Active;TGB101_10mX4181320000Y2986530000Z0;0;2026-01-05 16:32:23;
SOB_20260105T163218741089Z_SEGAKLQODNEI;Active;TGB101_10mX4195910000Y2989200000Z0;0;2026-01-05 16:32:23;
SOB_20260105T163218741229Z_I5U6LKVEV5FZ;Active;TGB101_10mX4194350000Y2989100000Z0;0;2026-01-05 16:32:23;
SOB_20260105T163218741384Z_X44DULTEXVFF;Active;TGB101_10mX4196720000Y2989040000Z0;0;2026-01-05 16:32:23;
SOB_20260105T163218741533Z_RQCMC42XYNEZ;Active;TGB101_10mX4193370000Y2989720000Z0;0;2026-01-05 16:32:23;
SOB_20260105T163218741676Z_GX7KWL3S3JCP;Active;TGB101_10mX4196500000Y2989950000Z0;0;2026-01-05 16:32:23;
SOB_20260105T163218741818Z_LI3FWNTWXJCR;Active;TGB101_10mX4196090000Y2990280000Z0;0;2026-01-05 16:32:23;
SOB_20260105T163218741960Z_YCMOHGKHN5CX;Active;TGB101_10mX4195930000Y2989730000Z0;0;2026-01-05 16:32:23;
SOB_20260105T163218742098Z_AK3XEASCUZE3;Active;TGB101_10mX4196230000Y2989480000Z0;0;2026-01-05 16:32:23;
SOB_20260105T163218742246Z_RQLZCIRG65BZ;Active;TGB101_10mX4196410000Y2989260000Z0;0;2026-01-05 16:32:23;
SOB_20260105T163218742396Z_R3HTMBRKRBHR;Active;TGB101_10mX4196810000Y2990000000Z0;0;2026-01-05 16:32:23;
SOB_20260105T163218742538Z_ZGRZCDYI6RFA;Active;TGB101_10mX4197120000Y2989030000Z0;0;2026-01-05 16:32:23;
SOB_20260105T163218742680Z_ELSPYT37KFDJ;Active;TGB101_10mX4195060000Y2985670000Z0;0;2026-01-05 16:32:23;
SOB_20260105T163218742826Z_PFRM5RVSONH6;Active;TGB101_10mX4192560000Y2988930000Z0;0;2026-01-05 16:32:23;
SOB_20260105T163218742977Z_QNXZRQ2I6VAA;Active;TGB101_10mX4196490000Y2989150000Z0;0;2026-01-05 16:32:23;
SOB_20260105T163218743217Z_ILWEFJ6ZXVCW;Active;TGB101_10mX4196570000Y2989080000Z0;0;2026-01-05 16:32:23;
SOB_20260105T163218743374Z_Z53OOXCGGNH7;Active;TGB101_10mX4196740000Y2988750000Z0;0;2026-01-05 16:32:23;
SOB_20260105T163218743520Z_V5ZVA4KE7ZFL;Active;TGB101_10mX4197230000Y2988560000Z0;0;2026-01-05 16:32:23;
SOB_20260105T163218743666Z_T4MUMSUY5RH2;Active;TGB101_10mX4197420000Y2988480000Z0;0;2026-01-05 16:32:23;
SOB_20260105T163218743815Z_PTHU3GZ6CZAO;Active;TGB101_10mX4197370000Y2988410000Z0;0;2026-01-05 16:32:23;
SOB_20260105T163218743961Z_H3PXGYOC4JDH;Active;TGB101_10mX4197010000Y2988860000Z0;0;2026-01-05 16:32:23;
SOB_20260105T163218744103Z_AKXFQMJ2PNG6;Active;TGB101_10mX4197580000Y2988790000Z0;0;2026-01-05 16:32:23;
SOB_20260105T163218744267Z_22YU76RU6JD5;Active;TGB101_10mX4196730000Y2989270000Z0;0;2026-01-05 16:32:23;
SOB_20260105T163218744416Z_BTYOA54GDBA6;Active;TGB101_10mX4196610000Y2989190000Z0;0;2026-01-05 16:32:23;
SOB_20260105T163218744565Z_GVL63R6VL5FZ;Active;TGB101_10mX4169940000Y2986200000Z0;0;2026-01-05 16:32:23;
SOB_20260105T163218744708Z_S7CWAXDRCNAT;Active;TGB101_10mX4196740000Y2989160000Z0;0;2026-01-05 16:32:23;
SOB_20260105T163218744852Z_CKW3TGCKRZBQ;Active;TGB101_10mX4192710000Y2989410000Z0;0;2026-01-05 16:32:23;
SOB_20260105T163218744995Z_K55O6QSFIBCV;Active;TGB101_10mX4195680000Y2987710000Z0;0;2026-01-05 16:32:23;
SOB_20260105T163218745178Z_XT3EM6QY5VAI;Active;TGB101_10mX4190210000Y2987930000Z0;0;2026-01-05 16:32:23;
SOB_20260105T163218745323Z_T3DZZLTT6VGQ;Active;TGB101_10mX4197590000Y2987290000Z0;0;2026-01-05 16:32:23;
SOB_20260105T163218745467Z_TXYGQ6FDYVEH;Active;TGB101_10mX4181720000Y2985750000Z0;0;2026-01-05 16:32:23;
SOB_20260105T163218745619Z_NUNEYZBW4ZFZ;Active;TGB101_10mX4197500000Y2988690000Z0;0;2026-01-05 16:32:23;
SOB_20260105T163218745763Z_HDN2GRFTMBGM;Active;TGB101_10mX4196440000Y2989090000Z0;0;2026-01-05 16:32:23;
SOB_20260105T163218745910Z_NUWWUG2AXNDZ;Active;TGB101_10mX4196760000Y2989350000Z0;0;2026-01-05 16:32:23;
SOB_20260105T163218746051Z_QMFBA5ERHBD6;Active;TGB101_10mX4197210000Y2988990000Z0;0;2026-01-05 16:32:23;
SOB_20260105T163218746197Z_S62JMINXOVH3;Active;TGB101_10mX4192970000Y2989130000Z0;0;2026-01-05 16:32:23;
SOB_20260105T163218746341Z_2W4CW2GIPFEL;Active;TGB101_10mX4196690000Y2989070000Z0;0;2026-01-05 16:32:23;
SOB_20260105T163218746481Z_SFJU7DR2EBGR;Active;TGB101_10mX4198090000Y2989930000Z0;0;2026-01-05 16:32:23;
SOB_20260105T163218746630Z_FFHHY4GWJVHO;Active;TGB101_10mX4196670000Y2989140000Z0;0;2026-01-05 16:32:23;
SOB_20260105T163218746775Z_YVTCWQDEQRBL;Active;TGB101_10mX4196550000Y2989110000Z0;0;2026-01-05 16:32:23;
SOB_20260105T163218746924Z_77YT3A2SQRFT;Active;TGB101_10mX4196750000Y2988880000Z0;0;2026-01-05 16:32:23;
SOB_20260105T163218747063Z_QZI4B34MQVHZ;Active;TGB101_10mX4194900000Y2997720000Z0;0;2026-01-05 16:32:23;
SOB_20260105T163218747206Z_RL24HXIKWRGK;Active;TGB101_10mX4196440000Y2989070000Z0;0;2026-01-05 16:32:23;
SOB_20260105T163218747665Z_NPTCBHZYMFEM;Active;TGB101_10mX4197410000Y2988890000Z0;0;2026-01-05 16:32:23;
SOB_20260105T163218748373Z_OCE5VRWOVNDW;Active;TGB101_10mX4197150000Y2989020000Z0;0;2026-01-05 16:32:23;
SOB_20260105T163218748905Z_FJ7QAQKWYFFA;Active;TGB101_10mX4196760000Y2988610000Z0;0;2026-01-05 16:32:23;
SOB_20260105T163218749556Z_ORZ4Q5XW4NG6;Active;TGB101_10mX4197360000Y2988560000Z0;0;2026-01-05 16:32:23;
SOB_20260105T163218749875Z_6BFUZFKAO5AX;Active;TGB101_10mX4195670000Y2989950000Z0;0;2026-01-05 16:32:23;
SOB_20260105T163218750115Z_GVCDTMPKB5AY;Active;TGB101_10mX4197870000Y2989870000Z0;0;2026-01-05 16:32:23;
SOB_20260105T163218750331Z_KGUZQVRU3RA7;Active;TGB101_10mX4197460000Y2988920000Z0;0;2026-01-05 16:32:23;
SOB_20260105T163218750544Z_ZS2WOLPC2RHT;Active;TGB101_10mX4196810000Y2989120000Z0;0;2026-01-05 16:32:23;
SOB_20260105T163218750759Z_EV3ES7ONFFB6;Active;TGB101_10mX4196610000Y2989340000Z0;0;2026-01-05 16:32:23;
SOB_20260105T163218750963Z_K3AKL5RHFFF3;Active;TGB101_10mX4192240000Y2989100000Z0;0;2026-01-05 16:32:23;
SOB_20260105T163218751173Z_22TWMCS7OZFP;Active;TGB101_10mX4198080000Y2989940000Z0;0;2026-01-05 16:32:23;
SOB_20260105T163218751387Z_ULYINYX5TJAZ;Active;TGB101_10mX4197190000Y2989000000Z0;0;2026-01-05 16:32:23;
SOB_20260105T163218751618Z_RMFZ2HOSCVCH;Active;TGB101_10mX4197540000Y2988720000Z0;0;2026-01-05 16:32:23;
SOB_20260105T163218751851Z_M6CNQMT45FGW;Active;TGB101_10mX4196710000Y2989060000Z0;0;2026-01-05 16:32:23;
SOB_20260105T163218752078Z_CJQSWAIEEVFA;Active;TGB101_10mX4196490000Y2989130000Z0;0;2026-01-05 16:32:23;
SOB_20260105T163218752323Z_GVVEJ374RVH2;Active;TGB101_10mX4196910000Y2988980000Z0;0;2026-01-05 16:32:23;
SOB_20260105T163218752547Z_7KQD3HE42BGV;Active;TGB101_10mX4197150000Y2989020000Z0;0;2026-01-05 16:32:23;
SOB_20260105T163218752766Z_GWLHICWIOVHL;Active;TGB101_10mX4197440000Y2988980000Z0;0;2026-01-05 16:32:23;
SOB_20260105T163218753004Z_3U5NVC4VG5CQ;Active;TGB101_10mX4197370000Y2988550000Z0;0;2026-01-05 16:32:23;
SOB_20260105T163218753237Z_PFQJUENGNZAJ;Active;TGB101_10mX4195690000Y2990060000Z0;0;2026-01-05 16:32:23;
SOB_20260105T163218753512Z_NQBRB5QA4BHE;Active;TGB101_10mX4195070000Y2986930000Z0;0;2026-01-05 16:32:23;
SOB_20260105T163218753755Z_FSWXY5JESFDD;Active;TGB101_10mX4197480000Y2988870000Z0;0;2026-01-05 16:32:23;
SOB_20260105T163218753988Z_5D4FRKA4LVBQ;Active;TGB101_10mX4196750000Y2989170000Z0;0;2026-01-05 16:32:23;
SOB_20260105T163218754225Z_M4ZZBUAWM5CQ;Active;TGB101_10mX4196580000Y2989290000Z0;0;2026-01-05 16:32:23;
SOB_20260105T163218754475Z_EOXFLJ4GNBEV;Active;TGB101_10mX4192250000Y2989050000Z0;0;2026-01-05 16:32:23;
SOB_20260105T163218754700Z_KQR5SSB3WVCX;Active;TGB101_10mX4198080000Y2989940000Z0;0;2026-01-05 16:32:23;
SOB_20260105T163218754924Z_5HYNB2VTHRBF;Active;TGB101_10mX4197150000Y2989020000Z0;0;2026-01-05 16:32:23;
SOB_20260105T163218755153Z_3GJGPGCAL5CT;Active;TGB101_10mX4197300000Y2989340000Z0;0;2026-01-05 16:32:23;
SOB_20260105T163218755385Z_WJ4E6AZWIRHF;Active;TGB101_10mX4196740000Y2989070000Z0;0;2026-01-05 16:32:23;
SOB_20260105T163218755622Z_I5E3ELXIQRAM;Active;TGB101_10mX4175260000Y2987600000Z0;0;2026-01-05 16:32:23;
SOB_20260105T163218755854Z_LZB6PP2DLZEL;Active;TGB101_10mX4197410000Y2988450000Z0;0;2026-01-05 16:32:23;
SOB_20260105T163218756082Z_T5MN3NDTHJC6;Active;TGB101_10mX4197150000Y2989020000Z0;0;2026-01-05 16:32:23;
SOB_20260105T163218756313Z_VGFAPZOH45H2;Active;TGB101_10mX4194970000Y2986960000Z0;0;2026-01-05 16:32:23;
SOB_20260105T163218756544Z_RYHLS7LGIBGQ;Active;TGB101_10mX4197350000Y2988560000Z0;0;2026-01-05 16:32:23;
SOB_20260105T163218756787Z_BEQG3UP2VRGS;Active;TGB101_10mX4195620000Y2990080000Z0;0;2026-01-05 16:32:23;
SOB_20260105T163218757019Z_LPHJPPCPNRCR;Active;TGB101_10mX4197830000Y2989930000Z0;0;2026-01-05 16:32:23;
SOB_20260105T163218757253Z_2B7S3JMDW5EB;Active;TGB101_10mX4197520000Y2988970000Z0;0;2026-01-05 16:32:23;
SOB_20260105T163218757496Z_Y5BO7YCRARFV;Active;TGB101_10mX4196740000Y2989160000Z0;0;2026-01-05 16:32:23;
SOB_20260105T163218757716Z_5PUHI2ZZZ5CG;Active;TGB101_10mX4196690000Y2989290000Z0;0;2026-01-05 16:32:23;
SOB_20260105T163218757930Z_TPZ5OK33DBCE;Active;TGB101_10mX4192270000Y2989060000Z0;0;2026-01-05 16:32:23;
SOB_20260105T163218758170Z_YPFLM63SYZDK;Active;TGB101_10mX4198080000Y2989940000Z0;0;2026-01-05 16:32:23;
SOB_20260105T163218758378Z_AW2F5TZQBZEN;Active;TGB101_10mX4197260000Y2989020000Z0;0;2026-01-05 16:32:23;
SOB_20260105T163218758593Z_LUSUQ6MLAJGL;Active;TGB101_10mX4197500000Y2988810000Z0;0;2026-01-05 16:32:23;
SOB_20260105T163218758802Z_BP5SUGMVUZHM;Active;TGB101_10mX4196690000Y2989050000Z0;0;2026-01-05 16:32:23;
SOB_20260105T163218759013Z_OXJJUA6CJJB3;Active;TGB101_10mX4175350000Y2987570000Z0;0;2026-01-05 16:32:23;
SOB_20260105T163218759235Z_H45JVJQ7TNGS;Active;TGB101_10mX4196990000Y2985610000Z0;0;2026-01-05 16:32:23;
SOB_20260105T163218759439Z_GMUVBPC7OFHW;Active;TGB101_10mX4197150000Y2989020000Z0;0;2026-01-05 16:32:23;
SOB_20260105T163218759640Z_HTTQHMQ3RFFY;Active;TGB101_10mX4196620000Y2988460000Z0;0;2026-01-05 16:32:23;
SOB_20260105T163218759836Z_KJTWGQKYRNB6;Active;TGB101_10mX4197340000Y2988580000Z0;0;2026-01-05 16:32:23;
SOB_20260105T163218760036Z_3U4MFQY5S5ES;Active;TGB101_10mX4195620000Y2990080000Z0;0;2026-01-05 16:32:23;
SOB_20260105T163218760235Z_XVG5G3CIAND6;Active;TGB101_10mX4195080000Y2986970000Z0;0;2026-01-05 16:32:23;
SOB_20260105T163218760432Z_RP7ZKVBCPFET;Active;TGB101_10mX4197460000Y2988920000Z0;0;2026-01-05 16:32:23;
SOB_20260105T163218760609Z_5H7KPXI7NBAI;Active;TGB101_10mX4196740000Y2989160000Z0;0;2026-01-05 16:32:23;
SOB_20260105T163218760766Z_ZFJKJAJUTZBG;Active;TGB101_10mX4196610000Y2989340000Z0;0;2026-01-05 16:32:23;
SOB_20260105T163218760919Z_LDILQSF3QFFK;Active;TGB101_10mX4192280000Y2989030000Z0;0;2026-01-05 16:32:23;
SOB_20260105T163218761070Z_ZT4T6W3CDBDY;Active;TGB101_10mX4198080000Y2989940000Z0;0;2026-01-05 16:32:23;
SOB_20260105T163218761245Z_3MPNH3PCAVEV;Active;TGB101_10mX4197150000Y2989020000Z0;0;2026-01-05 16:32:23;
SOB_20260105T163218761411Z_RXGJWOTZYFFD;Active;TGB101_10mX4197480000Y2988840000Z0;0;2026-01-05 16:32:23;
SOB_20260105T163218761562Z_CPVQSVP6RJB3;Active;TGB101_10mX4196740000Y2989030000Z0;0;2026-01-05 16:32:23;
SOB_20260105T163218761720Z_2ELDRDMLJRDY;Active;TGB101_10mX4175260000Y2987600000Z0;0;2026-01-05 16:32:23;
SOB_20260105T163218761869Z_K7JYDOF6Y5EG;Active;TGB101_10mX4194290000Y2984890000Z0;0;2026-01-05 16:32:23;
SOB_20260105T163218762015Z_TBNMTNTBSVE6;Active;TGB101_10mX4197150000Y2989020000Z0;0;2026-01-05 16:32:23;
SOB_20260105T163218762162Z_IEHFL5BEMJFV;Active;TGB101_10mX4195520000Y2979850000Z0;0;2026-01-05 16:32:23;
SOB_20260105T163218762307Z_7OPDA4GXVFGV;Active;TGB101_10mX4197330000Y2988590000Z0;0;2026-01-05 16:32:23;
SOB_20260105T163218762466Z_GMF5PY7VTVFO;Active;TGB101_10mX4195890000Y2990260000Z0;0;2026-01-05 16:32:23;
SOB_20260105T163218762617Z_TJKHDKJBDZDQ;Active;TGB101_10mX4197870000Y2989870000Z0;0;2026-01-05 16:32:23;
SOB_20260105T163218762764Z_L35OFHYMCVCE;Active;TGB101_10mX4197460000Y2988920000Z0;0;2026-01-05 16:32:23;
SOB_20260105T163218762911Z_MPKMVRK3Z5A3;Active;TGB101_10mX4196810000Y2989120000Z0;0;2026-01-05 16:32:23;
SOB_20260105T163218763056Z_PNJFO5AIENAW;Active;TGB101_10mX4196530000Y2989180000Z0;0;2026-01-05 16:32:23;
SOB_20260105T163218763212Z_4HJBBEQE2RAP;Active;TGB101_10mX4192280000Y2988970000Z0;0;2026-01-05 16:32:23;
SOB_20260105T163218763360Z_GATHLLYPFFA4;Active;TGB101_10mX4187920000Y2993420000Z0;0;2026-01-05 16:32:23;
SOB_20260105T163218763508Z_KWRV3LGKCJA6;Active;TGB101_10mX4197150000Y2989020000Z0;0;2026-01-05 16:32:23;
SOB_20260105T163218763659Z_AY5XXRYTPFCN;Active;TGB101_10mX4197450000Y2988960000Z0;0;2026-01-05 16:32:23;
SOB_20260105T163218763813Z_43XRHAW3EVGV;Active;TGB101_10mX4196740000Y2989030000Z0;0;2026-01-05 16:32:23;
SOB_20260105T163218763959Z_GO6BIMOHU5CN;Active;TGB101_10mX4196860000Y2984060000Z0;0;2026-01-05 16:32:23;
SOB_20260105T163218764107Z_XQRO2PKIFBDX;Active;TGB101_10mX4196720000Y2984090000Z0;0;2026-01-05 16:32:23;
SOB_20260105T163218764254Z_BGTD5TQ2XVH3;Active;TGB101_10mX4197150000Y2989020000Z0;0;2026-01-05 16:32:23;
SOB_20260105T163218764402Z_XGURMWIR5VDO;Active;TGB101_10mX4202540000Y2990690000Z0;0;2026-01-05 16:32:23;
SOB_20260105T163218764556Z_HBABGMDMMFF5;Active;TGB101_10mX4197320000Y2988610000Z0;0;2026-01-05 16:32:23;
SOB_20260105T163218764703Z_DE3IKMHAJVFB;Active;TGB101_10mX4195890000Y2990260000Z0;0;2026-01-05 16:32:23;
SOB_20260105T163218764847Z_CTRSF7G4WBAE;Active;TGB101_10mX4197870000Y2989870000Z0;0;2026-01-05 16:32:23;
SOB_20260105T163218765017Z_U2YXMJZAONCL;Active;TGB101_10mX4197460000Y2988920000Z0;0;2026-01-05 16:32:23;
SOB_20260105T163218765162Z_WVX25PFVRVFH;Active;TGB101_10mX4196740000Y2989160000Z0;0;2026-01-05 16:32:23;
SOB_20260105T163218765309Z_OAV53QNY2JH4;Active;TGB101_10mX4202670000Y2990670000Z0;0;2026-01-05 16:32:23;
SOB_20260105T163218765448Z_TJVTPUUVQZGC;Active;TGB101_10mX4202670000Y2990670000Z0;0;2026-01-05 16:32:23;
SOB_20260105T163218765591Z_IP7I2YBATND7;Active;TGB101_10mX4198080000Y2989940000Z0;0;2026-01-05 16:32:23;
SOB_20260105T163218765734Z_OEBG3BPARNEH;Active;TGB101_10mX4197150000Y2989020000Z0;0;2026-01-05 16:32:23;
SOB_20260105T163218765877Z_XRX5XMJDCJHM;Active;TGB101_10mX4179040000Y2986100000Z0;0;2026-01-05 16:32:23;
SOB_20260105T163218766025Z_3F2DMND4DVHH;Active;TGB101_10mX4196740000Y2989030000Z0;0;2026-01-05 16:32:23;
SOB_20260105T163218766166Z_2DHCAUI2QFBP;Active;TGB101_10mX4202640000Y2990550000Z0;0;2026-01-05 16:32:23;
SOB_20260105T163218766305Z_IKJ3WCNAO5G7;Active;TGB101_10mX4203590000Y2990330000Z0;0;2026-01-05 16:32:23;
SOB_20260105T163218766452Z_UTQRDPAR7VFU;Active;TGB101_10mX4197150000Y2989020000Z0;0;2026-01-05 16:32:23;
SOB_20260105T163218766592Z_PUZ3FCD7RRAS;Active;TGB101_10mX4189730000Y2991730000Z0;0;2026-01-05 16:32:23;
SOB_20260105T163218766739Z_UWZX5MEFU5ES;Active;TGB101_10mX4197220000Y2988690000Z0;0;2026-01-05 16:32:23;
SOB_20260105T163218766884Z_ICAVBAQE2ZGG;Active;TGB101_10mX4195930000Y2990260000Z0;0;2026-01-05 16:32:23;
SOB_20260105T163218767026Z_VBTT3ISPCNAF;Active;TGB101_10mX4194830000Y2993490000Z0;0;2026-01-05 16:32:23;
SOB_20260105T163218767190Z_KIOG4MTCSNAP;Active;TGB101_10mX4197460000Y2988920000Z0;0;2026-01-05 16:32:23;
SOB_20260105T163218767336Z_UQEZHGMFAJFN;Active;TGB101_10mX4196740000Y2989160000Z0;0;2026-01-05 16:32:23;
SOB_20260105T163218767486Z_VUROQ3ZG6JE2;Active;TGB101_10mX4196610000Y2989340000Z0;0;2026-01-05 16:32:23;
SOB_20260105T163218767628Z_EDUI5S2BSNEI;Active;TGB101_10mX4192300000Y2988900000Z0;0;2026-01-05 16:32:23;
SOB_20260105T163218767774Z_QYZ2ZBOP4RFM;Active;TGB101_10mX4198080000Y2989940000Z0;0;2026-01-05 16:32:23;
SOB_20260105T163218767919Z_AH6FHIMYB5HG;Active;TGB101_10mX4197150000Y2989020000Z0;0;2026-01-05 16:32:23;
SOB_20260105T163218768060Z_XMQJE4S54NEU;Active;TGB101_10mX4197300000Y2989340000Z0;0;2026-01-05 16:32:23;
SOB_20260105T163218768207Z_AM6OPSXY35BO;Active;TGB101_10mX4196740000Y2989030000Z0;0;2026-01-05 16:32:23;
SOB_20260105T163218768352Z_BYMKGQPBDFHO;Active;TGB101_10mX4175260000Y2987600000Z0;0;2026-01-05 16:32:23;
SOB_20260105T163218768494Z_ODEY4YENXRCE;Active;TGB101_10mX4189710000Y2991700000Z0;0;2026-01-05 16:32:23;
SOB_20260105T163218768637Z_56BVSRSSMJBQ;Active;TGB101_10mX4197150000Y2989020000Z0;0;2026-01-05 16:32:23;
SOB_20260105T163218768780Z_UKS5RUOJX5CY;Active;TGB101_10mX4199440000Y2989030000Z0;0;2026-01-05 16:32:23;
SOB_20260105T163218768931Z_I5TKNM47FRA6;Active;TGB101_10mX4197270000Y2988650000Z0;0;2026-01-05 16:32:23;
SOB_20260105T163218769075Z_7STQ6FGXSNFK;Active;TGB101_10mX4195890000Y2990240000Z0;0;2026-01-05 16:32:23;
SOB_20260105T163218769220Z_LQ2LZQGBV5HT;Active;TGB101_10mX4196570000Y2989020000Z0;0;2026-01-05 16:32:23;
SOB_20260105T163218769361Z_RSOUBKTQBRE6;Active;TGB101_10mX4197460000Y2988920000Z0;0;2026-01-05 16:32:23;
SOB_20260105T163218769506Z_YV3JAKI5V5B3;Active;TGB101_10mX4196740000Y2989160000Z0;0;2026-01-05 16:32:23;
SOB_20260105T163218769656Z_UID7MSKGHJFC;Active;TGB101_10mX4196610000Y2989340000Z0;0;2026-01-05 16:32:23;
SOB_20260105T163218769795Z_BPK57TKEMBCZ;Active;TGB101_10mX4192310000Y2988870000Z0;0;2026-01-05 16:32:23;
SOB_20260105T163218769937Z_ACBW2B33EZBU;Active;TGB101_10mX4198080000Y2989940000Z0;0;2026-01-05 16:32:23;
SOB_20260105T163218770082Z_ZNJQZXT2WVEM;Active;TGB101_10mX4197150000Y2989020000Z0;0;2026-01-05 16:32:23;
SOB_20260105T163218770221Z_IKGG2HEMJBEP;Active;TGB101_10mX4197300000Y2989340000Z0;0;2026-01-05 16:32:23;
SOB_20260105T163218770369Z_7ESXHUW56REJ;Active;TGB101_10mX4196740000Y2989030000Z0;0;2026-01-05 16:32:23;
SOB_20260105T163218770511Z_GX5IULHIWJG4;Active;TGB101_10mX4200290000Y2984670000Z0;0;2026-01-05 16:32:23;
SOB_20260105T163218770650Z_QCRWO4HOVBGG;Active;TGB101_10mX4200360000Y2984660000Z0;0;2026-01-05 16:32:23;
SOB_20260105T163218770789Z_LFISIKTHNFAH;Active;TGB101_10mX4197150000Y2989020000Z0;0;2026-01-05 16:32:23;
SOB_20260105T163218770940Z_HGH7MA4NQFFR;Active;TGB101_10mX4197130000Y2989170000Z0;0;2026-01-05 16:32:23;
SOB_20260105T163218771088Z_R3QNBJDQ3ZFK;Active;TGB101_10mX4197250000Y2988670000Z0;0;2026-01-05 16:32:23;
SOB_20260105T163218771232Z_FSPAIZVKHVGC;Active;TGB101_10mX4195990000Y2990280000Z0;0;2026-01-05 16:32:23;
SOB_20260105T163218771374Z_HOCWML4LMZCX;Active;TGB101_10mX4169930000Y2986110000Z0;0;2026-01-05 16:32:23;
SOB_20260105T163218771517Z_4BAC2YSKFVFK;Active;TGB101_10mX4197460000Y2988920000Z0;0;2026-01-05 16:32:23;
SOB_20260105T163218771668Z_SN2KGIHFZNGL;Active;TGB101_10mX4196740000Y2989160000Z0;0;2026-01-05 16:32:23;
SOB_20260105T163218771810Z_NFBXNIMQJNBO;Active;TGB101_10mX4196610000Y2989340000Z0;0;2026-01-05 16:32:23;
SOB_20260105T163218771963Z_GFCQKQB6BNFP;Active;TGB101_10mX4192260000Y2989070000Z0;0;2026-01-05 16:32:23;
SOB_20260105T163218772107Z_DVBOPUV5RJEM;Active;TGB101_10mX4198080000Y2989940000Z0;0;2026-01-05 16:32:23;
SOB_20260105T163218772251Z_MXZFKSSVBBGT;Active;TGB101_10mX4197150000Y2989020000Z0;0;2026-01-05 16:32:23;
SOB_20260105T163218772405Z_6AB54MFDENF5;Active;TGB101_10mX4197300000Y2989340000Z0;0;2026-01-05 16:32:23;
SOB_20260105T163218772546Z_LGKUWTEGUJBZ;Active;TGB101_10mX4196740000Y2989030000Z0;0;2026-01-05 16:32:23;
SOB_20260105T163218772687Z_LQJUZWIMIJDY;Active;TGB101_10mX4200380000Y2984650000Z0;0;2026-01-05 16:32:23;
SOB_20260105T163218772829Z_RROPKI6XWND3;Active;TGB101_10mX4200470000Y2984660000Z0;0;2026-01-05 16:32:23;
SOB_20260105T163218772972Z_SJXLEWGBVRHV;Active;TGB101_10mX4197150000Y2989020000Z0;0;2026-01-05 16:32:23;
SOB_20260105T163218773118Z_NNLKXGYK5NGA;Active;TGB101_10mX4191780000Y2984290000Z0;0;2026-01-05 16:32:23;
SOB_20260105T163218773261Z_UA2YXZ4P6JD7;Active;TGB101_10mX4197240000Y2988670000Z0;0;2026-01-05 16:32:23;
SOB_20260105T163218773403Z_6FFVMIAVXFFA;Active;TGB101_10mX4196050000Y2990340000Z0;0;2026-01-05 16:32:23;
SOB_20260105T163218773567Z_L5FJTBXJUVE3;Active;TGB101_10mX4197720000Y2987930000Z0;0;2026-01-05 16:32:23;
SOB_20260105T163218773706Z_7M7XFIPFNFCA;Active;TGB101_10mX4197460000Y2988920000Z0;0;2026-01-05 16:32:23;
SOB_20260105T163218773855Z_CES3MW7VHNA7;Active;TGB101_10mX4196740000Y2989160000Z0;0;2026-01-05 16:32:23;
SOB_20260105T163218773994Z_FW624REYDNDF;Active;TGB101_10mX4196610000Y2989340000Z0;0;2026-01-05 16:32:23;
SOB_20260105T163218774134Z_UMEG5GO6I5HC;Active;TGB101_10mX4192300000Y2988940000Z0;0;2026-01-05 16:32:23;
SOB_20260105T163218774279Z_NZKXFAYLONBQ;Active;TGB101_10mX4198080000Y2989940000Z0;0;2026-01-05 16:32:23;
SOB_20260105T163218774419Z_W7NZVXSQ7BD6;Active;TGB101_10mX4197150000Y2989020000Z0;0;2026-01-05 16:32:23;
SOB_20260105T163218774565Z_6O2Y6KTJVFEV;Active;TGB101_10mX4197390000Y2989190000Z0;0;2026-01-05 16:32:23;
SOB_20260105T163218774753Z_7BWPG3GTBNDX;Active;TGB101_10mX4196740000Y2989030000Z0;0;2026-01-05 16:32:23;
SOB_20260105T163218774909Z_MRU5TE7HRNDM;Active;TGB101_10mX4197680000Y2987240000Z0;0;2026-01-05 16:32:23;
SOB_20260105T163218775050Z_2JSWXWWSFFBN;Active;TGB101_10mX4197750000Y2987160000Z0;0;2026-01-05 16:32:23;
SOB_20260105T163218775192Z_3CYDJ4ZZGFGP;Active;TGB101_10mX4197150000Y2989020000Z0;0;2026-01-05 16:32:23;
SOB_20260105T163218775341Z_YMG5QBJJ2JHM;Active;TGB101_10mX4200760000Y2988420000Z0;0;2026-01-05 16:32:23;
SOB_20260105T163218775489Z_WYSUP4N3OFHK;Active;TGB101_10mX4197230000Y2988690000Z0;0;2026-01-05 16:32:23;
SOB_20260105T163218775636Z_DXQ2FENTDNH2;Active;TGB101_10mX4195720000Y2990110000Z0;0;2026-01-05 16:32:23;
SOB_20260105T163218775778Z_DBM7QR6BOFGO;Active;TGB101_10mX4194900000Y2993710000Z0;0;2026-01-05 16:32:23;
SOB_20260105T163218775922Z_KP4C7JSYTJAS;Active;TGB101_10mX4197460000Y2988920000Z0;0;2026-01-05 16:32:23;
SOB_20260105T163218776074Z_6E6HV5EZJJGF;Active;TGB101_10mX4196740000Y2989160000Z0;0;2026-01-05 16:32:23;
SOB_20260105T163218776235Z_NAORKFP36RGC;Active;TGB101_10mX4196610000Y2989340000Z0;0;2026-01-05 16:32:23;
SOB_20260105T163218776382Z_FDYO4Q7LGVF7;Active;TGB101_10mX4197940000Y2987210000Z0;0;2026-01-05 16:32:23;
SOB_20260105T163218776524Z_JKHF3VK2YZF4;Active;TGB101_10mX4196680000Y2989540000Z0;0;2026-01-05 16:32:23;
SOB_20260105T163218776669Z_KEKM2YRXNZBB;Active;TGB101_10mX4197850000Y2987210000Z0;0;2026-01-05 16:32:23;
SOB_20260105T163218776817Z_36BZUICZXJF3;Active;TGB101_10mX4197380000Y2989300000Z0;0;2026-01-05 16:32:23;
SOB_20260105T163218776961Z_FIS7YJIXOJAE;Active;TGB101_10mX4196740000Y2989030000Z0;0;2026-01-05 16:32:23;
SOB_20260105T163218777108Z_PWTJFKFGE5GQ;Active;TGB101_10mX4175260000Y2987600000Z0;0;2026-01-05 16:32:23;
SOB_20260105T163218777251Z_KK6LOLHLDBDO;Active;TGB101_10mX4175140000Y2987400000Z0;0;2026-01-05 16:32:23;
SOB_20260105T163218777395Z_6EPXGVPCZRC5;Active;TGB101_10mX4197150000Y2989020000Z0;0;2026-01-05 16:32:23;
SOB_20260105T163218777548Z_RKP3PTPKJZGZ;Active;TGB101_10mX4199980000Y2990580000Z0;0;2026-01-05 16:32:23;
SOB_20260105T163218777692Z_LLXXMLJ4K5C6;Active;TGB101_10mX4197220000Y2988690000Z0;0;2026-01-05 16:32:23;
SOB_20260105T163218777833Z_4F2EZBJZTNHZ;Active;TGB101_10mX4195890000Y2990240000Z0;0;2026-01-05 16:32:23;
SOB_20260105T163218777978Z_HWHSMGH2KNG4;Active;TGB101_10mX4194930000Y2993770000Z0;0;2026-01-05 16:32:23;
SOB_20260105T163218778129Z_LC3UM7OHIZEX;Active;TGB101_10mX4197460000Y2988920000Z0;0;2026-01-05 16:32:23;
SOB_20260105T163218778273Z_TPT54MY6QNGF;Active;TGB101_10mX4196740000Y2989160000Z0;0;2026-01-05 16:32:23;
SOB_20260105T163218778419Z_5UM727EFZFGF;Active;TGB101_10mX4196610000Y2989340000Z0;0;2026-01-05 16:32:23;
SOB_20260105T163218778564Z_7OYDCOK7H5CO;Active;TGB101_10mX4192260000Y2989070000Z0;0;2026-01-05 16:32:23;
SOB_20260105T163218778702Z_SPQUV3AYTRHB;Active;TGB101_10mX4198080000Y2989940000Z0;0;2026-01-05 16:32:23;
SOB_20260105T163218778852Z_2SH4H4WOVFH7;Active;TGB101_10mX4197310000Y2989000000Z0;0;2026-01-05 16:32:23;
SOB_20260105T163218778994Z_JHVV5OJI45CC;Active;TGB101_10mX4196180000Y2989680000Z0;0;2026-01-05 16:32:23;
SOB_20260105T163218779134Z_P2F46AUEEVCI;Active;TGB101_10mX4196740000Y2989030000Z0;0;2026-01-05 16:32:23;
SOB_20260105T163218779273Z_XSFKRXYVBZD4;Active;TGB101_10mX4196400000Y2988410000Z0;0;2026-01-05 16:32:23;
SOB_20260105T163218779417Z_VXEKYNBWQ5EH;Active;TGB101_10mX4196440000Y2988410000Z0;0;2026-01-05 16:32:23;
SOB_20260105T163218779564Z_RQAM6N5SS5E6;Active;TGB101_10mX4197270000Y2988950000Z0;0;2026-01-05 16:32:23;
SOB_20260105T163218779703Z_5W625AX6IJAC;Active;TGB101_10mX4191960000Y2989150000Z0;0;2026-01-05 16:32:23;
SOB_20260105T163218779846Z_65M54EEUSJBV;Active;TGB101_10mX4197230000Y2988700000Z0;0;2026-01-05 16:32:23;
SOB_20260105T163218779985Z_UDHHC3Q5BBG3;Active;TGB101_10mX4196040000Y2990390000Z0;0;2026-01-05 16:32:23;
SOB_20260105T163218780129Z_SV5U2PJZGBF7;Active;TGB101_10mX4196800000Y2989820000Z0;0;2026-01-05 16:32:23;
SOB_20260105T163218780277Z_I4J6AUIW55E4;Active;TGB101_10mX4197470000Y2988940000Z0;0;2026-01-05 16:32:23;
SOB_20260105T163218780416Z_DKBWRQGWPVGY;Active;TGB101_10mX4196710000Y2989180000Z0;0;2026-01-05 16:32:23;
SOB_20260105T163218780589Z_FDTUVAS42BA4;Active;TGB101_10mX4193940000Y2993980000Z0;0;2026-01-05 16:32:23;
SOB_20260105T163218780753Z_YIMO2AXONVGW;Active;TGB101_10mX4200190000Y2984890000Z0;0;2026-01-05 16:32:23;
SOB_20260105T163218780893Z_AJIGUVYVW5H6;Active;TGB101_10mX4200200000Y2984840000Z0;0;2026-01-05 16:32:23;
SOB_20260105T163218781042Z_3TP77Z3VPBA4;Active;TGB101_10mX4200370000Y2984820000Z0;0;2026-01-05 16:32:23;
SOB_20260105T163218781183Z_2MZOCCM2ZBGN;Active;TGB101_10mX4200450000Y2984740000Z0;0;2026-01-05 16:32:23;
SOB_20260105T163218781326Z_NSFD6R2O5RHG;Active;TGB101_10mX4200730000Y2984480000Z0;0;2026-01-05 16:32:23;
SOB_20260105T163218781472Z_FPL46SQMMJCC;Active;TGB101_10mX4200320000Y2984840000Z0;0;2026-01-05 16:32:23;
SOB_20260105T163218781613Z_NNIIF6DOCVF4;Active;TGB101_10mX4200610000Y2984310000Z0;0;2026-01-05 16:32:23;
SOB_20260105T163218781765Z_CTPSBX3SUJEW;Active;TGB101_10mX4200220000Y2984300000Z0;0;2026-01-05 16:32:23;
SOB_20260105T163218781906Z_MPCWRGWCSVCX;Active;TGB101_10mX4199990000Y2984020000Z0;0;2026-01-05 16:32:23;
SOB_20260105T163218782052Z_KM2T45BJABCE;Active;TGB101_10mX4199490000Y2984090000Z0;0;2026-01-05 16:32:23;
SOB_20260105T163218782196Z_KSP6SNVV4NAV;Active;TGB101_10mX4199690000Y2983670000Z0;0;2026-01-05 16:32:23;
SOB_20260105T163218782340Z_RKTNPEDJ4NGR;Active;TGB101_10mX4199450000Y2984110000Z0;0;2026-01-05 16:32:23;
SOB_20260105T163218782487Z_SYGXELDFPNG6;Active;TGB101_10mX4202460000Y2987900000Z0;0;2026-01-05 16:32:23;
SOB_20260105T163218782634Z_S2T47QUWZRCL;Active;TGB101_10mX4202870000Y2987560000Z0;0;2026-01-05 16:32:23;
SOB_20260105T163218782778Z_3ON3KNRE6VFP;Active;TGB101_10mX4193870000Y2987850000Z0;0;2026-01-05 16:32:23;
SOB_20260105T163218782920Z_YWNWY4563ZG6;Active;TGB101_10mX4192890000Y2988730000Z0;0;2026-01-05 16:32:23;
SOB_20260105T163218783064Z_6AP5U2HVT5AD;Active;TGB101_10mX4198090000Y2989890000Z0;0;2026-01-05 16:32:23;
SOB_20260105T163218783212Z_QN57P4KK7VCD;Active;TGB101_10mX4195630000Y2997590000Z0;0;2026-01-05 16:32:23;
SOB_20260105T163218783356Z_H6UH36FDMZGS;Active;TGB101_10mX4198070000Y2989940000Z0;0;2026-01-05 16:32:23;
SOB_20260105T163218783501Z_TDNRH4GLORBV;Active;TGB101_10mX4196740000Y2989030000Z0;0;2026-01-05 16:32:23;
SOB_20260105T163218783643Z_2MPB2IIIANCV;Active;TGB101_10mX4198900000Y2986980000Z0;0;2026-01-05 16:32:23;
SOB_20260105T163218783788Z_BST6UKGUVVFT;Active;TGB101_10mX4190090000Y2988150000Z0;0;2026-01-05 16:32:23;
SOB_20260105T163218783938Z_OSXXUQKNDJD2;Active;TGB101_10mX4190090000Y2988150000Z0;0;2026-01-05 16:32:23;
SOB_20260105T163218784083Z_5Z6ZWMSXRVBZ;Active;TGB101_10mX4189990000Y2987820000Z0;0;2026-01-05 16:32:23;
SOB_20260105T163218784224Z_45AR7CC2VFEG;Active;TGB101_10mX4189790000Y2987840000Z0;0;2026-01-05 16:32:23;
SOB_20260105T163218784364Z_YXNVI64GXBAP;Active;TGB101_10mX4189710000Y2987860000Z0;0;2026-01-05 16:32:23;
SOB_20260105T163218784511Z_MBINQ5RPVZCH;Active;TGB101_10mX4189610000Y2987940000Z0;0;2026-01-05 16:32:23;
SOB_20260105T163218784658Z_7AIGLPOI5FBK;Active;TGB101_10mX4189540000Y2988000000Z0;0;2026-01-05 16:32:23;
SOB_20260105T163218784800Z_I5KZ6VFJ6RCX;Active;TGB101_10mX4196730000Y2989170000Z0;0;2026-01-05 16:32:23;
SOB_20260105T163218784943Z_B7UZCDF5RNF4;Active;TGB101_10mX4196770000Y2989550000Z0;0;2026-01-05 16:32:23;
SOB_20260105T163218785083Z_JPPJZEX7WNAD;Active;TGB101_10mX4195220000Y2979640000Z0;0;2026-01-05 16:32:23;
SOB_20260105T163218785226Z_D36UFBFDUFBH;Active;TGB101_10mX4195060000Y2979720000Z0;0;2026-01-05 16:32:23;
SOB_20260105T163218785373Z_SUL6PZAKUBB4;Active;TGB101_10mX4195340000Y2979230000Z0;0;2026-01-05 16:32:23;
SOB_20260105T163218785511Z_SHQPVYHKRJA4;Active;TGB101_10mX4195370000Y2979160000Z0;0;2026-01-05 16:32:23;
SOB_20260105T163218785650Z_QOKIBWRZR5BG;Active;TGB101_10mX4195380000Y2979160000Z0;0;2026-01-05 16:32:23;
SOB_20260105T163218785791Z_OX7KCQXKJ5EW;Active;TGB101_10mX4195390000Y2979170000Z0;0;2026-01-05 16:32:23;
SOB_20260105T163218785945Z_W4DZDX2UWFBA;Active;TGB101_10mX4195250000Y2979080000Z0;0;2026-01-05 16:32:23;
SOB_20260105T163218786090Z_EW737LITMBDR;Active;TGB101_10mX4195010000Y2979110000Z0;0;2026-01-05 16:32:23;
SOB_20260105T163218786234Z_JKVZNASDUFB6;Active;TGB101_10mX4194860000Y2979140000Z0;0;2026-01-05 16:32:23;
SOB_20260105T163218786377Z_5VPORHCG7BGF;Active;TGB101_10mX4194780000Y2979180000Z0;0;2026-01-05 16:32:23;
SOB_20260105T163218786520Z_WJPAOEASS5GF;Active;TGB101_10mX4194600000Y2979200000Z0;0;2026-01-05 16:32:23;
SOB_20260105T163218786668Z_XHSIDHJOXBFH;Active;TGB101_10mX4194580000Y2979180000Z0;0;2026-01-05 16:32:23;
SOB_20260105T163218786812Z_N4H3AA5KRFBX;Active;TGB101_10mX4194470000Y2979200000Z0;0;2026-01-05 16:32:23;
SOB_20260105T163218786957Z_AL26LKM2EVEF;Active;TGB101_10mX4194510000Y2979240000Z0;0;2026-01-05 16:32:23;
SOB_20260105T163218787100Z_KAXEK7ILBBHN;Active;TGB101_10mX4194280000Y2979260000Z0;0;2026-01-05 16:32:23;
SOB_20260105T163218787246Z_B6KCGECUHVGI;Active;TGB101_10mX4194320000Y2979210000Z0;0;2026-01-05 16:32:23;
SOB_20260105T163218787395Z_RQWB3LPGY5CB;Active;TGB101_10mX4194280000Y2979240000Z0;0;2026-01-05 16:32:23;
SOB_20260105T163218787540Z_EY3UDSVNXRAF;Active;TGB101_10mX4191120000Y2984560000Z0;0;2026-01-05 16:32:23;
SOB_20260105T163218787681Z_SDK26EGLBZBQ;Active;TGB101_10mX4191190000Y2984520000Z0;0;2026-01-05 16:32:23;
SOB_20260105T163218787822Z_HHCIPRWZRRHT;Active;TGB101_10mX4191250000Y2984460000Z0;0;2026-01-05 16:32:23;
SOB_20260105T163218787961Z_7OILVVLH7NF2;Active;TGB101_10mX4191240000Y2984350000Z0;0;2026-01-05 16:32:23;
SOB_20260105T163218788110Z_ZROH5LQ3RJAL;Active;TGB101_10mX4191130000Y2983850000Z0;0;2026-01-05 16:32:23;
SOB_20260105T163218788250Z_GG4RFLUQTFAP;Active;TGB101_10mX4191120000Y2983720000Z0;0;2026-01-05 16:32:23;
SOB_20260105T163218788391Z_RIPQWSFBRZEO;Active;TGB101_10mX4191850000Y2984610000Z0;0;2026-01-05 16:32:23;
SOB_20260105T163218788533Z_MVWKNTF2Z5BK;Active;TGB101_10mX4191940000Y2984570000Z0;0;2026-01-05 16:32:23;
SOB_20260105T163218788697Z_VIUHDT73HRCG;Active;TGB101_10mX4191080000Y2984170000Z0;0;2026-01-05 16:32:23;
SOB_20260105T163218788843Z_ETKFNMRF2VGS;Active;TGB101_10mX4191040000Y2984110000Z0;0;2026-01-05 16:32:23;
SOB_20260105T163218788984Z_FHBQO45RSZCN;Active;TGB101_10mX4191070000Y2983920000Z0;0;2026-01-05 16:32:23;
SOB_20260105T163218789126Z_UAGEYSIFS5CX;Active;TGB101_10mX4191240000Y2986330000Z0;0;2026-01-05 16:32:23;
SOB_20260105T163218789265Z_OEH4KAKE5RFR;Active;TGB101_10mX4191250000Y2986380000Z0;0;2026-01-05 16:32:23;
SOB_20260105T163218789403Z_36QC6OVLVRGV;Active;TGB101_10mX4191630000Y2986780000Z0;0;2026-01-05 16:32:23;
SOB_20260105T163218789553Z_FGSNDC5ZJJF4;Active;TGB101_10mX4189980000Y2991700000Z0;0;2026-01-05 16:32:23;
SOB_20260105T163218789695Z_J3G2CNGCVNH6;Active;TGB101_10mX4190250000Y2991430000Z0;0;2026-01-05 16:32:23;
SOB_20260105T163218789839Z_YDL7PKXBSJDF;Active;TGB101_10mX4190470000Y2991220000Z0;0;2026-01-05 16:32:23;
SOB_20260105T163218789981Z_EELCAD3U7NHM;Active;TGB101_10mX4190300000Y2991080000Z0;0;2026-01-05 16:32:23;
SOB_20260105T163218790123Z_HIROAHMRVZBT;Active;TGB101_10mX4195980000Y2984790000Z0;0;2026-01-05 16:32:23;
SOB_20260105T163218790268Z_FGFZI65MNJDI;Active;TGB101_10mX4197400000Y2984290000Z0;0;2026-01-05 16:32:23;
SOB_20260105T163218790515Z_MBVJ7YBCUJB7;Active;TGB101_10mX4192370000Y2978080000Z0;0;2026-01-05 16:32:23;
SOB_20260105T163218790677Z_A6RVMHH3FZDD;Active;TGB101_10mX4199720000Y2984470000Z0;0;2026-01-05 16:32:23;
SOB_20260105T163218790828Z_AWBCGQO7LFBX;Active;TGB101_10mX4194550000Y2986190000Z0;0;2026-01-05 16:32:23;
SOB_20260105T163218791030Z_3RWVVLLR5FBR;Active;TGB101_10mX4194660000Y2986200000Z0;0;2026-01-05 16:32:23;
SOB_20260105T163218791195Z_QQ77PUWWPVC5;Active;TGB101_10mX4194960000Y2985880000Z0;0;2026-01-05 16:32:23;
SOB_20260105T163218791343Z_L3DLW4EKD5HC;Active;TGB101_10mX4197250000Y2985380000Z0;0;2026-01-05 16:32:23;
SOB_20260105T163218791498Z_JXD2ANY3LVC7;Active;TGB101_10mX4197210000Y2985310000Z0;0;2026-01-05 16:32:23;
SOB_20260105T163218791641Z_FN7USP37OFCB;Active;TGB101_10mX4197280000Y2985120000Z0;0;2026-01-05 16:32:23;
SOB_20260105T163218791785Z_DEZAMP5Q4FHT;Active;TGB101_10mX4200870000Y2988790000Z0;0;2026-01-05 16:32:23;
SOB_20260105T163218791942Z_RBXYWZ4KHNDH;Active;TGB101_10mX4200970000Y2988640000Z0;0;2026-01-05 16:32:23;
SOB_20260105T163218792092Z_RCDN57SVHJFN;Active;TGB101_10mX4200110000Y2988600000Z0;0;2026-01-05 16:32:23;
SOB_20260105T163218792240Z_RUR5QMUC2NE4;Active;TGB101_10mX4200620000Y2987900000Z0;0;2026-01-05 16:32:23;
SOB_20260105T163218792418Z_CPACMMLLP5D5;Active;TGB101_10mX4197200000Y2988650000Z0;0;2026-01-05 16:32:23;
SOB_20260105T163218792610Z_QREDGQRQBVGR;Active;TGB101_10mX4196510000Y2989000000Z0;0;2026-01-05 16:32:23;
SOB_20260105T163218792836Z_BN7MVCG6U5CE;Active;TGB101_10mX4196460000Y2988950000Z0;0;2026-01-05 16:32:23;
SOB_20260105T163218792992Z_MLWH4EXVDNH3;Active;TGB101_10mX4196340000Y2988990000Z0;0;2026-01-05 16:32:23;
SOB_20260105T163218793143Z_KF6VOKI7ERCW;Active;TGB101_10mX4196550000Y2988770000Z0;0;2026-01-05 16:32:23;
SOB_20260105T163218793288Z_KK6RDTPHK5BN;Active;TGB101_10mX4196700000Y2988540000Z0;0;2026-01-05 16:32:23;
SOB_20260105T163218793440Z_XNE6DQPBHZBE;Active;TGB101_10mX4196720000Y2988530000Z0;0;2026-01-05 16:32:23;
SOB_20260105T163218793591Z_AAIBI3ZMBZDC;Active;TGB101_10mX4197160000Y2988300000Z0;0;2026-01-05 16:32:23;
SOB_20260105T163218793740Z_Z4PMJIFWPRCA;Active;TGB101_10mX4197100000Y2988210000Z0;0;2026-01-05 16:32:23;
SOB_20260105T163218793887Z_M7OYZQ6ARJEF;Active;TGB101_10mX4197040000Y2988130000Z0;0;2026-01-05 16:32:23;
SOB_20260105T163218794036Z_LUEQNKPDXZEF;Active;TGB101_10mX4197170000Y2987370000Z0;0;2026-01-05 16:32:23;
SOB_20260105T163218794189Z_2KGUNLWKGBDI;Active;TGB101_10mX4197220000Y2987380000Z0;0;2026-01-05 16:32:23;
SOB_20260105T163218794333Z_OYO26DVN2BHK;Active;TGB101_10mX4197640000Y2987210000Z0;0;2026-01-05 16:32:23;
SOB_20260105T163218794479Z_URDQFHV2WRH2;Active;TGB101_10mX4198250000Y2986940000Z0;0;2026-01-05 16:32:23;
SOB_20260105T163218794623Z_K5PVVQNM2VAU;Active;TGB101_10mX4198690000Y2986920000Z0;0;2026-01-05 16:32:23;
SOB_20260105T163218794768Z_UMQD5PX6FVBB;Active;TGB101_10mX4198860000Y2986110000Z0;0;2026-01-05 16:32:23;
SOB_20260105T163218794923Z_FTRPBVM5AVA2;Active;TGB101_10mX4199190000Y2986320000Z0;0;2026-01-05 16:32:23;
SOB_20260105T163218795071Z_Y2D72GAXW5AC;Active;TGB101_10mX4198950000Y2986830000Z0;0;2026-01-05 16:32:23;
SOB_20260105T163218795216Z_YVPDU7QYF5AH;Active;TGB101_10mX4199170000Y2986310000Z0;0;2026-01-05 16:32:23;
SOB_20260105T163329798491Z_TBCQ42W25VHJ;Active;TGB101_10mX4196610000Y2989080000Z0;0;2026-01-05 16:33:31;
SOB_20260105T163329798988Z_GWUWABPCBZAE;Active;TGB101_10mX4193640000Y2992060000Z0;0;2026-01-05 16:33:31;
SOB_20260105T163329799234Z_PSQBXI5T2BA3;Active;TGB101_10mX4196450000Y2990320000Z0;0;2026-01-05 16:33:31;
SOB_20260105T163329799432Z_Y7GH4MZIUBGR;Active;TGB101_10mX4197200000Y2988930000Z0;0;2026-01-05 16:33:31;
SOB_20260105T163329799611Z_ABFV4FRJ55EZ;Active;TGB101_10mX4195050000Y2986990000Z0;0;2026-01-05 16:33:31;
SOB_20260105T163329799793Z_VUVACQDUCZHY;Active;TGB101_10mX4195060000Y2990320000Z0;0;2026-01-05 16:33:31;
SOB_20260105T163329799968Z_N6N7VILSQFEL;Active;TGB101_10mX4190310000Y2992250000Z0;0;2026-01-05 16:33:31;
SOB_20260105T163329800149Z_JCT3ULF5JFBB;Active;TGB101_10mX4188640000Y2981650000Z0;0;2026-01-05 16:33:31;
SOB_20260105T163329800322Z_JILH7Z2X6BAI;Active;TGB101_10mX4196870000Y2989990000Z0;0;2026-01-05 16:33:31;
SOB_20260105T163329800497Z_HAYVCC7WCZGZ;Active;TGB101_10mX4196720000Y2989070000Z0;0;2026-01-05 16:33:31;
SOB_20260105T163329800681Z_D5UNMEKUN5BJ;Active;TGB101_10mX4189530000Y2991500000Z0;0;2026-01-05 16:33:31;
SOB_20260105T163329800912Z_C7YBFQ4AA5GG;Active;TGB101_10mX4190340000Y2988010000Z0;0;2026-01-05 16:33:31;
SOB_20260105T163329801102Z_BLJ4GQSTMZEK;Active;TGB101_10mX4192720000Y2982280000Z0;0;2026-01-05 16:33:31;
SOB_20260105T163329801273Z_JOQY656OWBCS;Active;TGB101_10mX4192460000Y2989310000Z0;0;2026-01-05 16:33:31;
SOB_20260105T163329801448Z_2QPYR5SVKRA2;Active;TGB101_10mX4192460000Y2989310000Z0;0;2026-01-05 16:33:31;
SOB_20260105T163329801628Z_F6PX6Z2EHRH4;Active;TGB101_10mX4191650000Y2986620000Z0;0;2026-01-05 16:33:31;
SOB_20260105T163329801802Z_EH2BROSQ25DD;Active;TGB101_10mX4191240000Y2986330000Z0;0;2026-01-05 16:33:31;
SOB_20260105T163329801974Z_UZHQ6QCT2NDJ;Active;TGB101_10mX4190260000Y2987750000Z0;0;2026-01-05 16:33:31;
SOB_20260105T163329802145Z_LXWKELGIG5BP;Active;TGB101_10mX4195210000Y2993490000Z0;0;2026-01-05 16:33:31;
SOB_20260105T163329802316Z_5CHCBFECUNGF;Active;TGB101_10mX4183680000Y2993860000Z0;0;2026-01-05 16:33:31;
SOB_20260105T163329802491Z_U7OSL44DOZHM;Active;TGB101_10mX4190470000Y2988960000Z0;0;2026-01-05 16:33:31;
SOB_20260105T163329802666Z_DDHWP7HQZRDO;Active;TGB101_10mX4194420000Y2990880000Z0;0;2026-01-05 16:33:31;
SOB_20260105T163329802847Z_PYIEPGRSBRCG;Active;TGB101_10mX4198940000Y2986900000Z0;0;2026-01-05 16:33:31;
SOB_20260105T163329803021Z_RVYVPFJOMJBW;Active;TGB101_10mX4187000000Y2979440000Z0;0;2026-01-05 16:33:31;
SOB_20260105T163329803191Z_FPELNAKJPNGE;Active;TGB101_10mX4192250000Y2989310000Z0;0;2026-01-05 16:33:31;
SOB_20260105T163329803371Z_XJFJTUPALVHS;Active;TGB101_10mX4196000000Y2988840000Z0;0;2026-01-05 16:33:31;
SOB_20260105T163329803544Z_ILWF62PDVZDL;Active;TGB101_10mX4202730000Y2971750000Z0;0;2026-01-05 16:33:31;
SOB_20260105T163329803715Z_FGRRKZ7AXJBY;Active;TGB101_10mX4194320000Y2989090000Z0;0;2026-01-05 16:33:31;
SOB_20260105T163329803909Z_EDUGXNZL3NDJ;Active;TGB101_10mX4196500000Y2989030000Z0;0;2026-01-05 16:33:31;
SOB_20260105T163329804111Z_PGUH7WYFKBAP;Active;TGB101_10mX4195080000Y2991270000Z0;0;2026-01-05 16:33:31;
SOB_20260105T163329804293Z_M6BQBW6SDJGV;Active;TGB101_10mX4196360000Y2989450000Z0;0;2026-01-05 16:33:31;
SOB_20260105T163329804464Z_XPC6YX5PEJAN;Active;TGB101_10mX4196310000Y2990200000Z0;0;2026-01-05 16:33:31;
SOB_20260105T163329804631Z_ABQI46X7AFAC;Active;TGB101_10mX4199180000Y2987080000Z0;0;2026-01-05 16:33:31;
SOB_20260105T163329804803Z_Y5DUPLIP2ZH6;Active;TGB101_10mX4195140000Y2988010000Z0;0;2026-01-05 16:33:31;
SOB_20260105T163329804975Z_MDX6J4QVZZG3;Active;TGB101_10mX4193240000Y2990780000Z0;0;2026-01-05 16:33:31;
SOB_20260105T163329805153Z_53O42ZRZCVAM;Active;TGB101_10mX4197630000Y2984700000Z0;0;2026-01-05 16:33:31;
SOB_20260105T163329805319Z_JKX7YUCUBBAA;Active;TGB101_10mX4196310000Y2989770000Z0;0;2026-01-05 16:33:31;
SOB_20260105T163329805485Z_PEFBOFBSJJB4;Active;TGB101_10mX4195480000Y2990470000Z0;0;2026-01-05 16:33:31;
SOB_20260105T163329805650Z_JJZZXE7VBNAK;Active;TGB101_10mX4196840000Y2987760000Z0;0;2026-01-05 16:33:31;
SOB_20260105T163329805818Z_BLYRNT5B5ZHB;Active;TGB101_10mX4197610000Y2987060000Z0;0;2026-01-05 16:33:31;
SOB_20260105T163329805997Z_OJX36AABMRFY;Active;TGB101_10mX4199230000Y2989570000Z0;0;2026-01-05 16:33:31;
SOB_20260105T163329806170Z_OMTI2FBRCJBC;Active;TGB101_10mX4193780000Y2989940000Z0;0;2026-01-05 16:33:31;
SOB_20260105T163329806338Z_NOW22MJNY5H4;Active;TGB101_10mX4185870000Y2988850000Z0;0;2026-01-05 16:33:31;
SOB_20260105T163329806505Z_RUMCQ3Z3ONHA;Active;TGB101_10mX4197110000Y2989400000Z0;0;2026-01-05 16:33:31;
SOB_20260105T163329806678Z_HEXXYGN5FRFB;Active;TGB101_10mX4201320000Y2974900000Z0;0;2026-01-05 16:33:31;
SOB_20260105T163329806848Z_EK4JWUQ4EBD7;Active;TGB101_10mX4200160000Y2980960000Z0;0;2026-01-05 16:33:31;
SOB_20260105T163329807014Z_GYIYCGRLOZFT;Active;TGB101_10mX4194060000Y2991300000Z0;0;2026-01-05 16:33:31;
SOB_20260105T163329807185Z_DASTBMRH65AM;Active;TGB101_10mX4191840000Y2978900000Z0;0;2026-01-05 16:33:31;
SOB_20260105T163329807351Z_6U4YWBCJHBCT;Active;TGB101_10mX4195220000Y2988390000Z0;0;2026-01-05 16:33:31;
SOB_20260105T163329807530Z_Q6KRULGKLBAN;Active;TGB101_10mX4194050000Y2999290000Z0;0;2026-01-05 16:33:31;
