SOB_ID;DB_Status;SOB_Type;DB_Status_Date_Active;DB_Status_Date_Inactive;SOB_coordinate_x;SOB_coordinate_y
SOB_20260105T163218713469Z_AYB2NAC7CVD3;Active;Schadensfall;2026-01-05 16:32:24;;8.2651253;50.0009492
SOB_20260105T163218713973Z_WQR6M2QFD5DZ;Active;Schadensfall;2026-01-05 16:32:24;;8.27714827787264;49.99858515
SOB_20260105T163218714194Z_I2CZAB7D4RHJ;Active;Schadensfall;2026-01-05 16:32:24;;8.260221550000004;50.00415035
SOB_20260105T163218714393Z_COC5NG426BGZ;Active;Schadensfall;2026-01-05 16:32:24;;8.263945691055458;50.00410735
SOB_20260105T163218714591Z_W5HUCO6LBBFI;Active;Schadensfall;2026-01-05 16:32:24;;8.26747820131088;49.99614355
SOB_20260105T163218714781Z_NHMUDOY4RVAB;Active;Schadensfall;2026-01-05 16:32:24;;8.278100695419525;49.99467965
SOB_20260105T163218714965Z_2R6H2T2R5NCE;Active;Schadensfall;2026-01-05 16:32:24;;8.2520088;50.0187304
SOB_20260105T163218715150Z_VASJUXG4ZVH3;Active;Schadensfall;2026-01-05 16:32:24;;8.259499994982933;50.01170085
SOB_20260105T163218715341Z_2AFCJYUTTBFC;Active;Schadensfall;2026-01-05 16:32:24;;8.2753178;49.9964623
SOB_20260105T163218715528Z_O57LDIQUFFD3;Active;Schadensfall;2026-01-05 16:32:24;;8.305213167962862;50.00135255
SOB_20260105T163218715710Z_FGPQMTC7LJDM;Active;Schadensfall;2026-01-05 16:32:24;;8.202181277064518;49.90901075
SOB_20260105T163218715906Z_4WUTZYGNJJFJ;Active;Schadensfall;2026-01-05 16:32:24;;8.2623171;50.011753
SOB_20260105T163218716091Z_63GO5R5UPRBA;Active;Schadensfall;2026-01-05 16:32:24;;8.279611197553242;49.9871663
SOB_20260105T163218716285Z_NHQVUCO5XRAZ;Active;Schadensfall;2026-01-05 16:32:24;;8.2655437;49.9996004
SOB_20260105T163218716470Z_YS7UNAVOKBCV;Active;Schadensfall;2026-01-05 16:32:24;;8.2955137;49.9785703
SOB_20260105T163218716655Z_6ZB6DLK7RFD7;Active;Schadensfall;2026-01-05 16:32:24;;8.267143898677945;49.9890618
SOB_20260105T163218716843Z_GMF6E64WZRDM;Active;Schadensfall;2026-01-05 16:32:24;;8.2835589;49.992297
SOB_20260105T163218717020Z_IE4IS6SVDRHB;Active;Schadensfall;2026-01-05 16:32:24;;8.278399626271737;49.995415050000005
SOB_20260105T163218717207Z_WORBSLX5DFH4;Active;Schadensfall;2026-01-05 16:32:24;;8.27418995364374;49.99556045
SOB_20260105T163218717388Z_2ZPSUKPVIZEV;Active;Schadensfall;2026-01-05 16:32:24;;8.2707286;49.9988643
SOB_20260105T163218717564Z_OQVVHJDDQZHC;Active;Schadensfall;2026-01-05 16:32:24;;8.3030077;50.0004904
SOB_20260105T163218717746Z_WKLD5TTAD5GL;Active;Schadensfall;2026-01-05 16:32:24;;8.2801146;49.9946459
SOB_20260105T163218717926Z_6XXS7UVXWZHG;Active;Schadensfall;2026-01-05 16:32:24;;8.260180049746468;50.004837300000005
SOB_20260105T163218718114Z_HBUYLHNR3JE2;Active;Schadensfall;2026-01-05 16:32:24;;8.2582795;49.9996291
SOB_20260105T163218718347Z_SFE3VBX7LNEU;Active;Schadensfall;2026-01-05 16:32:24;;8.257249737663162;50.00591285
SOB_20260105T163218718508Z_ECRYDVMPTFHT;Active;Schadensfall;2026-01-05 16:32:24;;8.2381943;50.0162754
SOB_20260105T163218718669Z_USWEWSUI7BBT;Active;Schadensfall;2026-01-05 16:32:24;;8.258755395160843;50.0055052
SOB_20260105T163218718833Z_NNKTBFC5ABA6;Active;Schadensfall;2026-01-05 16:32:24;;8.2466549;49.9970195
SOB_20260105T163218719001Z_X3DAA3PLZVG2;Active;Schadensfall;2026-01-05 16:32:24;;8.2616552;50.0017406
SOB_20260105T163218719165Z_SGFIXJEPKBEZ;Active;Schadensfall;2026-01-05 16:32:24;;8.2636132;50.0012969
SOB_20260105T163218719329Z_QKLAJQHQPZDJ;Active;Schadensfall;2026-01-05 16:32:24;;8.2723823;49.9992336
SOB_20260105T163218719495Z_HQNQUSSIYVFL;Active;Schadensfall;2026-01-05 16:32:24;;8.2459079;49.9944608
SOB_20260105T163218719661Z_ZLA6ZG3IQNCK;Active;Schadensfall;2026-01-05 16:32:24;;8.2680961;50.0095269
SOB_20260105T163218719822Z_PIEXLOBOZND4;Active;Schadensfall;2026-01-05 16:32:24;;8.181210794091093;49.990725
SOB_20260105T163218719988Z_JMZ5WCG4W5GV;Active;Schadensfall;2026-01-05 16:32:24;;8.2685631;50.0041341
SOB_20260105T163218720144Z_V5OM22YJ6JEJ;Active;Schadensfall;2026-01-05 16:32:24;;8.265324;50.0021981
SOB_20260105T163218720292Z_MGIJNNVZARCY;Active;Schadensfall;2026-01-05 16:32:24;;8.278346;49.9942144
SOB_20260105T163218720451Z_FVFQ7ZE5SZBN;Active;Schadensfall;2026-01-05 16:32:24;;8.260154389944233;50.0020776
SOB_20260105T163218720603Z_CWSJOIBUKFCR;Active;Schadensfall;2026-01-05 16:32:24;;8.25527470262801;50.0008015
SOB_20260105T163218720750Z_CC42T2K3LBGU;Active;Schadensfall;2026-01-05 16:32:24;;8.176180307222554;49.983541200000005
SOB_20260105T163218720902Z_K2NKAWJZ65E2;Active;Schadensfall;2026-01-05 16:32:24;;8.2787902;49.9775682
SOB_20260105T163218721052Z_67P3R77AIZEW;Active;Schadensfall;2026-01-05 16:32:24;;8.281315459048983;49.9887292
SOB_20260105T163218721208Z_NQHQU5DBWNDY;Active;Schadensfall;2026-01-05 16:32:24;;8.24720066235587;49.9778582
SOB_20260105T163218721362Z_SXCAGNYQSNDR;Active;Schadensfall;2026-01-05 16:32:24;;8.241298820037688;50.01514205
SOB_20260105T163218721514Z_TT2FVQE6MVED;Active;Schadensfall;2026-01-05 16:32:24;;8.23905462455032;49.99559805
SOB_20260105T163218721666Z_NOVERUIJM5EB;Active;Schadensfall;2026-01-05 16:32:24;;8.25770161679019;49.96605565
SOB_20260105T163218721818Z_6JCJSVZSUVCG;Active;Schadensfall;2026-01-05 16:32:24;;8.174885325128763;49.99366485
SOB_20260105T163218721977Z_6V3ZPBZG5BFI;Active;Schadensfall;2026-01-05 16:32:24;;8.257049968281118;50.09693295
SOB_20260105T163218722126Z_N6NK3NJOMJBW;Active;Schadensfall;2026-01-05 16:32:24;;7.901747763755144;49.96471985
SOB_20260105T163218722274Z_OOQI4543E5G6;Active;Schadensfall;2026-01-05 16:32:24;;8.290630229902582;49.9800406
SOB_20260105T163218722427Z_UFM545447JGZ;Active;Schadensfall;2026-01-05 16:32:24;;8.2681698;49.9988197
SOB_20260105T163218722576Z_Y3K7C7SSUJBW;Active;Schadensfall;2026-01-05 16:32:24;;8.26337805;49.9616476
SOB_20260105T163218722734Z_JN5FFMXL4NF5;Active;Schadensfall;2026-01-05 16:32:24;;8.2804516;49.9635155
SOB_20260105T163218722890Z_Z2QJU6C4LVGU;Active;Schadensfall;2026-01-05 16:32:24;;7.5695156;50.3557521
SOB_20260105T163218723043Z_XTBXAOKR4JA5;Active;Schadensfall;2026-01-05 16:32:24;;8.34195545;49.9176232
SOB_20260105T163218723196Z_HY345ACIIZBC;Active;Schadensfall;2026-01-05 16:32:24;;8.313072560602162;49.9612157
SOB_20260105T163218723353Z_RHJXNFPISNAA;Active;Schadensfall;2026-01-05 16:32:24;;8.2681305;49.9834723
SOB_20260105T163218723511Z_I5O7JP5RGVDW;Active;Schadensfall;2026-01-05 16:32:24;;8.231104949999999;49.99655765
SOB_20260105T163218723676Z_2PWPS6H6E5HS;Active;Schadensfall;2026-01-05 16:32:24;;8.2531987;49.9870906
SOB_20260105T163218723838Z_CWTXZNLP45DX;Active;Schadensfall;2026-01-05 16:32:24;;8.2292025;49.9669599
SOB_20260105T163218723988Z_QFI3ZPTGWJF2;Active;Schadensfall;2026-01-05 16:32:24;;8.213634212661987;50.00867975
SOB_20260105T163218724137Z_4WJNSUDSRZDQ;Active;Schadensfall;2026-01-05 16:32:24;;8.272690325118765;49.9052129
SOB_20260105T163218724298Z_DC5IBIKNF5C7;Active;Schadensfall;2026-01-05 16:32:24;;8.261796950000003;50.00441965
SOB_20260105T163218724452Z_ZMPYP74GJJE2;Active;Schadensfall;2026-01-05 16:32:24;;8.2625719;50.0084457
SOB_20260105T163218724605Z_3V2J6RGZYRCB;Active;Schadensfall;2026-01-05 16:32:24;;8.30797729865141;49.93015795
SOB_20260105T163218724768Z_U5PWFSOWSRG4;Active;Schadensfall;2026-01-05 16:32:24;;8.2695932;49.9666358
SOB_20260105T163218724923Z_E2NRLOQQCVBK;Active;Schadensfall;2026-01-05 16:32:24;;8.241297420488513;49.98557745
SOB_20260105T163218725086Z_FOPBE2ZQJVHB;Active;Schadensfall;2026-01-05 16:32:24;;8.241367120989567;50.0195366
SOB_20260105T163218725234Z_NLGGM5GLSRCT;Active;Schadensfall;2026-01-05 16:32:24;;8.2412364;50.0085278
SOB_20260105T163218725386Z_ZPLGV7ESHJAS;Active;Schadensfall;2026-01-05 16:32:24;;8.2687898;49.9992645
SOB_20260105T163218725539Z_65AV4R55HJAE;Active;Schadensfall;2026-01-05 16:32:24;;8.2636875;50.0001794
SOB_20260105T163218725688Z_2UGFYK4BOBH3;Active;Schadensfall;2026-01-05 16:32:24;;8.2782697;49.9933235
SOB_20260105T163218725848Z_CQFXVM43KRFG;Active;Schadensfall;2026-01-05 16:32:24;;8.269844;50.0030516
SOB_20260105T163218725997Z_T2CLUXM34FFJ;Active;Schadensfall;2026-01-05 16:32:24;;8.2742601;50.0027444
SOB_20260105T163218726151Z_NQJYUG2SDJDD;Active;Schadensfall;2026-01-05 16:32:24;;8.2777114;49.9941516
SOB_20260105T163218726305Z_OH5WEMYIEJFG;Active;Schadensfall;2026-01-05 16:32:24;;8.260703584463197;50.011610450000006
SOB_20260105T163218726455Z_XDMNUCY3NJG6;Active;Schadensfall;2026-01-05 16:32:24;;8.2469826;50.0124467
SOB_20260105T163218726616Z_ESKKL7GQMNA7;Active;Schadensfall;2026-01-05 16:32:24;;8.125273460954922;49.91758925
SOB_20260105T163218726770Z_UPSOEVQHTBG3;Active;Schadensfall;2026-01-05 16:32:24;;8.2070906;49.9987237
SOB_20260105T163218726920Z_MVR4SFUS6VAN;Active;Schadensfall;2026-01-05 16:32:24;;8.204238853246562;50.00073365
SOB_20260105T163218727069Z_GSFIDBZPHRDG;Active;Schadensfall;2026-01-05 16:32:24;;8.237069991893424;49.99675955
SOB_20260105T163218727239Z_5XOCWS2MLNH3;Active;Schadensfall;2026-01-05 16:32:24;;8.2372978;49.99636355
SOB_20260105T163218727553Z_ALZ6GKFZ2RFV;Active;Schadensfall;2026-01-05 16:32:24;;8.290603849999997;49.9765112
SOB_20260105T163218727786Z_RODP7TZT45HC;Active;Schadensfall;2026-01-05 16:32:24;;8.2284963;50.00948165
SOB_20260105T163218728008Z_DSQEIRYFVJHE;Active;Schadensfall;2026-01-05 16:32:24;;8.22855175;50.009803
SOB_20260105T163218728232Z_7BLTD2NFUFAP;Active;Schadensfall;2026-01-05 16:32:24;;8.2947009;50.0084907
SOB_20260105T163218728495Z_CQYKZYR6XREB;Active;Schadensfall;2026-01-05 16:32:24;;8.1778692;49.991926
SOB_20260105T163218728757Z_AJEIQQ73IJAZ;Active;Schadensfall;2026-01-05 16:32:24;;8.3296519;49.9176852
SOB_20260105T163218728995Z_GMBSIIPXQNHE;Active;Schadensfall;2026-01-05 16:32:24;;8.2568517;50.0739325
SOB_20260105T163218729190Z_VIYFJQ6FRNDX;Active;Schadensfall;2026-01-05 16:32:24;;8.2948751;50.0088895
SOB_20260105T163218729348Z_RWM4ZISYJZHA;Active;Schadensfall;2026-01-05 16:32:24;;8.253340005898732;49.98844205
SOB_20260105T163218729504Z_BWNJSFEZORD5;Active;Schadensfall;2026-01-05 16:32:24;;8.245306334835028;49.978438
SOB_20260105T163218729650Z_56KSOBMZIVDC;Active;Schadensfall;2026-01-05 16:32:24;;8.248434107391219;49.98321725
SOB_20260105T163218729799Z_XJH2P3ENFFDC;Active;Schadensfall;2026-01-05 16:32:24;;8.057663944991308;49.80827927591159
SOB_20260105T163218729946Z_UH2EOJPBINF6;Active;Schadensfall;2026-01-05 16:32:24;;8.2467946;49.9981768
SOB_20260105T163218730090Z_ZO5QULZFBREH;Active;Schadensfall;2026-01-05 16:32:24;;8.235940230310199;49.99565955
SOB_20260105T163218730243Z_MFPN53BPMZEB;Active;Schadensfall;2026-01-05 16:32:24;;8.23690058426115;50.0223597
SOB_20260105T163218730385Z_JIP73DHQ4RBH;Active;Schadensfall;2026-01-05 16:32:24;;8.11264758379846;49.9959353
SOB_20260105T163218730530Z_CFEAAR4KXFFK;Active;Schadensfall;2026-01-05 16:32:24;;8.302956949999999;50.0008872
SOB_20260105T163218730676Z_RCWJPW62SZB6;Active;Schadensfall;2026-01-05 16:32:24;;8.2347549;50.0012376
SOB_20260105T163218730817Z_I2MP5FVZLBD2;Active;Schadensfall;2026-01-05 16:32:24;;8.217346250488081;49.9969317
SOB_20260105T163218730967Z_TKQYB7Q7IBFJ;Active;Schadensfall;2026-01-05 16:32:24;;8.201163156567628;49.9989509
SOB_20260105T163218731109Z_UKCOKMZEKRFC;Active;Schadensfall;2026-01-05 16:32:24;;8.197178424787957;49.97616515
SOB_20260105T163218731254Z_DU7ZRQVDZJB3;Active;Schadensfall;2026-01-05 16:32:24;;8.2443621;49.9813236
SOB_20260105T163218731398Z_DQ4736WODJBT;Active;Schadensfall;2026-01-05 16:32:24;;8.243382030511643;49.9133732
SOB_20260105T163218731539Z_PPU767CHLJF4;Active;Schadensfall;2026-01-05 16:32:24;;8.241247272908701;49.982981300000006
SOB_20260105T163218731687Z_ZUMT4WZQDRH5;Active;Schadensfall;2026-01-05 16:32:24;;8.268701407487743;50.0075375
SOB_20260105T163218731835Z_PWJ6FI4WNBGZ;Active;Schadensfall;2026-01-05 16:32:24;;8.312005000000006;49.927612
SOB_20260105T163218731976Z_RX2GXAQMMRH6;Active;Schadensfall;2026-01-05 16:32:24;;8.244059400181335;50.01072075
SOB_20260105T163218732129Z_JRFNDJDBONAF;Active;Schadensfall;2026-01-05 16:32:24;;8.2769356;49.9996928
SOB_20260105T163218732283Z_LH2FVW6HE5BN;Active;Schadensfall;2026-01-05 16:32:24;;8.2746976;49.9964404
SOB_20260105T163218732426Z_Q64ZEXDDGNG2;Active;Schadensfall;2026-01-05 16:32:24;;8.246495457085338;49.913848
SOB_20260105T163218732567Z_L7QGESIAUZEH;Active;Schadensfall;2026-01-05 16:32:24;;8.263646335713592;49.99814795
SOB_20260105T163218732712Z_MNO54FR4YBER;Active;Schadensfall;2026-01-05 16:32:24;;8.3031255;49.9828566
SOB_20260105T163218732854Z_BIS4PI4TL5HQ;Active;Schadensfall;2026-01-05 16:32:24;;8.2765421;49.995302
SOB_20260105T163218733008Z_Z3CQAGUXO5DI;Active;Schadensfall;2026-01-05 16:32:24;;8.2716532;50.0012457
SOB_20260105T163218733150Z_4HQZZQET6BD5;Active;Schadensfall;2026-01-05 16:32:24;;8.22836563620606;50.0915795
SOB_20260105T163218733295Z_76Q67EKIPZDS;Active;Schadensfall;2026-01-05 16:32:24;;8.2675119;50.0057291
SOB_20260105T163218733441Z_QMTJJ4U2MFBU;Active;Schadensfall;2026-01-05 16:32:24;;8.2499364;50.0129713
SOB_20260105T163218733584Z_G7KWJ3SOS5HI;Active;Schadensfall;2026-01-05 16:32:24;;8.257680069234059;50.005525500000005
SOB_20260105T163218733734Z_H233JVTSQ5HO;Active;Schadensfall;2026-01-05 16:32:24;;8.2643554;50.0013639
SOB_20260105T163218733876Z_DIDRSOI7NNE3;Active;Schadensfall;2026-01-05 16:32:24;;8.298128035153816;49.98623845
SOB_20260105T163218734014Z_M4PV7USN2FA2;Active;Schadensfall;2026-01-05 16:32:24;;8.2623171;50.011753
SOB_20260105T163218734161Z_J6MIUMXL7ZE5;Active;Schadensfall;2026-01-05 16:32:24;;8.2693581;49.998403
SOB_20260105T163218734301Z_WVINEP75UNGF;Active;Schadensfall;2026-01-05 16:32:24;;8.2750643;49.9954988
SOB_20260105T163218734448Z_3JZIL3AEDFFJ;Active;Schadensfall;2026-01-05 16:32:24;;8.2590711;50.0021534
SOB_20260105T163218734588Z_XUW5WFSK3VG2;Active;Schadensfall;2026-01-05 16:32:24;;8.264297;49.9991661
SOB_20260105T163218734727Z_63VHB2EIMRD2;Active;Schadensfall;2026-01-05 16:32:24;;8.263125;50.0031627
SOB_20260105T163218734869Z_IEZ3T76RLVGF;Active;Schadensfall;2026-01-05 16:32:24;;8.241075440651503;50.0805961
SOB_20260105T163218735022Z_JATC2KQPOVHI;Active;Schadensfall;2026-01-05 16:32:24;;7.913684906488525;49.95169705
SOB_20260105T163218735170Z_WMMXWGJ3KVGK;Active;Schadensfall;2026-01-05 16:32:24;;8.24707629309188;49.9803606
SOB_20260105T163218735313Z_OC7QFG562FGD;Active;Schadensfall;2026-01-05 16:32:24;;8.207434799999996;49.9996294
SOB_20260105T163218735455Z_RWWHB4I7RJGK;Active;Schadensfall;2026-01-05 16:32:24;;8.176781292213736;49.9895721
SOB_20260105T163218735596Z_QXHQO55NURCY;Active;Schadensfall;2026-01-05 16:32:24;;8.179431090426938;49.984073550000005
SOB_20260105T163218735737Z_XTYZ3N36YJFL;Active;Schadensfall;2026-01-05 16:32:24;;8.183376220542671;49.99408957235533
SOB_20260105T163218735887Z_NKKR2HUG4JDZ;Active;Schadensfall;2026-01-05 16:32:24;;8.1669282;49.9830449
SOB_20260105T163218736031Z_OYLZBSY7DFGT;Active;Schadensfall;2026-01-05 16:32:24;;8.206825017227812;49.99977165
SOB_20260105T163218736172Z_GX3FCUBIMJGN;Active;Schadensfall;2026-01-05 16:32:24;;8.278352226857734;49.9140752
SOB_20260105T163218736314Z_XH5HYEFR3BES;Active;Schadensfall;2026-01-05 16:32:24;;8.308375902921963;50.00113225
SOB_20260105T163218736459Z_WXIMS7PTOFDQ;Active;Schadensfall;2026-01-05 16:32:24;;8.278265330078685;49.96353925
SOB_20260105T163218736607Z_RJLBFXZUR5GL;Active;Schadensfall;2026-01-05 16:32:24;;8.2664543;50.004223
SOB_20260105T163218736751Z_MW7OPTD2BNCA;Active;Schadensfall;2026-01-05 16:32:24;;8.269102268465911;49.9974957
SOB_20260105T163218736897Z_SB5U4KPRCFDP;Active;Schadensfall;2026-01-05 16:32:24;;8.2740508;50.0004966
SOB_20260105T163218737037Z_UKYRKP3BVFFN;Active;Schadensfall;2026-01-05 16:32:24;;8.2807465;49.9953702
SOB_20260105T163218737179Z_ZOWYZZNFABHX;Active;Schadensfall;2026-01-05 16:32:24;;8.2765962;49.9956982
SOB_20260105T163218737331Z_NHSQPUNEYZA5;Active;Schadensfall;2026-01-05 16:32:24;;8.278983471435213;49.9954138
SOB_20260105T163218737472Z_HNON2UFFQZAP;Active;Schadensfall;2026-01-05 16:32:24;;8.22787779106644;50.02689615
SOB_20260105T163218737613Z_OCIJKOP4RNEO;Active;Schadensfall;2026-01-05 16:32:24;;8.2430119;50.011787
SOB_20260105T163218737757Z_BRY3U4U4BJDI;Active;Schadensfall;2026-01-05 16:32:24;;8.181984575860971;49.99293845
SOB_20260105T163218737916Z_7QYCQDX2ANAW;Active;Schadensfall;2026-01-05 16:32:24;;8.2347696;50.0212249
SOB_20260105T163218738056Z_SPRZ7FFYS5AL;Active;Schadensfall;2026-01-05 16:32:24;;8.2590949;50.0061597
SOB_20260105T163218738197Z_GW7E4QRWJVAN;Active;Schadensfall;2026-01-05 16:32:24;;8.20859926115657;50.00256135
SOB_20260105T163218738336Z_SBZL5MM2ZRBX;Active;Schadensfall;2026-01-05 16:32:24;;8.2737601;50.1132231
SOB_20260105T163218738477Z_MGPIDLYZQJGN;Active;Schadensfall;2026-01-05 16:32:24;;8.267618015703539;50.0089248
SOB_20260105T163218738627Z_KENKV6KH3JHM;Active;Schadensfall;2026-01-05 16:32:24;;8.180641950000002;49.98926935
SOB_20260105T163218738768Z_KYNAFEZQJFGQ;Active;Schadensfall;2026-01-05 16:32:24;;8.263125;50.0031627
SOB_20260105T163218738910Z_FOXTXLV3FRH3;Active;Schadensfall;2026-01-05 16:32:24;;8.2634161;50.0065652
SOB_20260105T163218739047Z_45UBE2ITRBEE;Active;Schadensfall;2026-01-05 16:32:24;;8.2565894;50.0059278
SOB_20260105T163218739193Z_PUSHJ5DV4ZDL;Active;Schadensfall;2026-01-05 16:32:24;;8.246542622391974;50.0136256
SOB_20260105T163218739341Z_6S6OAEWV7RH4;Active;Schadensfall;2026-01-05 16:32:24;;8.1830761;49.9938952
SOB_20260105T163218739484Z_5R2AWPWORVFX;Active;Schadensfall;2026-01-05 16:32:24;;8.261835154073921;50.0012733
SOB_20260105T163218739629Z_CTMAHPK23NG2;Active;Schadensfall;2026-01-05 16:32:24;;8.22128915;50.0218118
SOB_20260105T163218739773Z_3PHC4JIUXFBQ;Active;Schadensfall;2026-01-05 16:32:24;;8.2304522;49.9686347
SOB_20260105T163218739915Z_ZPJQNKJSZNFV;Active;Schadensfall;2026-01-05 16:32:24;;8.4501596;49.991801
SOB_20260105T163218740068Z_RMXMEUM72RHG;Active;Schadensfall;2026-01-05 16:32:24;;8.2200882;50.0260941
SOB_20260105T163218740211Z_I43SBKT5HZBI;Active;Schadensfall;2026-01-05 16:32:24;;8.2677484;49.954155
SOB_20260105T163218740356Z_N3NXB24Q5ZDW;Active;Schadensfall;2026-01-05 16:32:24;;8.239143543264216;49.9853123
SOB_20260105T163218740501Z_UC4IKZBTQ5EA;Active;Schadensfall;2026-01-05 16:32:24;;8.23655961793531;49.9759364
SOB_20260105T163218740645Z_BYUF35664FFA;Active;Schadensfall;2026-01-05 16:32:24;;8.2788819;49.9637455
SOB_20260105T163218740795Z_DEMAAIFGG5HZ;Active;Schadensfall;2026-01-05 16:32:24;;8.312211923389999;49.9615729
SOB_20260105T163218740940Z_REPDNX5LIBFN;Active;Schadensfall;2026-01-05 16:32:24;;8.0527711;49.9745581
SOB_20260105T163218741089Z_SEGAKLQODNEI;Active;Schadensfall;2026-01-05 16:32:24;;8.255265290424214;50.00190555
SOB_20260105T163218741229Z_I5U6LKVEV5FZ;Active;Schadensfall;2026-01-05 16:32:24;;8.23351332678424;50.0006484
SOB_20260105T163218741384Z_X44DULTEXVFF;Active;Schadensfall;2026-01-05 16:32:24;;8.2666752;50.0006199
SOB_20260105T163218741533Z_RQCMC42XYNEZ;Active;Schadensfall;2026-01-05 16:32:24;;8.219709142452846;50.0059656
SOB_20260105T163218741676Z_GX7KWL3S3JCP;Active;Schadensfall;2026-01-05 16:32:24;;8.263300888752681;50.0087485
SOB_20260105T163218741818Z_LI3FWNTWXJCR;Active;Schadensfall;2026-01-05 16:32:24;;8.257450158582088;50.0115854
SOB_20260105T163218741960Z_YCMOHGKHN5CX;Active;Schadensfall;2026-01-05 16:32:24;;8.255335835644377;50.0066575
SOB_20260105T163218742098Z_AK3XEASCUZE3;Active;Schadensfall;2026-01-05 16:32:24;;8.259626;50.0044637
SOB_20260105T163218742246Z_RQLZCIRG65BZ;Active;Schadensfall;2026-01-05 16:32:24;;8.2622924;50.0024693
SOB_20260105T163218742396Z_R3HTMBRKRBHR;Active;Schadensfall;2026-01-05 16:32:24;;8.267569462692729;50.00920925
SOB_20260105T163218742538Z_ZGRZCDYI6RFA;Active;Schadensfall;2026-01-05 16:32:24;;8.2722069;50.0006193
SOB_20260105T163218742680Z_ELSPYT37KFDJ;Active;Schadensfall;2026-01-05 16:32:24;;8.2445306;49.9699418
SOB_20260105T163218742826Z_PFRM5RVSONH6;Active;Schadensfall;2026-01-05 16:32:24;;8.208605338875028;49.998698
SOB_20260105T163218742977Z_QNXZRQ2I6VAA;Active;Schadensfall;2026-01-05 16:32:24;;8.2634291;50.0015476
SOB_20260105T163218743217Z_ILWEFJ6ZXVCW;Active;Schadensfall;2026-01-05 16:32:24;;8.2645262;50.0009319
SOB_20260105T163218743374Z_Z53OOXCGGNH7;Active;Schadensfall;2026-01-05 16:32:24;;8.2669481;49.9979767
SOB_20260105T163218743520Z_V5ZVA4KE7ZFL;Active;Schadensfall;2026-01-05 16:32:24;;8.27391570595238;49.99635575
SOB_20260105T163218743666Z_T4MUMSUY5RH2;Active;Schadensfall;2026-01-05 16:32:24;;8.2765962;49.9956982
SOB_20260105T163218743815Z_PTHU3GZ6CZAO;Active;Schadensfall;2026-01-05 16:32:24;;8.2758258;49.9950389
SOB_20260105T163218743961Z_H3PXGYOC4JDH;Active;Schadensfall;2026-01-05 16:32:24;;8.2707827;49.99909
SOB_20260105T163218744103Z_AKXFQMJ2PNG6;Active;Schadensfall;2026-01-05 16:32:24;;8.2786366;49.9985355
SOB_20260105T163218744267Z_22YU76RU6JD5;Active;Schadensfall;2026-01-05 16:32:24;;8.266713;50.0027159
SOB_20260105T163218744416Z_BTYOA54GDBA6;Active;Schadensfall;2026-01-05 16:32:24;;8.264987827623091;50.0019586
SOB_20260105T163218744565Z_GVL63R6VL5FZ;Active;Schadensfall;2026-01-05 16:32:24;;7.894441153576203;49.96873785
SOB_20260105T163218744708Z_S7CWAXDRCNAT;Active;Schadensfall;2026-01-05 16:32:24;;8.2668472;50.001641
SOB_20260105T163218744852Z_CKW3TGCKRZBQ;Active;Schadensfall;2026-01-05 16:32:24;;8.210587502138694;50.00307545
SOB_20260105T163218744995Z_K55O6QSFIBCV;Active;Schadensfall;2026-01-05 16:32:24;;8.252622910927029;49.98844458130021
SOB_20260105T163218745178Z_XT3EM6QY5VAI;Active;Schadensfall;2026-01-05 16:32:24;;8.176181923193262;49.989183
SOB_20260105T163218745323Z_T3DZZLTT6VGQ;Active;Schadensfall;2026-01-05 16:32:24;;8.279295152103288;49.9850989
SOB_20260105T163218745467Z_TXYGQ6FDYVEH;Active;Schadensfall;2026-01-05 16:32:24;;8.058677675;49.9676851
SOB_20260105T163218745619Z_NUNEYZBW4ZFZ;Active;Schadensfall;2026-01-05 16:32:24;;8.27755585682295;49.9976405
SOB_20260105T163218745763Z_HDN2GRFTMBGM;Active;Schadensfall;2026-01-05 16:32:24;;8.2626534;50.0009842
SOB_20260105T163218745910Z_NUWWUG2AXNDZ;Active;Schadensfall;2026-01-05 16:32:24;;8.267080862953232;50.00337805
SOB_20260105T163218746051Z_QMFBA5ERHBD6;Active;Schadensfall;2026-01-05 16:32:24;;8.2734734;50.0002648
SOB_20260105T163218746197Z_S62JMINXOVH3;Active;Schadensfall;2026-01-05 16:32:24;;8.214320610126489;50.0005876
SOB_20260105T163218746341Z_2W4CW2GIPFEL;Active;Schadensfall;2026-01-05 16:32:24;;8.2661725;50.0008574
SOB_20260105T163218746481Z_SFJU7DR2EBGR;Active;Schadensfall;2026-01-05 16:32:24;;8.2854958;50.0089117
SOB_20260105T163218746630Z_FFHHY4GWJVHO;Active;Schadensfall;2026-01-05 16:32:24;;8.265894447337278;50.0014666
SOB_20260105T163218746775Z_YVTCWQDEQRBL;Active;Schadensfall;2026-01-05 16:32:24;;8.264250381914895;50.0011865
SOB_20260105T163218746924Z_77YT3A2SQRFT;Active;Schadensfall;2026-01-05 16:32:24;;8.2670996;49.9991822
SOB_20260105T163218747063Z_QZI4B34MQVHZ;Active;Schadensfall;2026-01-05 16:32:24;;8.2384016;50.0782495
SOB_20260105T163218747206Z_RL24HXIKWRGK;Active;Schadensfall;2026-01-05 16:32:24;;8.2627536;50.0008198
SOB_20260105T163218747665Z_NPTCBHZYMFEM;Active;Schadensfall;2026-01-05 16:32:24;;8.2762485;49.9994035
SOB_20260105T163218748373Z_OCE5VRWOVNDW;Active;Schadensfall;2026-01-05 16:32:24;;8.2726364;50.0005529
SOB_20260105T163218748905Z_FJ7QAQKWYFFA;Active;Schadensfall;2026-01-05 16:32:24;;8.267388747027276;49.9967179
SOB_20260105T163218749556Z_ORZ4Q5XW4NG6;Active;Schadensfall;2026-01-05 16:32:24;;8.2756361;49.9963808
SOB_20260105T163218749875Z_6BFUZFKAO5AX;Active;Schadensfall;2026-01-05 16:32:24;;8.251669431659547;50.00853165
SOB_20260105T163218750115Z_GVCDTMPKB5AY;Active;Schadensfall;2026-01-05 16:32:24;;8.2823259;50.0082851
SOB_20260105T163218750331Z_KGUZQVRU3RA7;Active;Schadensfall;2026-01-05 16:32:24;;8.2769356;49.9996928
SOB_20260105T163218750544Z_ZS2WOLPC2RHT;Active;Schadensfall;2026-01-05 16:32:24;;8.2679067;50.00137
SOB_20260105T163218750759Z_EV3ES7ONFFB6;Active;Schadensfall;2026-01-05 16:32:24;;8.2649506;50.0032493
SOB_20260105T163218750963Z_K3AKL5RHFFF3;Active;Schadensfall;2026-01-05 16:32:24;;8.204171922592593;50.00021125
SOB_20260105T163218751173Z_22TWMCS7OZFP;Active;Schadensfall;2026-01-05 16:32:24;;8.2853411;50.0089363
SOB_20260105T163218751387Z_ULYINYX5TJAZ;Active;Schadensfall;2026-01-05 16:32:24;;8.2731723;50.0003275
SOB_20260105T163218751618Z_RMFZ2HOSCVCH;Active;Schadensfall;2026-01-05 16:32:24;;8.278116112449403;49.99788875
SOB_20260105T163218751851Z_M6CNQMT45FGW;Active;Schadensfall;2026-01-05 16:32:24;;8.2664723;50.0008091
SOB_20260105T163218752078Z_CJQSWAIEEVFA;Active;Schadensfall;2026-01-05 16:32:24;;8.2633946;50.0013896
SOB_20260105T163218752323Z_GVVEJ374RVH2;Active;Schadensfall;2026-01-05 16:32:24;;8.2693292;50.0001185
SOB_20260105T163218752547Z_7KQD3HE42BGV;Active;Schadensfall;2026-01-05 16:32:24;;8.2726364;50.0005529
SOB_20260105T163218752766Z_GWLHICWIOVHL;Active;Schadensfall;2026-01-05 16:32:24;;8.276703049795922;50.000173200000006
SOB_20260105T163218753004Z_3U5NVC4VG5CQ;Active;Schadensfall;2026-01-05 16:32:24;;8.275835054207278;49.99633405
SOB_20260105T163218753237Z_PFQJUENGNZAJ;Active;Schadensfall;2026-01-05 16:32:24;;8.251940292066921;50.00954935
SOB_20260105T163218753512Z_NQBRB5QA4BHE;Active;Schadensfall;2026-01-05 16:32:24;;8.2443621;49.9813236
SOB_20260105T163218753755Z_FSWXY5JESFDD;Active;Schadensfall;2026-01-05 16:32:24;;8.2772424;49.9992434
SOB_20260105T163218753988Z_5D4FRKA4LVBQ;Active;Schadensfall;2026-01-05 16:32:24;;8.2670409;50.0017451
SOB_20260105T163218754225Z_M4ZZBUAWM5CQ;Active;Schadensfall;2026-01-05 16:32:24;;8.2645953;50.0027824
SOB_20260105T163218754475Z_EOXFLJ4GNBEV;Active;Schadensfall;2026-01-05 16:32:24;;8.204355749999998;49.99974185000001
SOB_20260105T163218754700Z_KQR5SSB3WVCX;Active;Schadensfall;2026-01-05 16:32:24;;8.2852948;50.0090084
SOB_20260105T163218754924Z_5HYNB2VTHRBF;Active;Schadensfall;2026-01-05 16:32:24;;8.2726364;50.0005529
SOB_20260105T163218755153Z_3GJGPGCAL5CT;Active;Schadensfall;2026-01-05 16:32:24;;8.2746709;50.0033859
SOB_20260105T163218755385Z_WJ4E6AZWIRHF;Active;Schadensfall;2026-01-05 16:32:24;;8.2668478;50.0008756
SOB_20260105T163218755622Z_I5E3ELXIQRAM;Active;Schadensfall;2026-01-05 16:32:24;;7.9679341;49.9826884
SOB_20260105T163218755854Z_LZB6PP2DLZEL;Active;Schadensfall;2026-01-05 16:32:24;;8.276372694646273;49.995465550000006
SOB_20260105T163218756082Z_T5MN3NDTHJC6;Active;Schadensfall;2026-01-05 16:32:24;;8.2726364;50.0005529
SOB_20260105T163218756313Z_VGFAPZOH45H2;Active;Schadensfall;2026-01-05 16:32:24;;8.2429458;49.9815236
SOB_20260105T163218756544Z_RYHLS7LGIBGQ;Active;Schadensfall;2026-01-05 16:32:24;;8.2755597;49.996436
SOB_20260105T163218756787Z_BEQG3UP2VRGS;Active;Schadensfall;2026-01-05 16:32:24;;8.2509153;50.0097431
SOB_20260105T163218757019Z_LPHJPPCPNRCR;Active;Schadensfall;2026-01-05 16:32:24;;8.281751902413795;50.008871850000006
SOB_20260105T163218757253Z_2B7S3JMDW5EB;Active;Schadensfall;2026-01-05 16:32:24;;8.27773460800423;50.00010715
SOB_20260105T163218757496Z_Y5BO7YCRARFV;Active;Schadensfall;2026-01-05 16:32:24;;8.2667938;50.0017215
SOB_20260105T163218757716Z_5PUHI2ZZZ5CG;Active;Schadensfall;2026-01-05 16:32:24;;8.2661841;50.0028132
SOB_20260105T163218757930Z_TPZ5OK33DBCE;Active;Schadensfall;2026-01-05 16:32:24;;8.20460444181472;49.99978405
SOB_20260105T163218758170Z_YPFLM63SYZDK;Active;Schadensfall;2026-01-05 16:32:24;;8.2852948;50.0090084
SOB_20260105T163218758378Z_AW2F5TZQBZEN;Active;Schadensfall;2026-01-05 16:32:24;;8.274203;50.0004998
SOB_20260105T163218758593Z_LUSUQ6MLAJGL;Active;Schadensfall;2026-01-05 16:32:24;;8.2776077;49.9986878
SOB_20260105T163218758802Z_BP5SUGMVUZHM;Active;Schadensfall;2026-01-05 16:32:24;;8.266259941338065;50.00071875
SOB_20260105T163218759013Z_OXJJUA6CJJB3;Active;Schadensfall;2026-01-05 16:32:24;;7.9692436;49.9824843
SOB_20260105T163218759235Z_H45JVJQ7TNGS;Active;Schadensfall;2026-01-05 16:32:24;;8.271545255693843;49.96980175
SOB_20260105T163218759439Z_GMUVBPC7OFHW;Active;Schadensfall;2026-01-05 16:32:24;;8.2726364;50.0005529
SOB_20260105T163218759640Z_HTTQHMQ3RFFY;Active;Schadensfall;2026-01-05 16:32:24;;8.2653659;49.9953799
SOB_20260105T163218759836Z_KJTWGQKYRNB6;Active;Schadensfall;2026-01-05 16:32:24;;8.275471873188405;49.9965574
SOB_20260105T163218760036Z_3U4MFQY5S5ES;Active;Schadensfall;2026-01-05 16:32:24;;8.2509153;50.0097431
SOB_20260105T163218760235Z_XVG5G3CIAND6;Active;Schadensfall;2026-01-05 16:32:24;;8.2443979;49.9816646
SOB_20260105T163218760432Z_RP7ZKVBCPFET;Active;Schadensfall;2026-01-05 16:32:24;;8.2769356;49.9996928
SOB_20260105T163218760609Z_5H7KPXI7NBAI;Active;Schadensfall;2026-01-05 16:32:24;;8.2667938;50.0017215
SOB_20260105T163218760766Z_ZFJKJAJUTZBG;Active;Schadensfall;2026-01-05 16:32:24;;8.2649506;50.0032493
SOB_20260105T163218760919Z_LDILQSF3QFFK;Active;Schadensfall;2026-01-05 16:32:24;;8.204750128441987;49.99958235
SOB_20260105T163218761070Z_ZT4T6W3CDBDY;Active;Schadensfall;2026-01-05 16:32:24;;8.2852948;50.0090084
SOB_20260105T163218761245Z_3MPNH3PCAVEV;Active;Schadensfall;2026-01-05 16:32:24;;8.2726364;50.0005529
SOB_20260105T163218761411Z_RXGJWOTZYFFD;Active;Schadensfall;2026-01-05 16:32:24;;8.2773412;49.9989839
SOB_20260105T163218761562Z_CPVQSVP6RJB3;Active;Schadensfall;2026-01-05 16:32:24;;8.2668695;50.0005422
SOB_20260105T163218761720Z_2ELDRDMLJRDY;Active;Schadensfall;2026-01-05 16:32:24;;7.9679341;49.9826884
SOB_20260105T163218761869Z_K7JYDOF6Y5EG;Active;Schadensfall;2026-01-05 16:32:24;;8.234157147759316;49.96278615
SOB_20260105T163218762015Z_TBNMTNTBSVE6;Active;Schadensfall;2026-01-05 16:32:24;;8.2726364;50.0005529
SOB_20260105T163218762162Z_IEHFL5BEMJFV;Active;Schadensfall;2026-01-05 16:32:24;;8.252902500000001;49.91775985
SOB_20260105T163218762307Z_7OPDA4GXVFGV;Active;Schadensfall;2026-01-05 16:32:24;;8.2752394;49.9966547
SOB_20260105T163218762466Z_GMF5PY7VTVFO;Active;Schadensfall;2026-01-05 16:32:24;;8.2546003;50.0113591
SOB_20260105T163218762617Z_TJKHDKJBDZDQ;Active;Schadensfall;2026-01-05 16:32:24;;8.2823259;50.0082851
SOB_20260105T163218762764Z_L35OFHYMCVCE;Active;Schadensfall;2026-01-05 16:32:24;;8.2769356;49.9996928
SOB_20260105T163218762911Z_MPKMVRK3Z5A3;Active;Schadensfall;2026-01-05 16:32:24;;8.2679067;50.00137
SOB_20260105T163218763056Z_PNJFO5AIENAW;Active;Schadensfall;2026-01-05 16:32:24;;8.26393039948052;50.0017823
SOB_20260105T163218763212Z_4HJBBEQE2RAP;Active;Schadensfall;2026-01-05 16:32:24;;8.204722250000003;49.9989815
SOB_20260105T163218763360Z_GATHLLYPFFA4;Active;Schadensfall;2026-01-05 16:32:24;;8.142372602272726;50.0380613
SOB_20260105T163218763508Z_KWRV3LGKCJA6;Active;Schadensfall;2026-01-05 16:32:24;;8.2726364;50.0005529
SOB_20260105T163218763659Z_AY5XXRYTPFCN;Active;Schadensfall;2026-01-05 16:32:24;;8.276786117457632;50.0000233
SOB_20260105T163218763813Z_43XRHAW3EVGV;Active;Schadensfall;2026-01-05 16:32:24;;8.2668695;50.0005422
SOB_20260105T163218763959Z_GO6BIMOHU5CN;Active;Schadensfall;2026-01-05 16:32:24;;8.2701742;49.95584
SOB_20260105T163218764107Z_XQRO2PKIFBDX;Active;Schadensfall;2026-01-05 16:32:24;;8.268225783125779;49.9561194
SOB_20260105T163218764254Z_BGTD5TQ2XVH3;Active;Schadensfall;2026-01-05 16:32:24;;8.2726364;50.0005529
SOB_20260105T163218764402Z_XGURMWIR5VDO;Active;Schadensfall;2026-01-05 16:32:24;;8.347329108029513;50.0166078
SOB_20260105T163218764556Z_HBABGMDMMFF5;Active;Schadensfall;2026-01-05 16:32:24;;8.275122628614007;49.99685665
SOB_20260105T163218764703Z_DE3IKMHAJVFB;Active;Schadensfall;2026-01-05 16:32:24;;8.2546003;50.0113591
SOB_20260105T163218764847Z_CTRSF7G4WBAE;Active;Schadensfall;2026-01-05 16:32:24;;8.2823259;50.0082851
SOB_20260105T163218765017Z_U2YXMJZAONCL;Active;Schadensfall;2026-01-05 16:32:24;;8.2769356;49.9996928
SOB_20260105T163218765162Z_WVX25PFVRVFH;Active;Schadensfall;2026-01-05 16:32:24;;8.2667938;50.0017215
SOB_20260105T163218765309Z_OAV53QNY2JH4;Active;Schadensfall;2026-01-05 16:32:24;;8.3490403;50.0164576
SOB_20260105T163218765448Z_TJVTPUUVQZGC;Active;Schadensfall;2026-01-05 16:32:24;;8.3490403;50.0164576
SOB_20260105T163218765591Z_IP7I2YBATND7;Active;Schadensfall;2026-01-05 16:32:24;;8.2852948;50.0090084
SOB_20260105T163218765734Z_OEBG3BPARNEH;Active;Schadensfall;2026-01-05 16:32:24;;8.2726364;50.0005529
SOB_20260105T163218765877Z_XRX5XMJDCJHM;Active;Schadensfall;2026-01-05 16:32:24;;8.0211757;49.9701235
SOB_20260105T163218766025Z_3F2DMND4DVHH;Active;Schadensfall;2026-01-05 16:32:24;;8.2668695;50.0005422
SOB_20260105T163218766166Z_2DHCAUI2QFBP;Active;Schadensfall;2026-01-05 16:32:24;;8.3487344;50.0153952
SOB_20260105T163218766305Z_IKJ3WCNAO5G7;Active;Schadensfall;2026-01-05 16:32:24;;8.361985015999709;50.0136121
SOB_20260105T163218766452Z_UTQRDPAR7VFU;Active;Schadensfall;2026-01-05 16:32:24;;8.2726364;50.0005529
SOB_20260105T163218766592Z_PUZ3FCD7RRAS;Active;Schadensfall;2026-01-05 16:32:24;;8.16826175;50.02321165
SOB_20260105T163218766739Z_UWZX5MEFU5ES;Active;Schadensfall;2026-01-05 16:32:24;;8.2736522;49.9975871
SOB_20260105T163218766884Z_ICAVBAQE2ZGG;Active;Schadensfall;2026-01-05 16:32:24;;8.2552231;50.0114141
SOB_20260105T163218767026Z_VBTT3ISPCNAF;Active;Schadensfall;2026-01-05 16:32:24;;8.238771417482287;50.0402269
SOB_20260105T163218767190Z_KIOG4MTCSNAP;Active;Schadensfall;2026-01-05 16:32:24;;8.2769356;49.9996928
SOB_20260105T163218767336Z_UQEZHGMFAJFN;Active;Schadensfall;2026-01-05 16:32:24;;8.2667938;50.0017215
SOB_20260105T163218767486Z_VUROQ3ZG6JE2;Active;Schadensfall;2026-01-05 16:32:24;;8.2649506;50.0032493
SOB_20260105T163218767628Z_EDUI5S2BSNEI;Active;Schadensfall;2026-01-05 16:32:24;;8.204984525425179;49.998412
SOB_20260105T163218767774Z_QYZ2ZBOP4RFM;Active;Schadensfall;2026-01-05 16:32:24;;8.2852948;50.0090084
SOB_20260105T163218767919Z_AH6FHIMYB5HG;Active;Schadensfall;2026-01-05 16:32:24;;8.2726364;50.0005529
SOB_20260105T163218768060Z_XMQJE4S54NEU;Active;Schadensfall;2026-01-05 16:32:24;;8.2746709;50.0033859
SOB_20260105T163218768207Z_AM6OPSXY35BO;Active;Schadensfall;2026-01-05 16:32:24;;8.2668695;50.0005422
SOB_20260105T163218768352Z_BYMKGQPBDFHO;Active;Schadensfall;2026-01-05 16:32:24;;7.9679341;49.9826884
SOB_20260105T163218768494Z_ODEY4YENXRCE;Active;Schadensfall;2026-01-05 16:32:24;;8.167907611649767;50.02295285
SOB_20260105T163218768637Z_56BVSRSSMJBQ;Active;Schadensfall;2026-01-05 16:32:24;;8.2726364;50.0005529
SOB_20260105T163218768780Z_UKS5RUOJX5CY;Active;Schadensfall;2026-01-05 16:32:24;;8.304562294969005;50.00106485
SOB_20260105T163218768931Z_I5TKNM47FRA6;Active;Schadensfall;2026-01-05 16:32:24;;8.2743887;49.997207
SOB_20260105T163218769075Z_7STQ6FGXSNFK;Active;Schadensfall;2026-01-05 16:32:24;;8.2546612;50.0111709
SOB_20260105T163218769220Z_LQ2LZQGBV5HT;Active;Schadensfall;2026-01-05 16:32:24;;8.264582386214183;50.00035545
SOB_20260105T163218769361Z_RSOUBKTQBRE6;Active;Schadensfall;2026-01-05 16:32:24;;8.2769356;49.9996928
SOB_20260105T163218769506Z_YV3JAKI5V5B3;Active;Schadensfall;2026-01-05 16:32:24;;8.2667938;50.0017215
SOB_20260105T163218769656Z_UID7MSKGHJFC;Active;Schadensfall;2026-01-05 16:32:24;;8.2649506;50.0032493
SOB_20260105T163218769795Z_BPK57TKEMBCZ;Active;Schadensfall;2026-01-05 16:32:24;;8.205134612905272;49.99812595
SOB_20260105T163218769937Z_ACBW2B33EZBU;Active;Schadensfall;2026-01-05 16:32:24;;8.2852948;50.0090084
SOB_20260105T163218770082Z_ZNJQZXT2WVEM;Active;Schadensfall;2026-01-05 16:32:24;;8.2726364;50.0005529
SOB_20260105T163218770221Z_IKGG2HEMJBEP;Active;Schadensfall;2026-01-05 16:32:24;;8.2746709;50.0033859
SOB_20260105T163218770369Z_7ESXHUW56REJ;Active;Schadensfall;2026-01-05 16:32:24;;8.2668695;50.0005422
SOB_20260105T163218770511Z_GX5IULHIWJG4;Active;Schadensfall;2026-01-05 16:32:24;;8.317743442382376;49.96211
SOB_20260105T163218770650Z_QCRWO4HOVBGG;Active;Schadensfall;2026-01-05 16:32:24;;8.31880685;49.9619924
SOB_20260105T163218770789Z_LFISIKTHNFAH;Active;Schadensfall;2026-01-05 16:32:24;;8.2726364;50.0005529
SOB_20260105T163218770940Z_HGH7MA4NQFFR;Active;Schadensfall;2026-01-05 16:32:24;;8.272318985882848;50.00181791430383
SOB_20260105T163218771088Z_R3QNBJDQ3ZFK;Active;Schadensfall;2026-01-05 16:32:24;;8.2741079;49.9973466
SOB_20260105T163218771232Z_FSPAIZVKHVGC;Active;Schadensfall;2026-01-05 16:32:24;;8.2560853;50.0115765
SOB_20260105T163218771374Z_HOCWML4LMZCX;Active;Schadensfall;2026-01-05 16:32:24;;7.8942799;49.9679516
SOB_20260105T163218771517Z_4BAC2YSKFVFK;Active;Schadensfall;2026-01-05 16:32:24;;8.2769356;49.9996928
SOB_20260105T163218771668Z_SN2KGIHFZNGL;Active;Schadensfall;2026-01-05 16:32:24;;8.2667938;50.0017215
SOB_20260105T163218771810Z_NFBXNIMQJNBO;Active;Schadensfall;2026-01-05 16:32:24;;8.2649506;50.0032493
SOB_20260105T163218771963Z_GFCQKQB6BNFP;Active;Schadensfall;2026-01-05 16:32:24;;8.2043992;49.9999309
SOB_20260105T163218772107Z_DVBOPUV5RJEM;Active;Schadensfall;2026-01-05 16:32:24;;8.2852948;50.0090084
SOB_20260105T163218772251Z_MXZFKSSVBBGT;Active;Schadensfall;2026-01-05 16:32:24;;8.2726364;50.0005529
SOB_20260105T163218772405Z_6AB54MFDENF5;Active;Schadensfall;2026-01-05 16:32:24;;8.2746709;50.0033859
SOB_20260105T163218772546Z_LGKUWTEGUJBZ;Active;Schadensfall;2026-01-05 16:32:24;;8.2668695;50.0005422
SOB_20260105T163218772687Z_LQJUZWIMIJDY;Active;Schadensfall;2026-01-05 16:32:24;;8.318977149999997;49.96191445
SOB_20260105T163218772829Z_RROPKI6XWND3;Active;Schadensfall;2026-01-05 16:32:24;;8.320311700000001;49.96204635
SOB_20260105T163218772972Z_SJXLEWGBVRHV;Active;Schadensfall;2026-01-05 16:32:24;;8.2726364;50.0005529
SOB_20260105T163218773118Z_NNLKXGYK5NGA;Active;Schadensfall;2026-01-05 16:32:24;;8.1993224;49.9568478
SOB_20260105T163218773261Z_UA2YXZ4P6JD7;Active;Schadensfall;2026-01-05 16:32:24;;8.2740148;49.9974185
SOB_20260105T163218773403Z_6FFVMIAVXFFA;Active;Schadensfall;2026-01-05 16:32:24;;8.256806475678088;50.01211205
SOB_20260105T163218773567Z_L5FJTBXJUVE3;Active;Schadensfall;2026-01-05 16:32:24;;8.280893200000001;49.99080555
SOB_20260105T163218773706Z_7M7XFIPFNFCA;Active;Schadensfall;2026-01-05 16:32:24;;8.2769356;49.9996928
SOB_20260105T163218773855Z_CES3MW7VHNA7;Active;Schadensfall;2026-01-05 16:32:24;;8.2667938;50.0017215
SOB_20260105T163218773994Z_FW624REYDNDF;Active;Schadensfall;2026-01-05 16:32:24;;8.2649506;50.0032493
SOB_20260105T163218774134Z_UMEG5GO6I5HC;Active;Schadensfall;2026-01-05 16:32:24;;8.2049692;49.998762
SOB_20260105T163218774279Z_NZKXFAYLONBQ;Active;Schadensfall;2026-01-05 16:32:24;;8.2852948;50.0090084
SOB_20260105T163218774419Z_W7NZVXSQ7BD6;Active;Schadensfall;2026-01-05 16:32:24;;8.2726364;50.0005529
SOB_20260105T163218774565Z_6O2Y6KTJVFEV;Active;Schadensfall;2026-01-05 16:32:24;;8.275909061076574;50.00212065
SOB_20260105T163218774753Z_7BWPG3GTBNDX;Active;Schadensfall;2026-01-05 16:32:24;;8.2668695;50.0005422
SOB_20260105T163218774909Z_MRU5TE7HRNDM;Active;Schadensfall;2026-01-05 16:32:24;;8.28052385;49.98459895
SOB_20260105T163218775050Z_2JSWXWWSFFBN;Active;Schadensfall;2026-01-05 16:32:24;;8.281557636477759;49.98391045
SOB_20260105T163218775192Z_3CYDJ4ZZGFGP;Active;Schadensfall;2026-01-05 16:32:24;;8.2726364;50.0005529
SOB_20260105T163218775341Z_YMG5QBJJ2JHM;Active;Schadensfall;2026-01-05 16:32:24;;8.3231682;49.9958734
SOB_20260105T163218775489Z_WYSUP4N3OFHK;Active;Schadensfall;2026-01-05 16:32:24;;8.273902354578487;49.99755905
SOB_20260105T163218775636Z_DXQ2FENTDNH2;Active;Schadensfall;2026-01-05 16:32:24;;8.252281672790538;50.00996935
SOB_20260105T163218775778Z_DBM7QR6BOFGO;Active;Schadensfall;2026-01-05 16:32:24;;8.239716068821966;50.042164
SOB_20260105T163218775922Z_KP4C7JSYTJAS;Active;Schadensfall;2026-01-05 16:32:24;;8.2769356;49.9996928
SOB_20260105T163218776074Z_6E6HV5EZJJGF;Active;Schadensfall;2026-01-05 16:32:24;;8.2667938;50.0017215
SOB_20260105T163218776235Z_NAORKFP36RGC;Active;Schadensfall;2026-01-05 16:32:24;;8.2649506;50.0032493
SOB_20260105T163218776382Z_FDYO4Q7LGVF7;Active;Schadensfall;2026-01-05 16:32:24;;8.284184910126045;49.98439085
SOB_20260105T163218776524Z_JKHF3VK2YZF4;Active;Schadensfall;2026-01-05 16:32:24;;8.2659603;50.0050583
SOB_20260105T163218776669Z_KEKM2YRXNZBB;Active;Schadensfall;2026-01-05 16:32:24;;8.282928546652892;49.98442865
SOB_20260105T163218776817Z_36BZUICZXJF3;Active;Schadensfall;2026-01-05 16:32:24;;8.2757544;50.0030535
SOB_20260105T163218776961Z_FIS7YJIXOJAE;Active;Schadensfall;2026-01-05 16:32:24;;8.2668695;50.0005422
SOB_20260105T163218777108Z_PWTJFKFGE5GQ;Active;Schadensfall;2026-01-05 16:32:24;;7.9679341;49.9826884
SOB_20260105T163218777251Z_KK6LOLHLDBDO;Active;Schadensfall;2026-01-05 16:32:24;;7.966341249999997;49.9809199
SOB_20260105T163218777395Z_6EPXGVPCZRC5;Active;Schadensfall;2026-01-05 16:32:24;;8.2726364;50.0005529
SOB_20260105T163218777548Z_RKP3PTPKJZGZ;Active;Schadensfall;2026-01-05 16:32:24;;8.3115697;50.015156
SOB_20260105T163218777692Z_LLXXMLJ4K5C6;Active;Schadensfall;2026-01-05 16:32:24;;8.2736522;49.9975871
SOB_20260105T163218777833Z_4F2EZBJZTNHZ;Active;Schadensfall;2026-01-05 16:32:24;;8.2546612;50.0111709
SOB_20260105T163218777978Z_HWHSMGH2KNG4;Active;Schadensfall;2026-01-05 16:32:24;;8.2400516;50.0427184
SOB_20260105T163218778129Z_LC3UM7OHIZEX;Active;Schadensfall;2026-01-05 16:32:24;;8.2769356;49.9996928
SOB_20260105T163218778273Z_TPT54MY6QNGF;Active;Schadensfall;2026-01-05 16:32:24;;8.2667938;50.0017215
SOB_20260105T163218778419Z_5UM727EFZFGF;Active;Schadensfall;2026-01-05 16:32:24;;8.2649506;50.0032493
SOB_20260105T163218778564Z_7OYDCOK7H5CO;Active;Schadensfall;2026-01-05 16:32:24;;8.2043992;49.9999309
SOB_20260105T163218778702Z_SPQUV3AYTRHB;Active;Schadensfall;2026-01-05 16:32:24;;8.2852948;50.0090084
SOB_20260105T163218778852Z_2SH4H4WOVFH7;Active;Schadensfall;2026-01-05 16:32:24;;8.2748124;50.0003402
SOB_20260105T163218778994Z_JHVV5OJI45CC;Active;Schadensfall;2026-01-05 16:32:24;;8.2589437;50.0062207
SOB_20260105T163218779134Z_P2F46AUEEVCI;Active;Schadensfall;2026-01-05 16:32:24;;8.2668695;50.0005422
SOB_20260105T163218779273Z_XSFKRXYVBZD4;Active;Schadensfall;2026-01-05 16:32:24;;8.2623765;49.99490525
SOB_20260105T163218779417Z_VXEKYNBWQ5EH;Active;Schadensfall;2026-01-05 16:32:24;;8.26288627546241;49.99484605
SOB_20260105T163218779564Z_RQAM6N5SS5E6;Active;Schadensfall;2026-01-05 16:32:24;;8.274303;49.9998797
SOB_20260105T163218779703Z_5W625AX6IJAC;Active;Schadensfall;2026-01-05 16:32:24;;8.200273041331641;50.00058455
SOB_20260105T163218779846Z_65M54EEUSJBV;Active;Schadensfall;2026-01-05 16:32:24;;8.2738657;49.9976568
SOB_20260105T163218779985Z_UDHHC3Q5BBG3;Active;Schadensfall;2026-01-05 16:32:24;;8.256768991327512;50.012585400000006
SOB_20260105T163218780129Z_SV5U2PJZGBF7;Active;Schadensfall;2026-01-05 16:32:24;;8.267550569228582;50.0076483
SOB_20260105T163218780277Z_I4J6AUIW55E4;Active;Schadensfall;2026-01-05 16:32:24;;8.277147199099993;49.99988775
SOB_20260105T163218780416Z_DKBWRQGWPVGY;Active;Schadensfall;2026-01-05 16:32:24;;8.2664995;50.0018975
SOB_20260105T163218780589Z_FDTUVAS42BA4;Active;Schadensfall;2026-01-05 16:32:24;;8.2262611;50.0443681
SOB_20260105T163218780753Z_YIMO2AXONVGW;Active;Schadensfall;2026-01-05 16:32:24;;8.316322322889024;49.96399795
SOB_20260105T163218780893Z_AJIGUVYVW5H6;Active;Schadensfall;2026-01-05 16:32:24;;8.316532250000002;49.9635608
SOB_20260105T163218781042Z_3TP77Z3VPBA4;Active;Schadensfall;2026-01-05 16:32:24;;8.318867676861977;49.96340595
SOB_20260105T163218781183Z_2MZOCCM2ZBGN;Active;Schadensfall;2026-01-05 16:32:24;;8.320023779118497;49.96269555
SOB_20260105T163218781326Z_NSFD6R2O5RHG;Active;Schadensfall;2026-01-05 16:32:24;;8.324011350000001;49.9604323
SOB_20260105T163218781472Z_FPL46SQMMJCC;Active;Schadensfall;2026-01-05 16:32:24;;8.318136967212517;49.96357605
SOB_20260105T163218781613Z_NNIIF6DOCVF4;Active;Schadensfall;2026-01-05 16:32:24;;8.322351350000002;49.9589002
SOB_20260105T163218781765Z_CTPSBX3SUJEW;Active;Schadensfall;2026-01-05 16:32:24;;8.316897660363377;49.958703400000005
SOB_20260105T163218781906Z_MPCWRGWCSVCX;Active;Schadensfall;2026-01-05 16:32:24;;8.31386440345442;49.9561681
SOB_20260105T163218782052Z_KM2T45BJABCE;Active;Schadensfall;2026-01-05 16:32:24;;8.306831083931776;49.9566818
SOB_20260105T163218782196Z_KSP6SNVV4NAV;Active;Schadensfall;2026-01-05 16:32:24;;8.309723148943764;49.9529294
SOB_20260105T163218782340Z_RKTNPEDJ4NGR;Active;Schadensfall;2026-01-05 16:32:24;;8.306276846926885;49.9568563
SOB_20260105T163218782487Z_SYGXELDFPNG6;Active;Schadensfall;2026-01-05 16:32:24;;8.347072232088607;49.9915058
SOB_20260105T163218782634Z_S2T47QUWZRCL;Active;Schadensfall;2026-01-05 16:32:24;;8.3528611;49.988616
SOB_20260105T163218782778Z_3ON3KNRE6VFP;Active;Schadensfall;2026-01-05 16:32:24;;8.22731387905974;49.9893223
SOB_20260105T163218782920Z_YWNWY4563ZG6;Active;Schadensfall;2026-01-05 16:32:24;;8.213276050000001;49.99698085
SOB_20260105T163218783064Z_6AP5U2HVT5AD;Active;Schadensfall;2026-01-05 16:32:24;;8.285403808484535;50.0085246
SOB_20260105T163218783212Z_QN57P4KK7VCD;Active;Schadensfall;2026-01-05 16:32:24;;8.2486564;50.0771929
SOB_20260105T163218783356Z_H6UH36FDMZGS;Active;Schadensfall;2026-01-05 16:32:24;;8.285153721529753;50.0089323
SOB_20260105T163218783501Z_TDNRH4GLORBV;Active;Schadensfall;2026-01-05 16:32:24;;8.2668695;50.0005422
SOB_20260105T163218783643Z_2MPB2IIIANCV;Active;Schadensfall;2026-01-05 16:32:24;;8.2977234;49.9825787
SOB_20260105T163218783788Z_BST6UKGUVVFT;Active;Schadensfall;2026-01-05 16:32:24;;8.17452640484694;49.99118315
SOB_20260105T163218783938Z_OSXXUQKNDJD2;Active;Schadensfall;2026-01-05 16:32:24;;8.174554897785388;49.99113545
SOB_20260105T163218784083Z_5Z6ZWMSXRVBZ;Active;Schadensfall;2026-01-05 16:32:24;;8.173153856578914;49.9882074
SOB_20260105T163218784224Z_45AR7CC2VFEG;Active;Schadensfall;2026-01-05 16:32:24;;8.17041385;49.98830485
SOB_20260105T163218784364Z_YXNVI64GXBAP;Active;Schadensfall;2026-01-05 16:32:24;;8.169345947569138;49.98848075
SOB_20260105T163218784511Z_MBINQ5RPVZCH;Active;Schadensfall;2026-01-05 16:32:24;;8.167844761668576;49.98917335
SOB_20260105T163218784658Z_7AIGLPOI5FBK;Active;Schadensfall;2026-01-05 16:32:24;;8.16686275;49.9897281
SOB_20260105T163218784800Z_I5KZ6VFJ6RCX;Active;Schadensfall;2026-01-05 16:32:24;;8.2667791;50.0017885
SOB_20260105T163218784943Z_B7UZCDF5RNF4;Active;Schadensfall;2026-01-05 16:32:24;;8.26710394441571;50.00515245
SOB_20260105T163218785083Z_JPPJZEX7WNAD;Active;Schadensfall;2026-01-05 16:32:24;;8.2488063;49.9157971
SOB_20260105T163218785226Z_D36UFBFDUFBH;Active;Schadensfall;2026-01-05 16:32:24;;8.246511920830939;49.9165139
SOB_20260105T163218785373Z_SUL6PZAKUBB4;Active;Schadensfall;2026-01-05 16:32:24;;8.250619814616703;49.91208348930901
SOB_20260105T163218785511Z_SHQPVYHKRJA4;Active;Schadensfall;2026-01-05 16:32:24;;8.251085859499385;49.91154079467511
SOB_20260105T163218785650Z_QOKIBWRZR5BG;Active;Schadensfall;2026-01-05 16:32:24;;8.251188017882752;49.91155138589833
SOB_20260105T163218785791Z_OX7KCQXKJ5EW;Active;Schadensfall;2026-01-05 16:32:24;;8.25128756368775;49.91158134736289
SOB_20260105T163218785945Z_W4DZDX2UWFBA;Active;Schadensfall;2026-01-05 16:32:24;;8.249444117504698;49.9107647
SOB_20260105T163218786090Z_EW737LITMBDR;Active;Schadensfall;2026-01-05 16:32:24;;8.246083741245485;49.91101195
SOB_20260105T163218786234Z_JKVZNASDUFB6;Active;Schadensfall;2026-01-05 16:32:24;;8.243941862185057;49.91120455
SOB_20260105T163218786377Z_5VPORHCG7BGF;Active;Schadensfall;2026-01-05 16:32:24;;8.242763163834127;49.91155795
SOB_20260105T163218786520Z_WJPAOEASS5GF;Active;Schadensfall;2026-01-05 16:32:24;;8.240335949999997;49.91169495
SOB_20260105T163218786668Z_XHSIDHJOXBFH;Active;Schadensfall;2026-01-05 16:32:24;;8.240000136090682;49.911473
SOB_20260105T163218786812Z_N4H3AA5KRFBX;Active;Schadensfall;2026-01-05 16:32:24;;8.238489316374796;49.91171455
SOB_20260105T163218786957Z_AL26LKM2EVEF;Active;Schadensfall;2026-01-05 16:32:24;;8.23903855;49.9120656
SOB_20260105T163218787100Z_KAXEK7ILBBHN;Active;Schadensfall;2026-01-05 16:32:24;;8.235859969932433;49.91216805
SOB_20260105T163218787246Z_B6KCGECUHVGI;Active;Schadensfall;2026-01-05 16:32:24;;8.2364409;49.9117187
SOB_20260105T163218787395Z_RQWB3LPGY5CB;Active;Schadensfall;2026-01-05 16:32:24;;8.23589902586421;49.9119581
SOB_20260105T163218787540Z_EY3UDSVNXRAF;Active;Schadensfall;2026-01-05 16:32:24;;8.190082027606678;49.959098
SOB_20260105T163218787681Z_SDK26EGLBZBQ;Active;Schadensfall;2026-01-05 16:32:24;;8.190994214749534;49.9588164
SOB_20260105T163218787822Z_HHCIPRWZRRHT;Active;Schadensfall;2026-01-05 16:32:24;;8.191963903880342;49.9582318
SOB_20260105T163218787961Z_7OILVVLH7NF2;Active;Schadensfall;2026-01-05 16:32:24;;8.191866596335739;49.9572579
SOB_20260105T163218788110Z_ZROH5LQ3RJAL;Active;Schadensfall;2026-01-05 16:32:24;;8.190475871003137;49.9527259
SOB_20260105T163218788250Z_GG4RFLUQTFAP;Active;Schadensfall;2026-01-05 16:32:24;;8.190311949999998;49.9515322
SOB_20260105T163218788391Z_RIPQWSFBRZEO;Active;Schadensfall;2026-01-05 16:32:24;;8.2002675;49.9597215
SOB_20260105T163218788533Z_MVWKNTF2Z5BK;Active;Schadensfall;2026-01-05 16:32:24;;8.2014735;49.9594282
SOB_20260105T163218788697Z_VIUHDT73HRCG;Active;Schadensfall;2026-01-05 16:32:24;;8.18965885;49.95560865
SOB_20260105T163218788843Z_ETKFNMRF2VGS;Active;Schadensfall;2026-01-05 16:32:24;;8.189166442195038;49.9550433
SOB_20260105T163218788984Z_FHBQO45RSZCN;Active;Schadensfall;2026-01-05 16:32:24;;8.189607204976117;49.9533687
SOB_20260105T163218789126Z_UAGEYSIFS5CX;Active;Schadensfall;2026-01-05 16:32:24;;8.1911490553533;49.9750888
SOB_20260105T163218789265Z_OEH4KAKE5RFR;Active;Schadensfall;2026-01-05 16:32:24;;8.1912121;49.9754608
SOB_20260105T163218789403Z_36QC6OVLVRGV;Active;Schadensfall;2026-01-05 16:32:24;;8.196477820675806;49.97919215
SOB_20260105T163218789553Z_FGSNDC5ZJJF4;Active;Schadensfall;2026-01-05 16:32:24;;8.171703;50.0230032
SOB_20260105T163218789695Z_J3G2CNGCVNH6;Active;Schadensfall;2026-01-05 16:32:24;;8.175530850000001;50.02064965
SOB_20260105T163218789839Z_YDL7PKXBSJDF;Active;Schadensfall;2026-01-05 16:32:24;;8.178791458866712;50.0187929
SOB_20260105T163218789981Z_EELCAD3U7NHM;Active;Schadensfall;2026-01-05 16:32:24;;8.176412854916602;50.01753155
SOB_20260105T163218790123Z_HIROAHMRVZBT;Active;Schadensfall;2026-01-05 16:32:24;;8.257731072887228;49.9622299
SOB_20260105T163218790268Z_FGFZI65MNJDI;Active;Schadensfall;2026-01-05 16:32:24;;8.277699140554665;49.95802235
SOB_20260105T163218790515Z_MBVJ7YBCUJB7;Active;Schadensfall;2026-01-05 16:32:24;;8.209610500000007;49.90117645
SOB_20260105T163218790677Z_A6RVMHH3FZDD;Active;Schadensfall;2026-01-05 16:32:24;;8.309874719997651;49.9601071
SOB_20260105T163218790828Z_AWBCGQO7LFBX;Active;Schadensfall;2026-01-05 16:32:24;;8.2373267;49.9744752
SOB_20260105T163218791030Z_3RWVVLLR5FBR;Active;Schadensfall;2026-01-05 16:32:24;;8.2387755;49.9746154
SOB_20260105T163218791195Z_QQ77PUWWPVC5;Active;Schadensfall;2026-01-05 16:32:24;;8.243060399157619;49.97177675
SOB_20260105T163218791343Z_L3DLW4EKD5HC;Active;Schadensfall;2026-01-05 16:32:24;;8.275250450000005;49.9677909
SOB_20260105T163218791498Z_JXD2ANY3LVC7;Active;Schadensfall;2026-01-05 16:32:24;;8.274643400000008;49.9671464
SOB_20260105T163218791641Z_FN7USP37OFCB;Active;Schadensfall;2026-01-05 16:32:24;;8.27563932050058;49.9655218
SOB_20260105T163218791785Z_DEZAMP5Q4FHT;Active;Schadensfall;2026-01-05 16:32:24;;8.324586;49.9992596
SOB_20260105T163218791942Z_RBXYWZ4KHNDH;Active;Schadensfall;2026-01-05 16:32:24;;8.326077126268434;49.99786567472192
SOB_20260105T163218792092Z_RCDN57SVHJFN;Active;Schadensfall;2026-01-05 16:32:24;;8.314057373890785;49.9973533
SOB_20260105T163218792240Z_RUR5QMUC2NE4;Active;Schadensfall;2026-01-05 16:32:24;;8.3213207;49.9912091
SOB_20260105T163218792418Z_CPACMMLLP5D5;Active;Schadensfall;2026-01-05 16:32:24;;8.2735078;49.9972035
SOB_20260105T163218792610Z_QREDGQRQBVGR;Active;Schadensfall;2026-01-05 16:32:24;;8.2636875;50.0001794
SOB_20260105T163218792836Z_BN7MVCG6U5CE;Active;Schadensfall;2026-01-05 16:32:24;;8.2630167;49.9997741
SOB_20260105T163218792992Z_MLWH4EXVDNH3;Active;Schadensfall;2026-01-05 16:32:24;;8.261303123901863;50.0000471
SOB_20260105T163218793143Z_KF6VOKI7ERCW;Active;Schadensfall;2026-01-05 16:32:24;;8.264326774352309;49.9981546
SOB_20260105T163218793288Z_KK6RDTPHK5BN;Active;Schadensfall;2026-01-05 16:32:24;;8.266565759504463;49.9961063
SOB_20260105T163218793440Z_XNE6DQPBHZBE;Active;Schadensfall;2026-01-05 16:32:24;;8.266770442633927;49.99601045
SOB_20260105T163218793591Z_AAIBI3ZMBZDC;Active;Schadensfall;2026-01-05 16:32:24;;8.2730648;49.9940161
SOB_20260105T163218793740Z_Z4PMJIFWPRCA;Active;Schadensfall;2026-01-05 16:32:24;;8.2721376;49.9932127
SOB_20260105T163218793887Z_M7OYZQ6ARJEF;Active;Schadensfall;2026-01-05 16:32:24;;8.271342949999998;49.99247865
SOB_20260105T163218794036Z_LUEQNKPDXZEF;Active;Schadensfall;2026-01-05 16:32:24;;8.273403670886717;49.985712750000005
SOB_20260105T163218794189Z_2KGUNLWKGBDI;Active;Schadensfall;2026-01-05 16:32:24;;8.274202950000001;49.98579845
SOB_20260105T163218794333Z_OYO26DVN2BHK;Active;Schadensfall;2026-01-05 16:32:24;;8.2799729;49.98438025
SOB_20260105T163218794479Z_URDQFHV2WRH2;Active;Schadensfall;2026-01-05 16:32:24;;8.2886186;49.9820853
SOB_20260105T163218794623Z_K5PVVQNM2VAU;Active;Schadensfall;2026-01-05 16:32:24;;8.29476489;49.98197725
SOB_20260105T163218794768Z_UMQD5PX6FVBB;Active;Schadensfall;2026-01-05 16:32:24;;8.297339797291292;49.97469785
SOB_20260105T163218794923Z_FTRPBVM5AVA2;Active;Schadensfall;2026-01-05 16:32:24;;8.301906903223255;49.97666775
SOB_20260105T163218795071Z_Y2D72GAXW5AC;Active;Schadensfall;2026-01-05 16:32:24;;8.298396849999996;49.9812372
SOB_20260105T163218795216Z_YVPDU7QYF5AH;Active;Schadensfall;2026-01-05 16:32:24;;8.301701296776745;49.97657475
SOB_20260105T163329798491Z_TBCQ42W25VHJ;Active;Gutachter;2026-01-05 16:33:31;;8.2651253;50.0009492
SOB_20260105T163329798988Z_GWUWABPCBZAE;Active;Gutachter;2026-01-05 16:33:31;;8.2226568;50.0270741
SOB_20260105T163329799234Z_PSQBXI5T2BA3;Active;Gutachter;2026-01-05 16:33:31;;8.2623855;50.0120554
SOB_20260105T163329799432Z_Y7GH4MZIUBGR;Active;Gutachter;2026-01-05 16:33:31;;8.2734124;49.9997482
SOB_20260105T163329799611Z_ABFV4FRJ55EZ;Active;Gutachter;2026-01-05 16:33:31;;8.2440107;49.9817765
SOB_20260105T163329799793Z_VUVACQDUCZHY;Active;Gutachter;2026-01-05 16:33:31;;8.2430119;50.011787
SOB_20260105T163329799968Z_N6N7VILSQFEL;Active;Gutachter;2026-01-05 16:33:31;;8.176211299999999;50.02805845
SOB_20260105T163329800149Z_JCT3ULF5JFBB;Active;Gutachter;2026-01-05 16:33:31;;8.156528797430017;49.93239578349179
SOB_20260105T163329800322Z_JILH7Z2X6BAI;Active;Gutachter;2026-01-05 16:33:31;;8.2684271;50.009158
SOB_20260105T163329800497Z_HAYVCC7WCZGZ;Active;Gutachter;2026-01-05 16:33:31;;8.2666173;50.0008396
SOB_20260105T163329800681Z_D5UNMEKUN5BJ;Active;Gutachter;2026-01-05 16:33:31;;8.1655716;50.0211657
SOB_20260105T163329800912Z_C7YBFQ4AA5GG;Active;Gutachter;2026-01-05 16:33:31;;8.17805830356793;49.9899934
SOB_20260105T163329801102Z_BLJ4GQSTMZEK;Active;Gutachter;2026-01-05 16:33:31;;8.213112019325148;49.9389397249625
SOB_20260105T163329801273Z_JOQY656OWBCS;Active;Gutachter;2026-01-05 16:33:31;;8.207099078130279;50.0021462
SOB_20260105T163329801448Z_2QPYR5SVKRA2;Active;Gutachter;2026-01-05 16:33:31;;8.207099078130279;50.0021462
SOB_20260105T163329801628Z_F6PX6Z2EHRH4;Active;Gutachter;2026-01-05 16:33:31;;8.19672465275557;49.97777525
SOB_20260105T163329801802Z_EH2BROSQ25DD;Active;Gutachter;2026-01-05 16:33:31;;8.1911490553533;49.9750888
SOB_20260105T163329801974Z_UZHQ6QCT2NDJ;Active;Gutachter;2026-01-05 16:33:31;;8.17697670205619;49.98762055
SOB_20260105T163329802145Z_LXWKELGIG5BP;Active;Gutachter;2026-01-05 16:33:31;;8.244105787739214;50.04029954336035
SOB_20260105T163329802316Z_5CHCBFECUNGF;Active;Gutachter;2026-01-05 16:33:31;;8.083131482175357;50.04104922005997
SOB_20260105T163329802491Z_U7OSL44DOZHM;Active;Gutachter;2026-01-05 16:33:31;;8.1794968;49.9985603
SOB_20260105T163329802666Z_DDHWP7HQZRDO;Active;Gutachter;2026-01-05 16:33:31;;8.233902982025395;50.01666444999999
SOB_20260105T163329802847Z_PYIEPGRSBRCG;Active;Gutachter;2026-01-05 16:33:31;;8.298259700000003;49.98185295
SOB_20260105T163329803021Z_RVYVPFJOMJBW;Active;Gutachter;2026-01-05 16:33:31;;8.13450489366194;49.91217
SOB_20260105T163329803191Z_FPELNAKJPNGE;Active;Gutachter;2026-01-05 16:33:31;;8.204255840625;50.0020308
SOB_20260105T163329803371Z_XJFJTUPALVHS;Active;Gutachter;2026-01-05 16:33:31;;8.2566906;49.9986509
SOB_20260105T163329803544Z_ILWF62PDVZDL;Active;Gutachter;2026-01-05 16:33:31;;8.355732776437355;49.84639657870574
SOB_20260105T163329803715Z_FGRRKZ7AXJBY;Active;Gutachter;2026-01-05 16:33:31;;8.23317313342952;50.00056375
SOB_20260105T163329803909Z_EDUGXNZL3NDJ;Active;Gutachter;2026-01-05 16:33:31;;8.263617634011624;50.000486
SOB_20260105T163329804111Z_PGUH7WYFKBAP;Active;Gutachter;2026-01-05 16:33:31;;8.2429846;50.0203316
SOB_20260105T163329804293Z_M6BQBW6SDJGV;Active;Gutachter;2026-01-05 16:33:31;;8.2615224;50.0041897
SOB_20260105T163329804464Z_XPC6YX5PEJAN;Active;Gutachter;2026-01-05 16:33:31;;8.26056481803101;50.01097635
SOB_20260105T163329804631Z_ABQI46X7AFAC;Active;Gutachter;2026-01-05 16:33:31;;8.30158337384107;49.98352185
SOB_20260105T163329804803Z_Y5DUPLIP2ZH6;Active;Gutachter;2026-01-05 16:33:31;;8.244886782126217;49.99097355
SOB_20260105T163329804975Z_MDX6J4QVZZG3;Active;Gutachter;2026-01-05 16:33:31;;8.217546841508575;50.01546874002122
SOB_20260105T163329805153Z_53O42ZRZCVAM;Active;Gutachter;2026-01-05 16:33:31;;8.28077052030995;49.961759
SOB_20260105T163329805319Z_JKX7YUCUBBAA;Active;Gutachter;2026-01-05 16:33:31;;8.260633417664772;50.007107
SOB_20260105T163329805485Z_PEFBOFBSJJB4;Active;Gutachter;2026-01-05 16:33:31;;8.2488889;50.0132329
SOB_20260105T163329805650Z_JJZZXE7VBNAK;Active;Gutachter;2026-01-05 16:33:31;;8.2687237;49.9891344
SOB_20260105T163329805818Z_BLYRNT5B5ZHB;Active;Gutachter;2026-01-05 16:33:31;;8.279606002994901;49.9830213
SOB_20260105T163329805997Z_OJX36AABMRFY;Active;Gutachter;2026-01-05 16:33:31;;8.3014828;50.0059176
SOB_20260105T163329806170Z_OMTI2FBRCJBC;Active;Gutachter;2026-01-05 16:33:31;;8.225281;50.008052
SOB_20260105T163329806338Z_NOW22MJNY5H4;Active;Gutachter;2026-01-05 16:33:31;;8.1154546;49.9964567
SOB_20260105T163329806505Z_RUMCQ3Z3ONHA;Active;Gutachter;2026-01-05 16:33:31;;8.271969497647763;50.0039573
SOB_20260105T163329806678Z_HEXXYGN5FRFB;Active;Gutachter;2026-01-05 16:33:31;;8.3352375;49.8744445
SOB_20260105T163329806848Z_EK4JWUQ4EBD7;Active;Gutachter;2026-01-05 16:33:31;;8.317094310120272;49.9287199
SOB_20260105T163329807014Z_GYIYCGRLOZFT;Active;Gutachter;2026-01-05 16:33:31;;8.228849550000003;50.02036285
SOB_20260105T163329807185Z_DASTBMRH65AM;Active;Gutachter;2026-01-05 16:33:31;;8.202070834948824;49.90842535
SOB_20260105T163329807351Z_6U4YWBCJHBCT;Active;Gutachter;2026-01-05 16:33:31;;8.2459079;49.9944608
SOB_20260105T163329807530Z_Q6KRULGKLBAN;Active;Gutachter;2026-01-05 16:33:31;;8.225985134931328;50.092173200000005
