SOB_ID;DB_Status;Schadensfall_Datum;DB_Status_Date_Active;DB_Status_Date_Inactive
SOB_20260105T163218713469Z_AYB2NAC7CVD3;Active;2025-01-03;2026-01-05 16:32:18;
SOB_20260105T163218713973Z_WQR6M2QFD5DZ;Active;2025-01-04;2026-01-05 16:32:18;
SOB_20260105T163218714194Z_I2CZAB7D4RHJ;Active;2025-01-05;2026-01-05 16:32:18;
SOB_20260105T163218714393Z_COC5NG426BGZ;Active;2025-01-06;2026-01-05 16:32:18;
SOB_20260105T163218714591Z_W5HUCO6LBBFI;Active;2025-01-07;2026-01-05 16:32:18;
SOB_20260105T163218714781Z_NHMUDOY4RVAB;Active;2025-01-08;2026-01-05 16:32:18;
SOB_20260105T163218714965Z_2R6H2T2R5NCE;Active;2025-01-09;2026-01-05 16:32:18;
SOB_20260105T163218715150Z_VASJUXG4ZVH3;Active;2025-01-10;2026-01-05 16:32:18;
SOB_20260105T163218715341Z_2AFCJYUTTBFC;Active;2025-01-11;2026-01-05 16:32:18;
SOB_20260105T163218715528Z_O57LDIQUFFD3;Active;2025-01-12;2026-01-05 16:32:18;
SOB_20260105T163218715710Z_FGPQMTC7LJDM;Active;2025-01-13;2026-01-05 16:32:18;
SOB_20260105T163218715906Z_4WUTZYGNJJFJ;Active;2025-01-14;2026-01-05 16:32:18;
SOB_20260105T163218716091Z_63GO5R5UPRBA;Active;2025-01-15;2026-01-05 16:32:18;
SOB_20260105T163218716285Z_NHQVUCO5XRAZ;Active;2025-01-16;2026-01-05 16:32:18;
SOB_20260105T163218716470Z_YS7UNAVOKBCV;Active;2025-01-17;2026-01-05 16:32:18;
SOB_20260105T163218716655Z_6ZB6DLK7RFD7;Active;2025-01-18;2026-01-05 16:32:18;
SOB_20260105T163218716843Z_GMF6E64WZRDM;Active;2025-01-19;2026-01-05 16:32:18;
SOB_20260105T163218717020Z_IE4IS6SVDRHB;Active;2025-01-20;2026-01-05 16:32:18;
SOB_20260105T163218717207Z_WORBSLX5DFH4;Active;2025-01-21;2026-01-05 16:32:18;
SOB_20260105T163218717388Z_2ZPSUKPVIZEV;Active;2025-01-22;2026-01-05 16:32:18;
SOB_20260105T163218717564Z_OQVVHJDDQZHC;Active;2025-01-23;2026-01-05 16:32:18;
SOB_20260105T163218717746Z_WKLD5TTAD5GL;Active;2025-01-24;2026-01-05 16:32:18;
SOB_20260105T163218717926Z_6XXS7UVXWZHG;Active;2025-01-25;2026-01-05 16:32:18;
SOB_20260105T163218718114Z_HBUYLHNR3JE2;Active;2025-01-26;2026-01-05 16:32:18;
SOB_20260105T163218718347Z_SFE3VBX7LNEU;Active;2025-01-27;2026-01-05 16:32:18;
SOB_20260105T163218718508Z_ECRYDVMPTFHT;Active;2025-01-28;2026-01-05 16:32:18;
SOB_20260105T163218718669Z_USWEWSUI7BBT;Active;2025-01-29;2026-01-05 16:32:18;
SOB_20260105T163218718833Z_NNKTBFC5ABA6;Active;2025-01-30;2026-01-05 16:32:18;
SOB_20260105T163218719001Z_X3DAA3PLZVG2;Active;2025-01-31;2026-01-05 16:32:18;
SOB_20260105T163218719165Z_SGFIXJEPKBEZ;Active;2025-02-01;2026-01-05 16:32:18;
SOB_20260105T163218719329Z_QKLAJQHQPZDJ;Active;2025-02-02;2026-01-05 16:32:18;
SOB_20260105T163218719495Z_HQNQUSSIYVFL;Active;2025-02-03;2026-01-05 16:32:18;
SOB_20260105T163218719661Z_ZLA6ZG3IQNCK;Active;2025-02-04;2026-01-05 16:32:18;
SOB_20260105T163218719822Z_PIEXLOBOZND4;Active;2025-02-05;2026-01-05 16:32:18;
SOB_20260105T163218719988Z_JMZ5WCG4W5GV;Active;2025-02-06;2026-01-05 16:32:18;
SOB_20260105T163218720144Z_V5OM22YJ6JEJ;Active;2025-02-07;2026-01-05 16:32:18;
SOB_20260105T163218720292Z_MGIJNNVZARCY;Active;2025-02-08;2026-01-05 16:32:18;
SOB_20260105T163218720451Z_FVFQ7ZE5SZBN;Active;2025-02-09;2026-01-05 16:32:18;
SOB_20260105T163218720603Z_CWSJOIBUKFCR;Active;2025-02-10;2026-01-05 16:32:18;
SOB_20260105T163218720750Z_CC42T2K3LBGU;Active;2025-02-11;2026-01-05 16:32:18;
SOB_20260105T163218720902Z_K2NKAWJZ65E2;Active;2025-02-12;2026-01-05 16:32:18;
SOB_20260105T163218721052Z_67P3R77AIZEW;Active;2025-02-13;2026-01-05 16:32:18;
SOB_20260105T163218721208Z_NQHQU5DBWNDY;Active;2025-02-14;2026-01-05 16:32:18;
SOB_20260105T163218721362Z_SXCAGNYQSNDR;Active;2025-02-15;2026-01-05 16:32:18;
SOB_20260105T163218721514Z_TT2FVQE6MVED;Active;2025-02-16;2026-01-05 16:32:18;
SOB_20260105T163218721666Z_NOVERUIJM5EB;Active;2025-02-17;2026-01-05 16:32:18;
SOB_20260105T163218721818Z_6JCJSVZSUVCG;Active;2025-02-18;2026-01-05 16:32:18;
SOB_20260105T163218721977Z_6V3ZPBZG5BFI;Active;2025-02-19;2026-01-05 16:32:18;
SOB_20260105T163218722126Z_N6NK3NJOMJBW;Active;2025-02-20;2026-01-05 16:32:18;
SOB_20260105T163218722274Z_OOQI4543E5G6;Active;2025-02-21;2026-01-05 16:32:18;
SOB_20260105T163218722427Z_UFM545447JGZ;Active;2025-02-22;2026-01-05 16:32:18;
SOB_20260105T163218722576Z_Y3K7C7SSUJBW;Active;2025-02-23;2026-01-05 16:32:18;
SOB_20260105T163218722734Z_JN5FFMXL4NF5;Active;2025-02-24;2026-01-05 16:32:18;
SOB_20260105T163218722890Z_Z2QJU6C4LVGU;Active;2025-02-25;2026-01-05 16:32:18;
SOB_20260105T163218723043Z_XTBXAOKR4JA5;Active;2025-02-26;2026-01-05 16:32:18;
SOB_20260105T163218723196Z_HY345ACIIZBC;Active;2025-02-27;2026-01-05 16:32:18;
SOB_20260105T163218723353Z_RHJXNFPISNAA;Active;2025-02-28;2026-01-05 16:32:18;
SOB_20260105T163218723511Z_I5O7JP5RGVDW;Active;2025-03-01;2026-01-05 16:32:18;
SOB_20260105T163218723676Z_2PWPS6H6E5HS;Active;2025-03-02;2026-01-05 16:32:18;
SOB_20260105T163218723838Z_CWTXZNLP45DX;Active;2025-03-03;2026-01-05 16:32:18;
SOB_20260105T163218723988Z_QFI3ZPTGWJF2;Active;2025-03-04;2026-01-05 16:32:18;
SOB_20260105T163218724137Z_4WJNSUDSRZDQ;Active;2025-03-05;2026-01-05 16:32:18;
SOB_20260105T163218724298Z_DC5IBIKNF5C7;Active;2025-03-06;2026-01-05 16:32:18;
SOB_20260105T163218724452Z_ZMPYP74GJJE2;Active;2025-03-07;2026-01-05 16:32:18;
SOB_20260105T163218724605Z_3V2J6RGZYRCB;Active;2025-03-08;2026-01-05 16:32:18;
SOB_20260105T163218724768Z_U5PWFSOWSRG4;Active;2025-03-09;2026-01-05 16:32:18;
SOB_20260105T163218724923Z_E2NRLOQQCVBK;Active;2025-03-10;2026-01-05 16:32:18;
SOB_20260105T163218725086Z_FOPBE2ZQJVHB;Active;2025-03-11;2026-01-05 16:32:18;
SOB_20260105T163218725234Z_NLGGM5GLSRCT;Active;2025-03-12;2026-01-05 16:32:18;
SOB_20260105T163218725386Z_ZPLGV7ESHJAS;Active;2025-03-13;2026-01-05 16:32:18;
SOB_20260105T163218725539Z_65AV4R55HJAE;Active;2025-03-14;2026-01-05 16:32:18;
SOB_20260105T163218725688Z_2UGFYK4BOBH3;Active;2025-03-15;2026-01-05 16:32:18;
SOB_20260105T163218725848Z_CQFXVM43KRFG;Active;2025-03-16;2026-01-05 16:32:18;
SOB_20260105T163218725997Z_T2CLUXM34FFJ;Active;2025-03-17;2026-01-05 16:32:18;
SOB_20260105T163218726151Z_NQJYUG2SDJDD;Active;2025-03-18;2026-01-05 16:32:18;
SOB_20260105T163218726305Z_OH5WEMYIEJFG;Active;2025-03-19;2026-01-05 16:32:18;
SOB_20260105T163218726455Z_XDMNUCY3NJG6;Active;2025-03-20;2026-01-05 16:32:18;
SOB_20260105T163218726616Z_ESKKL7GQMNA7;Active;2025-03-21;2026-01-05 16:32:18;
SOB_20260105T163218726770Z_UPSOEVQHTBG3;Active;2025-03-22;2026-01-05 16:32:18;
SOB_20260105T163218726920Z_MVR4SFUS6VAN;Active;2025-03-23;2026-01-05 16:32:18;
SOB_20260105T163218727069Z_GSFIDBZPHRDG;Active;2025-03-24;2026-01-05 16:32:18;
SOB_20260105T163218727239Z_5XOCWS2MLNH3;Active;2025-03-25;2026-01-05 16:32:18;
SOB_20260105T163218727553Z_ALZ6GKFZ2RFV;Active;2025-03-26;2026-01-05 16:32:18;
SOB_20260105T163218727786Z_RODP7TZT45HC;Active;2025-03-27;2026-01-05 16:32:18;
SOB_20260105T163218728008Z_DSQEIRYFVJHE;Active;2025-03-28;2026-01-05 16:32:18;
SOB_20260105T163218728232Z_7BLTD2NFUFAP;Active;2025-03-29;2026-01-05 16:32:18;
SOB_20260105T163218728495Z_CQYKZYR6XREB;Active;2025-03-30;2026-01-05 16:32:18;
SOB_20260105T163218728757Z_AJEIQQ73IJAZ;Active;2025-03-31;2026-01-05 16:32:18;
SOB_20260105T163218728995Z_GMBSIIPXQNHE;Active;2025-04-01;2026-01-05 16:32:18;
SOB_20260105T163218729190Z_VIYFJQ6FRNDX;Active;2025-04-02;2026-01-05 16:32:18;
SOB_20260105T163218729348Z_RWM4ZISYJZHA;Active;2025-04-03;2026-01-05 16:32:18;
SOB_20260105T163218729504Z_BWNJSFEZORD5;Active;2025-04-04;2026-01-05 16:32:18;
SOB_20260105T163218729650Z_56KSOBMZIVDC;Active;2025-04-05;2026-01-05 16:32:18;
SOB_20260105T163218729799Z_XJH2P3ENFFDC;Active;2025-04-06;2026-01-05 16:32:18;
SOB_20260105T163218729946Z_UH2EOJPBINF6;Active;2025-04-07;2026-01-05 16:32:18;
SOB_20260105T163218730090Z_ZO5QULZFBREH;Active;2025-04-08;2026-01-05 16:32:18;
SOB_20260105T163218730243Z_MFPN53BPMZEB;Active;2025-04-09;2026-01-05 16:32:18;
SOB_20260105T163218730385Z_JIP73DHQ4RBH;Active;2025-04-10;2026-01-05 16:32:18;
SOB_20260105T163218730530Z_CFEAAR4KXFFK;Active;2025-04-11;2026-01-05 16:32:18;
SOB_20260105T163218730676Z_RCWJPW62SZB6;Active;2025-04-12;2026-01-05 16:32:18;
SOB_20260105T163218730817Z_I2MP5FVZLBD2;Active;2025-04-13;2026-01-05 16:32:18;
SOB_20260105T163218730967Z_TKQYB7Q7IBFJ;Active;2025-04-14;2026-01-05 16:32:18;
SOB_20260105T163218731109Z_UKCOKMZEKRFC;Active;2025-04-15;2026-01-05 16:32:18;
SOB_20260105T163218731254Z_DU7ZRQVDZJB3;Active;2025-04-16;2026-01-05 16:32:18;
SOB_20260105T163218731398Z_DQ4736WODJBT;Active;2025-04-17;2026-01-05 16:32:18;
SOB_20260105T163218731539Z_PPU767CHLJF4;Active;2025-04-18;2026-01-05 16:32:18;
SOB_20260105T163218731687Z_ZUMT4WZQDRH5;Active;2025-04-19;2026-01-05 16:32:18;
SOB_20260105T163218731835Z_PWJ6FI4WNBGZ;Active;2025-04-20;2026-01-05 16:32:18;
SOB_20260105T163218731976Z_RX2GXAQMMRH6;Active;2025-04-21;2026-01-05 16:32:18;
SOB_20260105T163218732129Z_JRFNDJDBONAF;Active;2025-04-22;2026-01-05 16:32:18;
SOB_20260105T163218732283Z_LH2FVW6HE5BN;Active;2025-04-23;2026-01-05 16:32:18;
SOB_20260105T163218732426Z_Q64ZEXDDGNG2;Active;2025-04-24;2026-01-05 16:32:18;
SOB_20260105T163218732567Z_L7QGESIAUZEH;Active;2025-04-25;2026-01-05 16:32:18;
SOB_20260105T163218732712Z_MNO54FR4YBER;Active;2025-04-26;2026-01-05 16:32:18;
SOB_20260105T163218732854Z_BIS4PI4TL5HQ;Active;2025-04-27;2026-01-05 16:32:18;
SOB_20260105T163218733008Z_Z3CQAGUXO5DI;Active;2025-04-28;2026-01-05 16:32:18;
SOB_20260105T163218733150Z_4HQZZQET6BD5;Active;2025-04-29;2026-01-05 16:32:18;
SOB_20260105T163218733295Z_76Q67EKIPZDS;Active;2025-04-30;2026-01-05 16:32:18;
SOB_20260105T163218733441Z_QMTJJ4U2MFBU;Active;2025-05-01;2026-01-05 16:32:18;
SOB_20260105T163218733584Z_G7KWJ3SOS5HI;Active;2025-05-02;2026-01-05 16:32:18;
SOB_20260105T163218733734Z_H233JVTSQ5HO;Active;2025-05-03;2026-01-05 16:32:18;
SOB_20260105T163218733876Z_DIDRSOI7NNE3;Active;2025-05-04;2026-01-05 16:32:18;
SOB_20260105T163218734014Z_M4PV7USN2FA2;Active;2025-05-05;2026-01-05 16:32:18;
SOB_20260105T163218734161Z_J6MIUMXL7ZE5;Active;2025-05-06;2026-01-05 16:32:18;
SOB_20260105T163218734301Z_WVINEP75UNGF;Active;2025-05-07;2026-01-05 16:32:18;
SOB_20260105T163218734448Z_3JZIL3AEDFFJ;Active;2025-05-08;2026-01-05 16:32:18;
SOB_20260105T163218734588Z_XUW5WFSK3VG2;Active;2025-05-09;2026-01-05 16:32:18;
SOB_20260105T163218734727Z_63VHB2EIMRD2;Active;2025-05-10;2026-01-05 16:32:18;
SOB_20260105T163218734869Z_IEZ3T76RLVGF;Active;2025-05-11;2026-01-05 16:32:18;
SOB_20260105T163218735022Z_JATC2KQPOVHI;Active;2025-05-12;2026-01-05 16:32:18;
SOB_20260105T163218735170Z_WMMXWGJ3KVGK;Active;2025-05-13;2026-01-05 16:32:18;
SOB_20260105T163218735313Z_OC7QFG562FGD;Active;2025-05-14;2026-01-05 16:32:18;
SOB_20260105T163218735455Z_RWWHB4I7RJGK;Active;2025-05-15;2026-01-05 16:32:18;
SOB_20260105T163218735596Z_QXHQO55NURCY;Active;2025-05-16;2026-01-05 16:32:18;
SOB_20260105T163218735737Z_XTYZ3N36YJFL;Active;2025-05-17;2026-01-05 16:32:18;
SOB_20260105T163218735887Z_NKKR2HUG4JDZ;Active;2025-05-18;2026-01-05 16:32:18;
SOB_20260105T163218736031Z_OYLZBSY7DFGT;Active;2025-05-19;2026-01-05 16:32:18;
SOB_20260105T163218736172Z_GX3FCUBIMJGN;Active;2025-05-20;2026-01-05 16:32:18;
SOB_20260105T163218736314Z_XH5HYEFR3BES;Active;2025-05-21;2026-01-05 16:32:18;
SOB_20260105T163218736459Z_WXIMS7PTOFDQ;Active;2025-05-22;2026-01-05 16:32:18;
SOB_20260105T163218736607Z_RJLBFXZUR5GL;Active;2025-05-23;2026-01-05 16:32:18;
SOB_20260105T163218736751Z_MW7OPTD2BNCA;Active;2025-05-24;2026-01-05 16:32:18;
SOB_20260105T163218736897Z_SB5U4KPRCFDP;Active;2025-05-25;2026-01-05 16:32:18;
SOB_20260105T163218737037Z_UKYRKP3BVFFN;Active;2025-05-26;2026-01-05 16:32:18;
SOB_20260105T163218737179Z_ZOWYZZNFABHX;Active;2025-05-27;2026-01-05 16:32:18;
SOB_20260105T163218737331Z_NHSQPUNEYZA5;Active;2025-05-28;2026-01-05 16:32:18;
SOB_20260105T163218737472Z_HNON2UFFQZAP;Active;2025-05-29;2026-01-05 16:32:18;
SOB_20260105T163218737613Z_OCIJKOP4RNEO;Active;2025-05-30;2026-01-05 16:32:18;
SOB_20260105T163218737757Z_BRY3U4U4BJDI;Active;2025-05-31;2026-01-05 16:32:18;
SOB_20260105T163218737916Z_7QYCQDX2ANAW;Active;2025-06-01;2026-01-05 16:32:18;
SOB_20260105T163218738056Z_SPRZ7FFYS5AL;Active;2025-06-02;2026-01-05 16:32:18;
SOB_20260105T163218738197Z_GW7E4QRWJVAN;Active;2025-06-03;2026-01-05 16:32:18;
SOB_20260105T163218738336Z_SBZL5MM2ZRBX;Active;2025-06-04;2026-01-05 16:32:18;
SOB_20260105T163218738477Z_MGPIDLYZQJGN;Active;2025-06-05;2026-01-05 16:32:18;
SOB_20260105T163218738627Z_KENKV6KH3JHM;Active;2025-06-06;2026-01-05 16:32:18;
SOB_20260105T163218738768Z_KYNAFEZQJFGQ;Active;2025-06-07;2026-01-05 16:32:18;
SOB_20260105T163218738910Z_FOXTXLV3FRH3;Active;2025-06-08;2026-01-05 16:32:18;
SOB_20260105T163218739047Z_45UBE2ITRBEE;Active;2025-06-09;2026-01-05 16:32:18;
SOB_20260105T163218739193Z_PUSHJ5DV4ZDL;Active;2025-06-10;2026-01-05 16:32:18;
SOB_20260105T163218739341Z_6S6OAEWV7RH4;Active;2025-06-11;2026-01-05 16:32:18;
SOB_20260105T163218739484Z_5R2AWPWORVFX;Active;2025-06-12;2026-01-05 16:32:18;
SOB_20260105T163218739629Z_CTMAHPK23NG2;Active;2025-06-13;2026-01-05 16:32:18;
SOB_20260105T163218739773Z_3PHC4JIUXFBQ;Active;2025-06-14;2026-01-05 16:32:18;
SOB_20260105T163218739915Z_ZPJQNKJSZNFV;Active;2025-06-15;2026-01-05 16:32:18;
SOB_20260105T163218740068Z_RMXMEUM72RHG;Active;2025-06-16;2026-01-05 16:32:18;
SOB_20260105T163218740211Z_I43SBKT5HZBI;Active;2025-06-17;2026-01-05 16:32:18;
SOB_20260105T163218740356Z_N3NXB24Q5ZDW;Active;2025-06-18;2026-01-05 16:32:18;
SOB_20260105T163218740501Z_UC4IKZBTQ5EA;Active;2025-06-19;2026-01-05 16:32:18;
SOB_20260105T163218740645Z_BYUF35664FFA;Active;2025-06-20;2026-01-05 16:32:18;
SOB_20260105T163218740795Z_DEMAAIFGG5HZ;Active;2025-06-21;2026-01-05 16:32:18;
SOB_20260105T163218740940Z_REPDNX5LIBFN;Active;2025-06-22;2026-01-05 16:32:18;
SOB_20260105T163218741089Z_SEGAKLQODNEI;Active;2025-06-23;2026-01-05 16:32:18;
SOB_20260105T163218741229Z_I5U6LKVEV5FZ;Active;2025-06-24;2026-01-05 16:32:18;
SOB_20260105T163218741384Z_X44DULTEXVFF;Active;2025-06-25;2026-01-05 16:32:18;
SOB_20260105T163218741533Z_RQCMC42XYNEZ;Active;2025-06-26;2026-01-05 16:32:18;
SOB_20260105T163218741676Z_GX7KWL3S3JCP;Active;2025-06-27;2026-01-05 16:32:18;
SOB_20260105T163218741818Z_LI3FWNTWXJCR;Active;2025-06-28;2026-01-05 16:32:18;
SOB_20260105T163218741960Z_YCMOHGKHN5CX;Active;2025-06-29;2026-01-05 16:32:18;
SOB_20260105T163218742098Z_AK3XEASCUZE3;Active;2025-06-30;2026-01-05 16:32:18;
SOB_20260105T163218742246Z_RQLZCIRG65BZ;Active;2025-07-01;2026-01-05 16:32:18;
SOB_20260105T163218742396Z_R3HTMBRKRBHR;Active;2025-07-02;2026-01-05 16:32:18;
SOB_20260105T163218742538Z_ZGRZCDYI6RFA;Active;2025-07-03;2026-01-05 16:32:18;
SOB_20260105T163218742680Z_ELSPYT37KFDJ;Active;2025-07-04;2026-01-05 16:32:18;
SOB_20260105T163218742826Z_PFRM5RVSONH6;Active;2025-07-05;2026-01-05 16:32:18;
SOB_20260105T163218742977Z_QNXZRQ2I6VAA;Active;2025-07-06;2026-01-05 16:32:18;
SOB_20260105T163218743217Z_ILWEFJ6ZXVCW;Active;2025-07-07;2026-01-05 16:32:18;
SOB_20260105T163218743374Z_Z53OOXCGGNH7;Active;2025-07-08;2026-01-05 16:32:18;
SOB_20260105T163218743520Z_V5ZVA4KE7ZFL;Active;2025-07-09;2026-01-05 16:32:18;
SOB_20260105T163218743666Z_T4MUMSUY5RH2;Active;2025-07-10;2026-01-05 16:32:18;
SOB_20260105T163218743815Z_PTHU3GZ6CZAO;Active;2025-07-11;2026-01-05 16:32:18;
SOB_20260105T163218743961Z_H3PXGYOC4JDH;Active;2025-07-12;2026-01-05 16:32:18;
SOB_20260105T163218744103Z_AKXFQMJ2PNG6;Active;2025-07-13;2026-01-05 16:32:18;
SOB_20260105T163218744267Z_22YU76RU6JD5;Active;2025-07-14;2026-01-05 16:32:18;
SOB_20260105T163218744416Z_BTYOA54GDBA6;Active;2025-07-15;2026-01-05 16:32:18;
SOB_20260105T163218744565Z_GVL63R6VL5FZ;Active;2025-07-16;2026-01-05 16:32:18;
SOB_20260105T163218744708Z_S7CWAXDRCNAT;Active;2025-07-17;2026-01-05 16:32:18;
SOB_20260105T163218744852Z_CKW3TGCKRZBQ;Active;2025-07-18;2026-01-05 16:32:18;
SOB_20260105T163218744995Z_K55O6QSFIBCV;Active;2025-07-19;2026-01-05 16:32:18;
SOB_20260105T163218745178Z_XT3EM6QY5VAI;Active;2025-07-20;2026-01-05 16:32:18;
SOB_20260105T163218745323Z_T3DZZLTT6VGQ;Active;2025-07-21;2026-01-05 16:32:18;
SOB_20260105T163218745467Z_TXYGQ6FDYVEH;Active;2025-07-22;2026-01-05 16:32:18;
SOB_20260105T163218745619Z_NUNEYZBW4ZFZ;Active;2025-07-23;2026-01-05 16:32:18;
SOB_20260105T163218745763Z_HDN2GRFTMBGM;Active;2025-07-24;2026-01-05 16:32:18;
SOB_20260105T163218745910Z_NUWWUG2AXNDZ;Active;2025-07-25;2026-01-05 16:32:18;
SOB_20260105T163218746051Z_QMFBA5ERHBD6;Active;2025-07-26;2026-01-05 16:32:18;
SOB_20260105T163218746197Z_S62JMINXOVH3;Active;2025-07-27;2026-01-05 16:32:18;
SOB_20260105T163218746341Z_2W4CW2GIPFEL;Active;2025-07-28;2026-01-05 16:32:18;
SOB_20260105T163218746481Z_SFJU7DR2EBGR;Active;2025-07-29;2026-01-05 16:32:18;
SOB_20260105T163218746630Z_FFHHY4GWJVHO;Active;2025-07-30;2026-01-05 16:32:18;
SOB_20260105T163218746775Z_YVTCWQDEQRBL;Active;2025-07-31;2026-01-05 16:32:18;
SOB_20260105T163218746924Z_77YT3A2SQRFT;Active;2025-08-01;2026-01-05 16:32:18;
SOB_20260105T163218747063Z_QZI4B34MQVHZ;Active;2025-08-02;2026-01-05 16:32:18;
SOB_20260105T163218747206Z_RL24HXIKWRGK;Active;2025-08-03;2026-01-05 16:32:18;
SOB_20260105T163218747665Z_NPTCBHZYMFEM;Active;2025-08-04;2026-01-05 16:32:18;
SOB_20260105T163218748373Z_OCE5VRWOVNDW;Active;2025-08-05;2026-01-05 16:32:18;
SOB_20260105T163218748905Z_FJ7QAQKWYFFA;Active;2025-08-06;2026-01-05 16:32:18;
SOB_20260105T163218749556Z_ORZ4Q5XW4NG6;Active;2025-08-07;2026-01-05 16:32:18;
SOB_20260105T163218749875Z_6BFUZFKAO5AX;Active;2025-08-08;2026-01-05 16:32:18;
SOB_20260105T163218750115Z_GVCDTMPKB5AY;Active;2025-08-09;2026-01-05 16:32:18;
SOB_20260105T163218750331Z_KGUZQVRU3RA7;Active;2025-08-10;2026-01-05 16:32:18;
SOB_20260105T163218750544Z_ZS2WOLPC2RHT;Active;2025-08-11;2026-01-05 16:32:18;
SOB_20260105T163218750759Z_EV3ES7ONFFB6;Active;2025-08-12;2026-01-05 16:32:18;
SOB_20260105T163218750963Z_K3AKL5RHFFF3;Active;2025-08-13;2026-01-05 16:32:18;
SOB_20260105T163218751173Z_22TWMCS7OZFP;Active;2025-08-14;2026-01-05 16:32:18;
SOB_20260105T163218751387Z_ULYINYX5TJAZ;Active;2025-08-15;2026-01-05 16:32:18;
SOB_20260105T163218751618Z_RMFZ2HOSCVCH;Active;2025-08-16;2026-01-05 16:32:18;
SOB_20260105T163218751851Z_M6CNQMT45FGW;Active;2025-08-17;2026-01-05 16:32:18;
SOB_20260105T163218752078Z_CJQSWAIEEVFA;Active;2025-08-18;2026-01-05 16:32:18;
SOB_20260105T163218752323Z_GVVEJ374RVH2;Active;2025-08-19;2026-01-05 16:32:18;
SOB_20260105T163218752547Z_7KQD3HE42BGV;Active;2025-08-20;2026-01-05 16:32:18;
SOB_20260105T163218752766Z_GWLHICWIOVHL;Active;2025-08-21;2026-01-05 16:32:18;
SOB_20260105T163218753004Z_3U5NVC4VG5CQ;Active;2025-08-22;2026-01-05 16:32:18;
SOB_20260105T163218753237Z_PFQJUENGNZAJ;Active;2025-08-23;2026-01-05 16:32:18;
SOB_20260105T163218753512Z_NQBRB5QA4BHE;Active;2025-08-24;2026-01-05 16:32:18;
SOB_20260105T163218753755Z_FSWXY5JESFDD;Active;2025-08-25;2026-01-05 16:32:18;
SOB_20260105T163218753988Z_5D4FRKA4LVBQ;Active;2025-08-26;2026-01-05 16:32:18;
SOB_20260105T163218754225Z_M4ZZBUAWM5CQ;Active;2025-08-27;2026-01-05 16:32:18;
SOB_20260105T163218754475Z_EOXFLJ4GNBEV;Active;2025-08-28;2026-01-05 16:32:18;
SOB_20260105T163218754700Z_KQR5SSB3WVCX;Active;2025-08-29;2026-01-05 16:32:18;
SOB_20260105T163218754924Z_5HYNB2VTHRBF;Active;2025-08-30;2026-01-05 16:32:18;
SOB_20260105T163218755153Z_3GJGPGCAL5CT;Active;2025-08-31;2026-01-05 16:32:18;
SOB_20260105T163218755385Z_WJ4E6AZWIRHF;Active;2025-09-01;2026-01-05 16:32:18;
SOB_20260105T163218755622Z_I5E3ELXIQRAM;Active;2025-09-02;2026-01-05 16:32:18;
SOB_20260105T163218755854Z_LZB6PP2DLZEL;Active;2025-09-03;2026-01-05 16:32:18;
SOB_20260105T163218756082Z_T5MN3NDTHJC6;Active;2025-09-04;2026-01-05 16:32:18;
SOB_20260105T163218756313Z_VGFAPZOH45H2;Active;2025-09-05;2026-01-05 16:32:18;
SOB_20260105T163218756544Z_RYHLS7LGIBGQ;Active;2025-09-06;2026-01-05 16:32:18;
SOB_20260105T163218756787Z_BEQG3UP2VRGS;Active;2025-09-07;2026-01-05 16:32:18;
SOB_20260105T163218757019Z_LPHJPPCPNRCR;Active;2025-09-08;2026-01-05 16:32:18;
SOB_20260105T163218757253Z_2B7S3JMDW5EB;Active;2025-09-09;2026-01-05 16:32:18;
SOB_20260105T163218757496Z_Y5BO7YCRARFV;Active;2025-09-10;2026-01-05 16:32:18;
SOB_20260105T163218757716Z_5PUHI2ZZZ5CG;Active;2025-09-11;2026-01-05 16:32:18;
SOB_20260105T163218757930Z_TPZ5OK33DBCE;Active;2025-09-12;2026-01-05 16:32:18;
SOB_20260105T163218758170Z_YPFLM63SYZDK;Active;2025-09-13;2026-01-05 16:32:18;
SOB_20260105T163218758378Z_AW2F5TZQBZEN;Active;2025-09-14;2026-01-05 16:32:18;
SOB_20260105T163218758593Z_LUSUQ6MLAJGL;Active;2025-09-15;2026-01-05 16:32:18;
SOB_20260105T163218758802Z_BP5SUGMVUZHM;Active;2025-09-16;2026-01-05 16:32:18;
SOB_20260105T163218759013Z_OXJJUA6CJJB3;Active;2025-09-17;2026-01-05 16:32:18;
SOB_20260105T163218759235Z_H45JVJQ7TNGS;Active;2025-09-18;2026-01-05 16:32:18;
SOB_20260105T163218759439Z_GMUVBPC7OFHW;Active;2025-09-19;2026-01-05 16:32:18;
SOB_20260105T163218759640Z_HTTQHMQ3RFFY;Active;2025-09-20;2026-01-05 16:32:18;
SOB_20260105T163218759836Z_KJTWGQKYRNB6;Active;2025-09-21;2026-01-05 16:32:18;
SOB_20260105T163218760036Z_3U4MFQY5S5ES;Active;2025-09-22;2026-01-05 16:32:18;
SOB_20260105T163218760235Z_XVG5G3CIAND6;Active;2025-09-23;2026-01-05 16:32:18;
SOB_20260105T163218760432Z_RP7ZKVBCPFET;Active;2025-09-24;2026-01-05 16:32:18;
SOB_20260105T163218760609Z_5H7KPXI7NBAI;Active;2025-09-25;2026-01-05 16:32:18;
SOB_20260105T163218760766Z_ZFJKJAJUTZBG;Active;2025-09-26;2026-01-05 16:32:18;
SOB_20260105T163218760919Z_LDILQSF3QFFK;Active;2025-09-27;2026-01-05 16:32:18;
SOB_20260105T163218761070Z_ZT4T6W3CDBDY;Active;2025-09-28;2026-01-05 16:32:18;
SOB_20260105T163218761245Z_3MPNH3PCAVEV;Active;2025-09-29;2026-01-05 16:32:18;
SOB_20260105T163218761411Z_RXGJWOTZYFFD;Active;2025-09-30;2026-01-05 16:32:18;
SOB_20260105T163218761562Z_CPVQSVP6RJB3;Active;2025-10-01;2026-01-05 16:32:18;
SOB_20260105T163218761720Z_2ELDRDMLJRDY;Active;2025-10-02;2026-01-05 16:32:18;
SOB_20260105T163218761869Z_K7JYDOF6Y5EG;Active;2025-10-03;2026-01-05 16:32:18;
SOB_20260105T163218762015Z_TBNMTNTBSVE6;Active;2025-10-04;2026-01-05 16:32:18;
SOB_20260105T163218762162Z_IEHFL5BEMJFV;Active;2025-10-05;2026-01-05 16:32:18;
SOB_20260105T163218762307Z_7OPDA4GXVFGV;Active;2025-10-06;2026-01-05 16:32:18;
SOB_20260105T163218762466Z_GMF5PY7VTVFO;Active;2025-10-07;2026-01-05 16:32:18;
SOB_20260105T163218762617Z_TJKHDKJBDZDQ;Active;2025-10-08;2026-01-05 16:32:18;
SOB_20260105T163218762764Z_L35OFHYMCVCE;Active;2025-10-09;2026-01-05 16:32:18;
SOB_20260105T163218762911Z_MPKMVRK3Z5A3;Active;2025-10-10;2026-01-05 16:32:18;
SOB_20260105T163218763056Z_PNJFO5AIENAW;Active;2025-10-11;2026-01-05 16:32:18;
SOB_20260105T163218763212Z_4HJBBEQE2RAP;Active;2025-10-12;2026-01-05 16:32:18;
SOB_20260105T163218763360Z_GATHLLYPFFA4;Active;2025-10-13;2026-01-05 16:32:18;
SOB_20260105T163218763508Z_KWRV3LGKCJA6;Active;2025-10-14;2026-01-05 16:32:18;
SOB_20260105T163218763659Z_AY5XXRYTPFCN;Active;2025-10-15;2026-01-05 16:32:18;
SOB_20260105T163218763813Z_43XRHAW3EVGV;Active;2025-10-16;2026-01-05 16:32:18;
SOB_20260105T163218763959Z_GO6BIMOHU5CN;Active;2025-10-17;2026-01-05 16:32:18;
SOB_20260105T163218764107Z_XQRO2PKIFBDX;Active;2025-10-18;2026-01-05 16:32:18;
SOB_20260105T163218764254Z_BGTD5TQ2XVH3;Active;2025-10-19;2026-01-05 16:32:18;
SOB_20260105T163218764402Z_XGURMWIR5VDO;Active;2025-10-20;2026-01-05 16:32:18;
SOB_20260105T163218764556Z_HBABGMDMMFF5;Active;2025-10-21;2026-01-05 16:32:18;
SOB_20260105T163218764703Z_DE3IKMHAJVFB;Active;2025-10-22;2026-01-05 16:32:18;
SOB_20260105T163218764847Z_CTRSF7G4WBAE;Active;2025-10-23;2026-01-05 16:32:18;
SOB_20260105T163218765017Z_U2YXMJZAONCL;Active;2025-10-24;2026-01-05 16:32:18;
SOB_20260105T163218765162Z_WVX25PFVRVFH;Active;2025-10-25;2026-01-05 16:32:18;
SOB_20260105T163218765309Z_OAV53QNY2JH4;Active;2025-10-26;2026-01-05 16:32:18;
SOB_20260105T163218765448Z_TJVTPUUVQZGC;Active;2025-10-27;2026-01-05 16:32:18;
SOB_20260105T163218765591Z_IP7I2YBATND7;Active;2025-10-28;2026-01-05 16:32:18;
SOB_20260105T163218765734Z_OEBG3BPARNEH;Active;2025-10-29;2026-01-05 16:32:18;
SOB_20260105T163218765877Z_XRX5XMJDCJHM;Active;2025-10-30;2026-01-05 16:32:18;
SOB_20260105T163218766025Z_3F2DMND4DVHH;Active;2025-10-31;2026-01-05 16:32:18;
SOB_20260105T163218766166Z_2DHCAUI2QFBP;Active;2025-11-01;2026-01-05 16:32:18;
SOB_20260105T163218766305Z_IKJ3WCNAO5G7;Active;2025-11-02;2026-01-05 16:32:18;
SOB_20260105T163218766452Z_UTQRDPAR7VFU;Active;2025-11-03;2026-01-05 16:32:18;
SOB_20260105T163218766592Z_PUZ3FCD7RRAS;Active;2025-11-04;2026-01-05 16:32:18;
SOB_20260105T163218766739Z_UWZX5MEFU5ES;Active;2025-11-05;2026-01-05 16:32:18;
SOB_20260105T163218766884Z_ICAVBAQE2ZGG;Active;2025-11-06;2026-01-05 16:32:18;
SOB_20260105T163218767026Z_VBTT3ISPCNAF;Active;2025-11-07;2026-01-05 16:32:18;
SOB_20260105T163218767190Z_KIOG4MTCSNAP;Active;2025-11-08;2026-01-05 16:32:18;
SOB_20260105T163218767336Z_UQEZHGMFAJFN;Active;2025-11-09;2026-01-05 16:32:18;
SOB_20260105T163218767486Z_VUROQ3ZG6JE2;Active;2025-11-10;2026-01-05 16:32:18;
SOB_20260105T163218767628Z_EDUI5S2BSNEI;Active;2025-11-11;2026-01-05 16:32:18;
SOB_20260105T163218767774Z_QYZ2ZBOP4RFM;Active;2025-11-12;2026-01-05 16:32:18;
SOB_20260105T163218767919Z_AH6FHIMYB5HG;Active;2025-11-13;2026-01-05 16:32:18;
SOB_20260105T163218768060Z_XMQJE4S54NEU;Active;2025-11-14;2026-01-05 16:32:18;
SOB_20260105T163218768207Z_AM6OPSXY35BO;Active;2025-11-15;2026-01-05 16:32:18;
SOB_20260105T163218768352Z_BYMKGQPBDFHO;Active;2025-11-16;2026-01-05 16:32:18;
SOB_20260105T163218768494Z_ODEY4YENXRCE;Active;2025-11-17;2026-01-05 16:32:18;
SOB_20260105T163218768637Z_56BVSRSSMJBQ;Active;2025-11-18;2026-01-05 16:32:18;
SOB_20260105T163218768780Z_UKS5RUOJX5CY;Active;2025-11-19;2026-01-05 16:32:18;
SOB_20260105T163218768931Z_I5TKNM47FRA6;Active;2025-11-20;2026-01-05 16:32:18;
SOB_20260105T163218769075Z_7STQ6FGXSNFK;Active;2025-11-21;2026-01-05 16:32:18;
SOB_20260105T163218769220Z_LQ2LZQGBV5HT;Active;2025-11-22;2026-01-05 16:32:18;
SOB_20260105T163218769361Z_RSOUBKTQBRE6;Active;2025-11-23;2026-01-05 16:32:18;
SOB_20260105T163218769506Z_YV3JAKI5V5B3;Active;2025-11-24;2026-01-05 16:32:18;
SOB_20260105T163218769656Z_UID7MSKGHJFC;Active;2025-11-25;2026-01-05 16:32:18;
SOB_20260105T163218769795Z_BPK57TKEMBCZ;Active;2025-11-26;2026-01-05 16:32:18;
SOB_20260105T163218769937Z_ACBW2B33EZBU;Active;2025-11-27;2026-01-05 16:32:18;
SOB_20260105T163218770082Z_ZNJQZXT2WVEM;Active;2025-11-28;2026-01-05 16:32:18;
SOB_20260105T163218770221Z_IKGG2HEMJBEP;Active;2025-11-29;2026-01-05 16:32:18;
SOB_20260105T163218770369Z_7ESXHUW56REJ;Active;2025-11-30;2026-01-05 16:32:18;
SOB_20260105T163218770511Z_GX5IULHIWJG4;Active;2025-12-01;2026-01-05 16:32:18;
SOB_20260105T163218770650Z_QCRWO4HOVBGG;Active;2025-12-02;2026-01-05 16:32:18;
SOB_20260105T163218770789Z_LFISIKTHNFAH;Active;2025-12-03;2026-01-05 16:32:18;
SOB_20260105T163218770940Z_HGH7MA4NQFFR;Active;2025-12-04;2026-01-05 16:32:18;
SOB_20260105T163218771088Z_R3QNBJDQ3ZFK;Active;2025-12-05;2026-01-05 16:32:18;
SOB_20260105T163218771232Z_FSPAIZVKHVGC;Active;2025-12-06;2026-01-05 16:32:18;
SOB_20260105T163218771374Z_HOCWML4LMZCX;Active;2025-12-07;2026-01-05 16:32:18;
SOB_20260105T163218771517Z_4BAC2YSKFVFK;Active;2025-12-08;2026-01-05 16:32:18;
SOB_20260105T163218771668Z_SN2KGIHFZNGL;Active;2025-12-09;2026-01-05 16:32:18;
SOB_20260105T163218771810Z_NFBXNIMQJNBO;Active;2025-12-10;2026-01-05 16:32:18;
SOB_20260105T163218771963Z_GFCQKQB6BNFP;Active;2025-12-11;2026-01-05 16:32:18;
SOB_20260105T163218772107Z_DVBOPUV5RJEM;Active;2025-12-12;2026-01-05 16:32:18;
SOB_20260105T163218772251Z_MXZFKSSVBBGT;Active;2025-12-13;2026-01-05 16:32:18;
SOB_20260105T163218772405Z_6AB54MFDENF5;Active;2025-12-14;2026-01-05 16:32:18;
SOB_20260105T163218772546Z_LGKUWTEGUJBZ;Active;2025-12-15;2026-01-05 16:32:18;
SOB_20260105T163218772687Z_LQJUZWIMIJDY;Active;2025-12-16;2026-01-05 16:32:18;
SOB_20260105T163218772829Z_RROPKI6XWND3;Active;2025-12-17;2026-01-05 16:32:18;
SOB_20260105T163218772972Z_SJXLEWGBVRHV;Active;2025-12-18;2026-01-05 16:32:18;
SOB_20260105T163218773118Z_NNLKXGYK5NGA;Active;2025-12-19;2026-01-05 16:32:18;
SOB_20260105T163218773261Z_UA2YXZ4P6JD7;Active;2025-12-20;2026-01-05 16:32:18;
SOB_20260105T163218773403Z_6FFVMIAVXFFA;Active;2025-12-21;2026-01-05 16:32:18;
SOB_20260105T163218773567Z_L5FJTBXJUVE3;Active;2025-12-22;2026-01-05 16:32:18;
SOB_20260105T163218773706Z_7M7XFIPFNFCA;Active;2025-12-23;2026-01-05 16:32:18;
SOB_20260105T163218773855Z_CES3MW7VHNA7;Active;2025-12-24;2026-01-05 16:32:18;
SOB_20260105T163218773994Z_FW624REYDNDF;Active;2025-12-25;2026-01-05 16:32:18;
SOB_20260105T163218774134Z_UMEG5GO6I5HC;Active;2025-12-26;2026-01-05 16:32:18;
SOB_20260105T163218774279Z_NZKXFAYLONBQ;Active;2025-12-27;2026-01-05 16:32:18;
SOB_20260105T163218774419Z_W7NZVXSQ7BD6;Active;2025-12-28;2026-01-05 16:32:18;
SOB_20260105T163218774565Z_6O2Y6KTJVFEV;Active;2025-12-29;2026-01-05 16:32:18;
SOB_20260105T163218774753Z_7BWPG3GTBNDX;Active;2025-12-30;2026-01-05 16:32:18;
SOB_20260105T163218774909Z_MRU5TE7HRNDM;Active;2025-12-31;2026-01-05 16:32:18;
SOB_20260105T163218775050Z_2JSWXWWSFFBN;Active;2025-01-01;2026-01-05 16:32:18;
SOB_20260105T163218775192Z_3CYDJ4ZZGFGP;Active;2025-01-02;2026-01-05 16:32:18;
SOB_20260105T163218775341Z_YMG5QBJJ2JHM;Active;2025-01-03;2026-01-05 16:32:18;
SOB_20260105T163218775489Z_WYSUP4N3OFHK;Active;2025-01-04;2026-01-05 16:32:18;
SOB_20260105T163218775636Z_DXQ2FENTDNH2;Active;2025-01-05;2026-01-05 16:32:18;
SOB_20260105T163218775778Z_DBM7QR6BOFGO;Active;2025-01-06;2026-01-05 16:32:18;
SOB_20260105T163218775922Z_KP4C7JSYTJAS;Active;2025-01-07;2026-01-05 16:32:18;
SOB_20260105T163218776074Z_6E6HV5EZJJGF;Active;2025-01-08;2026-01-05 16:32:18;
SOB_20260105T163218776235Z_NAORKFP36RGC;Active;2025-01-09;2026-01-05 16:32:18;
SOB_20260105T163218776382Z_FDYO4Q7LGVF7;Active;2025-01-10;2026-01-05 16:32:18;
SOB_20260105T163218776524Z_JKHF3VK2YZF4;Active;2025-01-11;2026-01-05 16:32:18;
SOB_20260105T163218776669Z_KEKM2YRXNZBB;Active;2025-01-12;2026-01-05 16:32:18;
SOB_20260105T163218776817Z_36BZUICZXJF3;Active;2025-01-13;2026-01-05 16:32:18;
SOB_20260105T163218776961Z_FIS7YJIXOJAE;Active;2025-01-14;2026-01-05 16:32:18;
SOB_20260105T163218777108Z_PWTJFKFGE5GQ;Active;2025-01-15;2026-01-05 16:32:18;
SOB_20260105T163218777251Z_KK6LOLHLDBDO;Active;2025-01-16;2026-01-05 16:32:18;
SOB_20260105T163218777395Z_6EPXGVPCZRC5;Active;2025-01-17;2026-01-05 16:32:18;
SOB_20260105T163218777548Z_RKP3PTPKJZGZ;Active;2025-01-18;2026-01-05 16:32:18;
SOB_20260105T163218777692Z_LLXXMLJ4K5C6;Active;2025-01-19;2026-01-05 16:32:18;
SOB_20260105T163218777833Z_4F2EZBJZTNHZ;Active;2025-01-20;2026-01-05 16:32:18;
SOB_20260105T163218777978Z_HWHSMGH2KNG4;Active;2025-01-21;2026-01-05 16:32:18;
SOB_20260105T163218778129Z_LC3UM7OHIZEX;Active;2025-01-22;2026-01-05 16:32:18;
SOB_20260105T163218778273Z_TPT54MY6QNGF;Active;2025-01-23;2026-01-05 16:32:18;
SOB_20260105T163218778419Z_5UM727EFZFGF;Active;2025-01-24;2026-01-05 16:32:18;
SOB_20260105T163218778564Z_7OYDCOK7H5CO;Active;2025-01-25;2026-01-05 16:32:18;
SOB_20260105T163218778702Z_SPQUV3AYTRHB;Active;2025-01-26;2026-01-05 16:32:18;
SOB_20260105T163218778852Z_2SH4H4WOVFH7;Active;2025-01-27;2026-01-05 16:32:18;
SOB_20260105T163218778994Z_JHVV5OJI45CC;Active;2025-01-28;2026-01-05 16:32:18;
SOB_20260105T163218779134Z_P2F46AUEEVCI;Active;2025-01-29;2026-01-05 16:32:18;
SOB_20260105T163218779273Z_XSFKRXYVBZD4;Active;2025-01-30;2026-01-05 16:32:18;
SOB_20260105T163218779417Z_VXEKYNBWQ5EH;Active;2025-01-31;2026-01-05 16:32:18;
SOB_20260105T163218779564Z_RQAM6N5SS5E6;Active;2025-02-01;2026-01-05 16:32:18;
SOB_20260105T163218779703Z_5W625AX6IJAC;Active;2025-02-02;2026-01-05 16:32:18;
SOB_20260105T163218779846Z_65M54EEUSJBV;Active;2025-02-03;2026-01-05 16:32:18;
SOB_20260105T163218779985Z_UDHHC3Q5BBG3;Active;2025-02-04;2026-01-05 16:32:18;
SOB_20260105T163218780129Z_SV5U2PJZGBF7;Active;2025-02-05;2026-01-05 16:32:18;
SOB_20260105T163218780277Z_I4J6AUIW55E4;Active;2025-02-06;2026-01-05 16:32:18;
SOB_20260105T163218780416Z_DKBWRQGWPVGY;Active;2025-02-07;2026-01-05 16:32:18;
SOB_20260105T163218780589Z_FDTUVAS42BA4;Active;2025-02-08;2026-01-05 16:32:18;
SOB_20260105T163218780753Z_YIMO2AXONVGW;Active;2025-02-09;2026-01-05 16:32:18;
SOB_20260105T163218780893Z_AJIGUVYVW5H6;Active;2025-02-10;2026-01-05 16:32:18;
SOB_20260105T163218781042Z_3TP77Z3VPBA4;Active;2025-02-11;2026-01-05 16:32:18;
SOB_20260105T163218781183Z_2MZOCCM2ZBGN;Active;2025-02-12;2026-01-05 16:32:18;
SOB_20260105T163218781326Z_NSFD6R2O5RHG;Active;2025-02-13;2026-01-05 16:32:18;
SOB_20260105T163218781472Z_FPL46SQMMJCC;Active;2025-02-14;2026-01-05 16:32:18;
SOB_20260105T163218781613Z_NNIIF6DOCVF4;Active;2025-02-15;2026-01-05 16:32:18;
SOB_20260105T163218781765Z_CTPSBX3SUJEW;Active;2025-02-16;2026-01-05 16:32:18;
SOB_20260105T163218781906Z_MPCWRGWCSVCX;Active;2025-02-17;2026-01-05 16:32:18;
SOB_20260105T163218782052Z_KM2T45BJABCE;Active;2025-02-18;2026-01-05 16:32:18;
SOB_20260105T163218782196Z_KSP6SNVV4NAV;Active;2025-02-19;2026-01-05 16:32:18;
SOB_20260105T163218782340Z_RKTNPEDJ4NGR;Active;2025-02-20;2026-01-05 16:32:18;
SOB_20260105T163218782487Z_SYGXELDFPNG6;Active;2025-02-21;2026-01-05 16:32:18;
SOB_20260105T163218782634Z_S2T47QUWZRCL;Active;2025-02-22;2026-01-05 16:32:18;
SOB_20260105T163218782778Z_3ON3KNRE6VFP;Active;2025-02-23;2026-01-05 16:32:18;
SOB_20260105T163218782920Z_YWNWY4563ZG6;Active;2025-02-24;2026-01-05 16:32:18;
SOB_20260105T163218783064Z_6AP5U2HVT5AD;Active;2025-02-25;2026-01-05 16:32:18;
SOB_20260105T163218783212Z_QN57P4KK7VCD;Active;2025-02-26;2026-01-05 16:32:18;
SOB_20260105T163218783356Z_H6UH36FDMZGS;Active;2025-02-27;2026-01-05 16:32:18;
SOB_20260105T163218783501Z_TDNRH4GLORBV;Active;2025-02-28;2026-01-05 16:32:18;
SOB_20260105T163218783643Z_2MPB2IIIANCV;Active;2025-03-01;2026-01-05 16:32:18;
SOB_20260105T163218783788Z_BST6UKGUVVFT;Active;2025-03-02;2026-01-05 16:32:18;
SOB_20260105T163218783938Z_OSXXUQKNDJD2;Active;2025-03-03;2026-01-05 16:32:18;
SOB_20260105T163218784083Z_5Z6ZWMSXRVBZ;Active;2025-03-04;2026-01-05 16:32:18;
SOB_20260105T163218784224Z_45AR7CC2VFEG;Active;2025-03-05;2026-01-05 16:32:18;
SOB_20260105T163218784364Z_YXNVI64GXBAP;Active;2025-03-06;2026-01-05 16:32:18;
SOB_20260105T163218784511Z_MBINQ5RPVZCH;Active;2025-03-07;2026-01-05 16:32:18;
SOB_20260105T163218784658Z_7AIGLPOI5FBK;Active;2025-03-08;2026-01-05 16:32:18;
SOB_20260105T163218784800Z_I5KZ6VFJ6RCX;Active;2025-03-09;2026-01-05 16:32:18;
SOB_20260105T163218784943Z_B7UZCDF5RNF4;Active;2025-03-10;2026-01-05 16:32:18;
SOB_20260105T163218785083Z_JPPJZEX7WNAD;Active;2025-03-11;2026-01-05 16:32:18;
SOB_20260105T163218785226Z_D36UFBFDUFBH;Active;2025-03-12;2026-01-05 16:32:18;
SOB_20260105T163218785373Z_SUL6PZAKUBB4;Active;2025-03-13;2026-01-05 16:32:18;
SOB_20260105T163218785511Z_SHQPVYHKRJA4;Active;2025-03-14;2026-01-05 16:32:18;
SOB_20260105T163218785650Z_QOKIBWRZR5BG;Active;2025-03-15;2026-01-05 16:32:18;
SOB_20260105T163218785791Z_OX7KCQXKJ5EW;Active;2025-03-16;2026-01-05 16:32:18;
SOB_20260105T163218785945Z_W4DZDX2UWFBA;Active;2025-03-17;2026-01-05 16:32:18;
SOB_20260105T163218786090Z_EW737LITMBDR;Active;2025-03-18;2026-01-05 16:32:18;
SOB_20260105T163218786234Z_JKVZNASDUFB6;Active;2025-03-19;2026-01-05 16:32:18;
SOB_20260105T163218786377Z_5VPORHCG7BGF;Active;2025-03-20;2026-01-05 16:32:18;
SOB_20260105T163218786520Z_WJPAOEASS5GF;Active;2025-03-21;2026-01-05 16:32:18;
SOB_20260105T163218786668Z_XHSIDHJOXBFH;Active;2025-03-22;2026-01-05 16:32:18;
SOB_20260105T163218786812Z_N4H3AA5KRFBX;Active;2025-03-23;2026-01-05 16:32:18;
SOB_20260105T163218786957Z_AL26LKM2EVEF;Active;2025-03-24;2026-01-05 16:32:18;
SOB_20260105T163218787100Z_KAXEK7ILBBHN;Active;2025-03-25;2026-01-05 16:32:18;
SOB_20260105T163218787246Z_B6KCGECUHVGI;Active;2025-03-26;2026-01-05 16:32:18;
SOB_20260105T163218787395Z_RQWB3LPGY5CB;Active;2025-03-27;2026-01-05 16:32:18;
SOB_20260105T163218787540Z_EY3UDSVNXRAF;Active;2025-03-28;2026-01-05 16:32:18;
SOB_20260105T163218787681Z_SDK26EGLBZBQ;Active;2025-03-29;2026-01-05 16:32:18;
SOB_20260105T163218787822Z_HHCIPRWZRRHT;Active;2025-03-30;2026-01-05 16:32:18;
SOB_20260105T163218787961Z_7OILVVLH7NF2;Active;2025-03-31;2026-01-05 16:32:18;
SOB_20260105T163218788110Z_ZROH5LQ3RJAL;Active;2025-04-01;2026-01-05 16:32:18;
SOB_20260105T163218788250Z_GG4RFLUQTFAP;Active;2025-04-02;2026-01-05 16:32:18;
SOB_20260105T163218788391Z_RIPQWSFBRZEO;Active;2025-04-03;2026-01-05 16:32:18;
SOB_20260105T163218788533Z_MVWKNTF2Z5BK;Active;2025-04-04;2026-01-05 16:32:18;
SOB_20260105T163218788697Z_VIUHDT73HRCG;Active;2025-04-05;2026-01-05 16:32:18;
SOB_20260105T163218788843Z_ETKFNMRF2VGS;Active;2025-04-06;2026-01-05 16:32:18;
SOB_20260105T163218788984Z_FHBQO45RSZCN;Active;2025-04-07;2026-01-05 16:32:18;
SOB_20260105T163218789126Z_UAGEYSIFS5CX;Active;2025-04-08;2026-01-05 16:32:18;
SOB_20260105T163218789265Z_OEH4KAKE5RFR;Active;2025-04-09;2026-01-05 16:32:18;
SOB_20260105T163218789403Z_36QC6OVLVRGV;Active;2025-04-10;2026-01-05 16:32:18;
SOB_20260105T163218789553Z_FGSNDC5ZJJF4;Active;2025-04-11;2026-01-05 16:32:18;
SOB_20260105T163218789695Z_J3G2CNGCVNH6;Active;2025-04-12;2026-01-05 16:32:18;
SOB_20260105T163218789839Z_YDL7PKXBSJDF;Active;2025-04-13;2026-01-05 16:32:18;
SOB_20260105T163218789981Z_EELCAD3U7NHM;Active;2025-04-14;2026-01-05 16:32:18;
SOB_20260105T163218790123Z_HIROAHMRVZBT;Active;2025-04-15;2026-01-05 16:32:18;
SOB_20260105T163218790268Z_FGFZI65MNJDI;Active;2025-04-16;2026-01-05 16:32:18;
SOB_20260105T163218790515Z_MBVJ7YBCUJB7;Active;2025-04-17;2026-01-05 16:32:18;
SOB_20260105T163218790677Z_A6RVMHH3FZDD;Active;2025-04-18;2026-01-05 16:32:18;
SOB_20260105T163218790828Z_AWBCGQO7LFBX;Active;2025-04-19;2026-01-05 16:32:18;
SOB_20260105T163218791030Z_3RWVVLLR5FBR;Active;2025-04-20;2026-01-05 16:32:18;
SOB_20260105T163218791195Z_QQ77PUWWPVC5;Active;2025-04-21;2026-01-05 16:32:18;
SOB_20260105T163218791343Z_L3DLW4EKD5HC;Active;2025-04-22;2026-01-05 16:32:18;
SOB_20260105T163218791498Z_JXD2ANY3LVC7;Active;2025-04-23;2026-01-05 16:32:18;
SOB_20260105T163218791641Z_FN7USP37OFCB;Active;2025-04-24;2026-01-05 16:32:18;
SOB_20260105T163218791785Z_DEZAMP5Q4FHT;Active;2025-04-25;2026-01-05 16:32:18;
SOB_20260105T163218791942Z_RBXYWZ4KHNDH;Active;2025-04-26;2026-01-05 16:32:18;
SOB_20260105T163218792092Z_RCDN57SVHJFN;Active;2025-04-27;2026-01-05 16:32:18;
SOB_20260105T163218792240Z_RUR5QMUC2NE4;Active;2025-04-28;2026-01-05 16:32:18;
SOB_20260105T163218792418Z_CPACMMLLP5D5;Active;2025-04-29;2026-01-05 16:32:18;
SOB_20260105T163218792610Z_QREDGQRQBVGR;Active;2025-04-30;2026-01-05 16:32:18;
SOB_20260105T163218792836Z_BN7MVCG6U5CE;Active;2025-05-01;2026-01-05 16:32:18;
SOB_20260105T163218792992Z_MLWH4EXVDNH3;Active;2025-05-02;2026-01-05 16:32:18;
SOB_20260105T163218793143Z_KF6VOKI7ERCW;Active;2025-05-03;2026-01-05 16:32:18;
SOB_20260105T163218793288Z_KK6RDTPHK5BN;Active;2025-05-04;2026-01-05 16:32:18;
SOB_20260105T163218793440Z_XNE6DQPBHZBE;Active;2025-05-05;2026-01-05 16:32:18;
SOB_20260105T163218793591Z_AAIBI3ZMBZDC;Active;2025-05-06;2026-01-05 16:32:18;
SOB_20260105T163218793740Z_Z4PMJIFWPRCA;Active;2025-05-07;2026-01-05 16:32:18;
SOB_20260105T163218793887Z_M7OYZQ6ARJEF;Active;2025-05-08;2026-01-05 16:32:18;
SOB_20260105T163218794036Z_LUEQNKPDXZEF;Active;2025-05-09;2026-01-05 16:32:18;
SOB_20260105T163218794189Z_2KGUNLWKGBDI;Active;2025-05-10;2026-01-05 16:32:18;
SOB_20260105T163218794333Z_OYO26DVN2BHK;Active;2025-05-11;2026-01-05 16:32:18;
SOB_20260105T163218794479Z_URDQFHV2WRH2;Active;2025-05-12;2026-01-05 16:32:18;
SOB_20260105T163218794623Z_K5PVVQNM2VAU;Active;2025-05-13;2026-01-05 16:32:18;
SOB_20260105T163218794768Z_UMQD5PX6FVBB;Active;2025-05-14;2026-01-05 16:32:18;
SOB_20260105T163218794923Z_FTRPBVM5AVA2;Active;2025-05-15;2026-01-05 16:32:18;
SOB_20260105T163218795071Z_Y2D72GAXW5AC;Active;2025-05-16;2026-01-05 16:32:18;
SOB_20260105T163218795216Z_YVPDU7QYF5AH;Active;2025-05-17;2026-01-05 16:32:18;
