SOB_ID;DB_Status;Schadensfall_entry_id;DB_Status_Date_Active;DB_Status_Date_Inactive
SOB_20260105T163218713469Z_AYB2NAC7CVD3;Active;89a2ef29-75f3-455d-bc92-31938937bf47;2026-01-05 16:32:18;
SOB_20260105T163218713973Z_WQR6M2QFD5DZ;Active;cb2c4229-ae6f-4355-b417-f87b19ac2a70;2026-01-05 16:32:18;
SOB_20260105T163218714194Z_I2CZAB7D4RHJ;Active;eadcdade-f38f-495d-94d4-935ff0a7bd96;2026-01-05 16:32:18;
SOB_20260105T163218714393Z_COC5NG426BGZ;Active;a847bb35-b373-485c-9f74-d639c956000c;2026-01-05 16:32:18;
SOB_20260105T163218714591Z_W5HUCO6LBBFI;Active;692aba80-21aa-41c1-9034-f1a2be8e868d;2026-01-05 16:32:18;
SOB_20260105T163218714781Z_NHMUDOY4RVAB;Active;6069e0e5-f9d7-48d6-886d-36b965034912;2026-01-05 16:32:18;
SOB_20260105T163218714965Z_2R6H2T2R5NCE;Active;9fa7bd20-3617-43f0-8bd8-c8b7a54d7324;2026-01-05 16:32:18;
SOB_20260105T163218715150Z_VASJUXG4ZVH3;Active;046f3569-2270-459b-93fb-b4861a23837b;2026-01-05 16:32:18;
SOB_20260105T163218715341Z_2AFCJYUTTBFC;Active;9202d3b8-a7d9-44e9-a9b3-485278a55bb9;2026-01-05 16:32:18;
SOB_20260105T163218715528Z_O57LDIQUFFD3;Active;acefe475-aca3-42ee-8c22-86e99aed29ad;2026-01-05 16:32:18;
SOB_20260105T163218715710Z_FGPQMTC7LJDM;Active;ecfa520d-4071-4d3c-826c-2dcd67e27b07;2026-01-05 16:32:18;
SOB_20260105T163218715906Z_4WUTZYGNJJFJ;Active;ea9d2ac1-c201-44a2-8b2b-4a9d7fc2a4c1;2026-01-05 16:32:18;
SOB_20260105T163218716091Z_63GO5R5UPRBA;Active;f2df663b-4702-46cd-b3cc-c496d713972f;2026-01-05 16:32:18;
SOB_20260105T163218716285Z_NHQVUCO5XRAZ;Active;20837f7a-154d-4b93-b132-9d6520f34068;2026-01-05 16:32:18;
SOB_20260105T163218716470Z_YS7UNAVOKBCV;Active;0987e985-d19d-4031-9e1d-9896d43c2c13;2026-01-05 16:32:18;
SOB_20260105T163218716655Z_6ZB6DLK7RFD7;Active;65ddf4ca-3f03-4753-8639-b60bc02f8564;2026-01-05 16:32:18;
SOB_20260105T163218716843Z_GMF6E64WZRDM;Active;f17f6841-2f76-4fc2-b6d2-c542d78051b2;2026-01-05 16:32:18;
SOB_20260105T163218717020Z_IE4IS6SVDRHB;Active;4dced0e3-5f5d-4366-938f-63343271eb22;2026-01-05 16:32:18;
SOB_20260105T163218717207Z_WORBSLX5DFH4;Active;e1c94cba-1a04-4d93-b537-990205b57be5;2026-01-05 16:32:18;
SOB_20260105T163218717388Z_2ZPSUKPVIZEV;Active;c5bd6141-c2e6-420b-82fd-bee1154a65c4;2026-01-05 16:32:18;
SOB_20260105T163218717564Z_OQVVHJDDQZHC;Active;e7687b06-a68b-4cb6-9c4c-00434ef36073;2026-01-05 16:32:18;
SOB_20260105T163218717746Z_WKLD5TTAD5GL;Active;e0880798-9b7e-4604-abef-8e4d056fb14d;2026-01-05 16:32:18;
SOB_20260105T163218717926Z_6XXS7UVXWZHG;Active;c93c4bd0-d866-4b15-8b29-4f8c314a5cf2;2026-01-05 16:32:18;
SOB_20260105T163218718114Z_HBUYLHNR3JE2;Active;08475ba3-c874-47b2-9c6e-12d55b3b05a7;2026-01-05 16:32:18;
SOB_20260105T163218718347Z_SFE3VBX7LNEU;Active;b25ca5de-2b2c-41ae-9f20-ed8e1b9d6164;2026-01-05 16:32:18;
SOB_20260105T163218718508Z_ECRYDVMPTFHT;Active;2492152a-6fa2-489c-87eb-a3ff23e4d1a9;2026-01-05 16:32:18;
SOB_20260105T163218718669Z_USWEWSUI7BBT;Active;ec82f45c-4175-4bfb-8365-220bf6196dd2;2026-01-05 16:32:18;
SOB_20260105T163218718833Z_NNKTBFC5ABA6;Active;bd39ec2a-f5aa-4da2-9ea7-afd1f6a677b8;2026-01-05 16:32:18;
SOB_20260105T163218719001Z_X3DAA3PLZVG2;Active;aa280c00-06b7-4087-b3a1-ed17f38f8c7e;2026-01-05 16:32:18;
SOB_20260105T163218719165Z_SGFIXJEPKBEZ;Active;c129e435-cc7f-45a2-9a00-3b7592a04df1;2026-01-05 16:32:18;
SOB_20260105T163218719329Z_QKLAJQHQPZDJ;Active;5d449b81-36a9-49c7-8646-4f3d3a10cd40;2026-01-05 16:32:18;
SOB_20260105T163218719495Z_HQNQUSSIYVFL;Active;5eef7f15-4bbe-44b9-add0-8769ef4eb7b5;2026-01-05 16:32:18;
SOB_20260105T163218719661Z_ZLA6ZG3IQNCK;Active;73bda982-324e-4c9c-b0b1-72abbef2a473;2026-01-05 16:32:18;
SOB_20260105T163218719822Z_PIEXLOBOZND4;Active;eb697b26-fbec-4059-8ac8-8ae49eb0b08c;2026-01-05 16:32:18;
SOB_20260105T163218719988Z_JMZ5WCG4W5GV;Active;7921f88e-cb26-4dae-80b0-9733ad736b17;2026-01-05 16:32:18;
SOB_20260105T163218720144Z_V5OM22YJ6JEJ;Active;cc20cf0d-67c2-496e-9eca-78d68e5998d5;2026-01-05 16:32:18;
SOB_20260105T163218720292Z_MGIJNNVZARCY;Active;83b3ae52-4d79-4872-910b-c07470592c64;2026-01-05 16:32:18;
SOB_20260105T163218720451Z_FVFQ7ZE5SZBN;Active;d885b31d-6def-4477-946a-d14523377846;2026-01-05 16:32:18;
SOB_20260105T163218720603Z_CWSJOIBUKFCR;Active;7476c4f7-a070-4276-afed-07f3e5707fdf;2026-01-05 16:32:18;
SOB_20260105T163218720750Z_CC42T2K3LBGU;Active;c9695542-6d7a-46d7-9eef-f3c6220ebedb;2026-01-05 16:32:18;
SOB_20260105T163218720902Z_K2NKAWJZ65E2;Active;4e4d8bd1-3ff4-4359-81a9-6647ff6bf4fb;2026-01-05 16:32:18;
SOB_20260105T163218721052Z_67P3R77AIZEW;Active;92fa2c7a-8440-4784-bc3e-b8cec71f11d7;2026-01-05 16:32:18;
SOB_20260105T163218721208Z_NQHQU5DBWNDY;Active;9f9bd612-c859-4b5a-bbe9-f0ea53e71647;2026-01-05 16:32:18;
SOB_20260105T163218721362Z_SXCAGNYQSNDR;Active;a6314632-efe5-4bbe-ad41-0d3a4f80b306;2026-01-05 16:32:18;
SOB_20260105T163218721514Z_TT2FVQE6MVED;Active;00a63ff8-a102-4fd7-a956-d0071a3bb1e6;2026-01-05 16:32:18;
SOB_20260105T163218721666Z_NOVERUIJM5EB;Active;b458564e-d8da-479e-b853-f6632db22183;2026-01-05 16:32:18;
SOB_20260105T163218721818Z_6JCJSVZSUVCG;Active;297878c0-040e-4b59-af9f-1906510862de;2026-01-05 16:32:18;
SOB_20260105T163218721977Z_6V3ZPBZG5BFI;Active;569643ab-7762-4376-a97d-f2d176f38542;2026-01-05 16:32:18;
SOB_20260105T163218722126Z_N6NK3NJOMJBW;Active;271e7dda-c507-4329-8c22-b03add5e5373;2026-01-05 16:32:18;
SOB_20260105T163218722274Z_OOQI4543E5G6;Active;73f4276b-1cdd-4a80-afec-e40a45a0c78a;2026-01-05 16:32:18;
SOB_20260105T163218722427Z_UFM545447JGZ;Active;f95bc3d6-eed9-4c80-8aa2-3c5ba1979143;2026-01-05 16:32:18;
SOB_20260105T163218722576Z_Y3K7C7SSUJBW;Active;e91e4d66-5e06-42ba-8545-88cf399d714b;2026-01-05 16:32:18;
SOB_20260105T163218722734Z_JN5FFMXL4NF5;Active;b49eb8d7-4a05-40a8-9532-a3ec3792a12d;2026-01-05 16:32:18;
SOB_20260105T163218722890Z_Z2QJU6C4LVGU;Active;e07099d7-7d4c-459a-9ea2-acb532c1dc7c;2026-01-05 16:32:18;
SOB_20260105T163218723043Z_XTBXAOKR4JA5;Active;9aae77aa-0b91-4199-8dde-b40804cc32ad;2026-01-05 16:32:18;
SOB_20260105T163218723196Z_HY345ACIIZBC;Active;fd68269e-ee56-44c9-b2c0-65868a2cdab8;2026-01-05 16:32:18;
SOB_20260105T163218723353Z_RHJXNFPISNAA;Active;1ae8cdf9-1f0e-4b9f-ba24-9c95a11bb95b;2026-01-05 16:32:18;
SOB_20260105T163218723511Z_I5O7JP5RGVDW;Active;c5e84b17-b0bb-4b0d-8b64-9e05f62b5166;2026-01-05 16:32:18;
SOB_20260105T163218723676Z_2PWPS6H6E5HS;Active;21a02e0e-b39d-40a1-9024-ce2814b28867;2026-01-05 16:32:18;
SOB_20260105T163218723838Z_CWTXZNLP45DX;Active;aa5454b3-cf89-4436-a109-2b0d71b43b15;2026-01-05 16:32:18;
SOB_20260105T163218723988Z_QFI3ZPTGWJF2;Active;8014dc60-688c-4832-bd43-d8e223b0610f;2026-01-05 16:32:18;
SOB_20260105T163218724137Z_4WJNSUDSRZDQ;Active;511f8a1d-73d0-4ca1-a9c7-a83a53b404c8;2026-01-05 16:32:18;
SOB_20260105T163218724298Z_DC5IBIKNF5C7;Active;14db96e6-22bd-4430-ac02-14b3f9454ca4;2026-01-05 16:32:18;
SOB_20260105T163218724452Z_ZMPYP74GJJE2;Active;33ee0f7f-d6a5-4756-96cd-b471547fd7ed;2026-01-05 16:32:18;
SOB_20260105T163218724605Z_3V2J6RGZYRCB;Active;f1d95ef9-ec66-4e32-b20d-f0d8c20757a1;2026-01-05 16:32:18;
SOB_20260105T163218724768Z_U5PWFSOWSRG4;Active;3cd2381f-e778-4406-bd72-adeacbe47451;2026-01-05 16:32:18;
SOB_20260105T163218724923Z_E2NRLOQQCVBK;Active;4e3803fb-2277-45f0-9c1d-0ef5af54b98e;2026-01-05 16:32:18;
SOB_20260105T163218725086Z_FOPBE2ZQJVHB;Active;903100ff-dbdb-461d-908b-49e94607e157;2026-01-05 16:32:18;
SOB_20260105T163218725234Z_NLGGM5GLSRCT;Active;263e2df4-807c-4c40-a367-7a83659c3f1f;2026-01-05 16:32:18;
SOB_20260105T163218725386Z_ZPLGV7ESHJAS;Active;520da731-ea23-4218-9580-5445dc35220c;2026-01-05 16:32:18;
SOB_20260105T163218725539Z_65AV4R55HJAE;Active;04ea3d0f-2645-4f6d-b445-ea538dae2d65;2026-01-05 16:32:18;
SOB_20260105T163218725688Z_2UGFYK4BOBH3;Active;1bab68f3-4c48-444a-9470-29cd8a27af7a;2026-01-05 16:32:18;
SOB_20260105T163218725848Z_CQFXVM43KRFG;Active;b4bda509-e242-4b67-88e8-4c40f3d8408d;2026-01-05 16:32:18;
SOB_20260105T163218725997Z_T2CLUXM34FFJ;Active;7f074c29-c20a-4361-a565-c70e77032989;2026-01-05 16:32:18;
SOB_20260105T163218726151Z_NQJYUG2SDJDD;Active;4aceece0-ef63-4ca1-8fa1-42956ed7ed10;2026-01-05 16:32:18;
SOB_20260105T163218726305Z_OH5WEMYIEJFG;Active;570cc955-b391-4cc6-a8c9-357c8584c4cd;2026-01-05 16:32:18;
SOB_20260105T163218726455Z_XDMNUCY3NJG6;Active;e00035ab-5663-47c4-be9d-ace168120f3c;2026-01-05 16:32:18;
SOB_20260105T163218726616Z_ESKKL7GQMNA7;Active;1f286ba4-e00b-4db6-9053-cc1034baa9e1;2026-01-05 16:32:18;
SOB_20260105T163218726770Z_UPSOEVQHTBG3;Active;86aaac30-d383-482b-b2ff-6c90085aae0e;2026-01-05 16:32:18;
SOB_20260105T163218726920Z_MVR4SFUS6VAN;Active;6dbd4863-3854-46cd-95b9-800ee961a950;2026-01-05 16:32:18;
SOB_20260105T163218727069Z_GSFIDBZPHRDG;Active;65353510-7344-4200-b06c-769603aaebc2;2026-01-05 16:32:18;
SOB_20260105T163218727239Z_5XOCWS2MLNH3;Active;81595eb0-a39d-4a32-8801-2a92a297217e;2026-01-05 16:32:18;
SOB_20260105T163218727553Z_ALZ6GKFZ2RFV;Active;ded36ce8-34eb-4852-b77d-a10d68099086;2026-01-05 16:32:18;
SOB_20260105T163218727786Z_RODP7TZT45HC;Active;cfc346f4-e09b-41a5-8489-0919ec30051c;2026-01-05 16:32:18;
SOB_20260105T163218728008Z_DSQEIRYFVJHE;Active;c54783af-7883-4296-b15d-58de07f7a85e;2026-01-05 16:32:18;
SOB_20260105T163218728232Z_7BLTD2NFUFAP;Active;07257d05-7c8d-4ac3-a4ea-0c135c29b3fd;2026-01-05 16:32:18;
SOB_20260105T163218728495Z_CQYKZYR6XREB;Active;84163aa3-733f-4786-a426-aff4db3695ab;2026-01-05 16:32:18;
SOB_20260105T163218728757Z_AJEIQQ73IJAZ;Active;32cc4457-49c6-4b33-9e43-5dac644ae5fd;2026-01-05 16:32:18;
SOB_20260105T163218728995Z_GMBSIIPXQNHE;Active;24cf7fa4-58e4-4694-be9a-1ecdf7aad97a;2026-01-05 16:32:18;
SOB_20260105T163218729190Z_VIYFJQ6FRNDX;Active;c5b00d60-4547-4c85-b353-60588be1f01e;2026-01-05 16:32:18;
SOB_20260105T163218729348Z_RWM4ZISYJZHA;Active;ad8fc4f5-6f4b-4dea-b784-d5b10254bad3;2026-01-05 16:32:18;
SOB_20260105T163218729504Z_BWNJSFEZORD5;Active;7c4d16ad-0240-4e70-9c2b-78a6ce0136d6;2026-01-05 16:32:18;
SOB_20260105T163218729650Z_56KSOBMZIVDC;Active;cb620742-eea0-493a-8b68-7a24edab9e94;2026-01-05 16:32:18;
SOB_20260105T163218729799Z_XJH2P3ENFFDC;Active;1c8bd630-5a4b-40e2-85c0-435796bc4a88;2026-01-05 16:32:18;
SOB_20260105T163218729946Z_UH2EOJPBINF6;Active;380d43ae-2034-4210-adf2-63b2b8d29c87;2026-01-05 16:32:18;
SOB_20260105T163218730090Z_ZO5QULZFBREH;Active;cd243248-a59f-456b-9687-3e675d17c1e9;2026-01-05 16:32:18;
SOB_20260105T163218730243Z_MFPN53BPMZEB;Active;28f7678b-1c3d-41ee-81e2-a2300bda3424;2026-01-05 16:32:18;
SOB_20260105T163218730385Z_JIP73DHQ4RBH;Active;47153c49-b8be-45a8-9f58-f714e46258f0;2026-01-05 16:32:18;
SOB_20260105T163218730530Z_CFEAAR4KXFFK;Active;7805861b-7f1b-4c95-8bcf-cca0589f2488;2026-01-05 16:32:18;
SOB_20260105T163218730676Z_RCWJPW62SZB6;Active;5e1be75b-64fa-47d4-a59c-377a06612b58;2026-01-05 16:32:18;
SOB_20260105T163218730817Z_I2MP5FVZLBD2;Active;8cb66739-2afe-4447-8f36-1078ced850e4;2026-01-05 16:32:18;
SOB_20260105T163218730967Z_TKQYB7Q7IBFJ;Active;737e8c89-db16-4c94-ae57-b8d31ebdc5f7;2026-01-05 16:32:18;
SOB_20260105T163218731109Z_UKCOKMZEKRFC;Active;8d84abdc-2696-4061-8389-a39175461550;2026-01-05 16:32:18;
SOB_20260105T163218731254Z_DU7ZRQVDZJB3;Active;2f0576dc-d768-4e7b-92ce-edd5afcd22b1;2026-01-05 16:32:18;
SOB_20260105T163218731398Z_DQ4736WODJBT;Active;b9a32f8c-42e8-4d0d-ac03-532dfc51aec3;2026-01-05 16:32:18;
SOB_20260105T163218731539Z_PPU767CHLJF4;Active;ed90454a-da8c-4486-9f05-9b1937f1cbf5;2026-01-05 16:32:18;
SOB_20260105T163218731687Z_ZUMT4WZQDRH5;Active;62c29839-813e-48f2-b88c-247b8b498971;2026-01-05 16:32:18;
SOB_20260105T163218731835Z_PWJ6FI4WNBGZ;Active;3296be08-3f5d-4cf1-840b-72998ecb62a5;2026-01-05 16:32:18;
SOB_20260105T163218731976Z_RX2GXAQMMRH6;Active;a9a810aa-b227-4d98-a13f-7553d3857414;2026-01-05 16:32:18;
SOB_20260105T163218732129Z_JRFNDJDBONAF;Active;d6af4cd2-02ef-410a-9656-f816eb6047b3;2026-01-05 16:32:18;
SOB_20260105T163218732283Z_LH2FVW6HE5BN;Active;1566b4b1-9cdf-40de-a812-623d38c021a4;2026-01-05 16:32:18;
SOB_20260105T163218732426Z_Q64ZEXDDGNG2;Active;5c9fa5c2-76e4-468a-8f67-9dc1acf6fa6a;2026-01-05 16:32:18;
SOB_20260105T163218732567Z_L7QGESIAUZEH;Active;01eda750-6644-4317-ba9d-2371a18e3f3c;2026-01-05 16:32:18;
SOB_20260105T163218732712Z_MNO54FR4YBER;Active;efe6c70e-055d-42bd-bcb9-9f299a125767;2026-01-05 16:32:18;
SOB_20260105T163218732854Z_BIS4PI4TL5HQ;Active;c1f87b38-a771-467a-afbf-397873fe4331;2026-01-05 16:32:18;
SOB_20260105T163218733008Z_Z3CQAGUXO5DI;Active;c64c85ab-df29-4306-92d9-d24362c90e84;2026-01-05 16:32:18;
SOB_20260105T163218733150Z_4HQZZQET6BD5;Active;761b1e7a-42c9-4fb3-a75c-da9559e6df46;2026-01-05 16:32:18;
SOB_20260105T163218733295Z_76Q67EKIPZDS;Active;17bb032d-4418-43d9-bb41-f856c0bad347;2026-01-05 16:32:18;
SOB_20260105T163218733441Z_QMTJJ4U2MFBU;Active;5ca50042-51e1-4526-9e75-e18de55c3dbe;2026-01-05 16:32:18;
SOB_20260105T163218733584Z_G7KWJ3SOS5HI;Active;a939a90b-c336-4446-9c66-1482f2042a74;2026-01-05 16:32:18;
SOB_20260105T163218733734Z_H233JVTSQ5HO;Active;61bfda8c-9fe4-4326-bcde-6578b4861082;2026-01-05 16:32:18;
SOB_20260105T163218733876Z_DIDRSOI7NNE3;Active;62f0d397-1d67-44df-887b-e7d85db251e1;2026-01-05 16:32:18;
SOB_20260105T163218734014Z_M4PV7USN2FA2;Active;6bff23d6-2ff2-43eb-b2d3-87fd65b549da;2026-01-05 16:32:18;
SOB_20260105T163218734161Z_J6MIUMXL7ZE5;Active;3c1c9d72-01d5-4728-9679-c870ae7eca8a;2026-01-05 16:32:18;
SOB_20260105T163218734301Z_WVINEP75UNGF;Active;1f0a6ccd-ef24-40f5-bd4a-2ba19515bfcd;2026-01-05 16:32:18;
SOB_20260105T163218734448Z_3JZIL3AEDFFJ;Active;41d06628-c0bd-487f-832d-4af8472e1016;2026-01-05 16:32:18;
SOB_20260105T163218734588Z_XUW5WFSK3VG2;Active;e76f0b77-203a-4040-a340-70b2c2cde7be;2026-01-05 16:32:18;
SOB_20260105T163218734727Z_63VHB2EIMRD2;Active;151a944b-7ea8-4f36-9ba2-877e5bbf3a12;2026-01-05 16:32:18;
SOB_20260105T163218734869Z_IEZ3T76RLVGF;Active;8cf10f91-845d-4e69-9336-ea7547c224e6;2026-01-05 16:32:18;
SOB_20260105T163218735022Z_JATC2KQPOVHI;Active;95833ea9-e1a6-4978-8143-bf8673e76297;2026-01-05 16:32:18;
SOB_20260105T163218735170Z_WMMXWGJ3KVGK;Active;6f37a1cc-d366-4b90-8265-0fff6eadf2f9;2026-01-05 16:32:18;
SOB_20260105T163218735313Z_OC7QFG562FGD;Active;26e56bce-d9ab-4927-8809-8500a841c18d;2026-01-05 16:32:18;
SOB_20260105T163218735455Z_RWWHB4I7RJGK;Active;6ff942d5-0730-493a-8e51-d512b48951b5;2026-01-05 16:32:18;
SOB_20260105T163218735596Z_QXHQO55NURCY;Active;38178bc1-c2ce-4272-aa1f-c9af838ca9cb;2026-01-05 16:32:18;
SOB_20260105T163218735737Z_XTYZ3N36YJFL;Active;462c9d59-aa5c-4531-872a-44a31c31d16b;2026-01-05 16:32:18;
SOB_20260105T163218735887Z_NKKR2HUG4JDZ;Active;4561c718-710a-4eaf-ade1-1c09c3678724;2026-01-05 16:32:18;
SOB_20260105T163218736031Z_OYLZBSY7DFGT;Active;4b870994-136b-42d4-ad82-4be06329a7a6;2026-01-05 16:32:18;
SOB_20260105T163218736172Z_GX3FCUBIMJGN;Active;bf05367f-6724-4ac6-a2b1-864606acdc7c;2026-01-05 16:32:18;
SOB_20260105T163218736314Z_XH5HYEFR3BES;Active;8b46f625-f5c1-4f95-a366-4c2cd04cc103;2026-01-05 16:32:18;
SOB_20260105T163218736459Z_WXIMS7PTOFDQ;Active;5603b1a0-6a6a-472d-abce-6580554513fa;2026-01-05 16:32:18;
SOB_20260105T163218736607Z_RJLBFXZUR5GL;Active;6265b8b0-532e-4938-aa27-f9bb3d6ef25f;2026-01-05 16:32:18;
SOB_20260105T163218736751Z_MW7OPTD2BNCA;Active;adc65c79-2bf6-4e91-9615-d1ae77d9e285;2026-01-05 16:32:18;
SOB_20260105T163218736897Z_SB5U4KPRCFDP;Active;f02da55e-2b59-4ef7-b185-9dfcca1e7678;2026-01-05 16:32:18;
SOB_20260105T163218737037Z_UKYRKP3BVFFN;Active;e560e3a3-11bb-465f-b43d-d24ee9102699;2026-01-05 16:32:18;
SOB_20260105T163218737179Z_ZOWYZZNFABHX;Active;7ebfee54-9dc3-4824-8504-f9eeba6c0ea5;2026-01-05 16:32:18;
SOB_20260105T163218737331Z_NHSQPUNEYZA5;Active;0e1f619e-d82d-407b-a0a3-074c117562fa;2026-01-05 16:32:18;
SOB_20260105T163218737472Z_HNON2UFFQZAP;Active;ecac9924-bd61-4f91-8748-5b8c997874d3;2026-01-05 16:32:18;
SOB_20260105T163218737613Z_OCIJKOP4RNEO;Active;8e2e2e04-04a3-4d39-8e3c-b1fbf4711a23;2026-01-05 16:32:18;
SOB_20260105T163218737757Z_BRY3U4U4BJDI;Active;09740bc5-2bdf-469d-9bc4-c48430708ad9;2026-01-05 16:32:18;
SOB_20260105T163218737916Z_7QYCQDX2ANAW;Active;1000c1c5-cb1a-49a8-88c0-70a65343908e;2026-01-05 16:32:18;
SOB_20260105T163218738056Z_SPRZ7FFYS5AL;Active;f105ae58-40af-4a16-a506-0d897cb91808;2026-01-05 16:32:18;
SOB_20260105T163218738197Z_GW7E4QRWJVAN;Active;6834e662-a39f-4a1e-9825-5fa6861b0fb9;2026-01-05 16:32:18;
SOB_20260105T163218738336Z_SBZL5MM2ZRBX;Active;2c3dcee5-41bb-489f-ac92-3c41a190967f;2026-01-05 16:32:18;
SOB_20260105T163218738477Z_MGPIDLYZQJGN;Active;cea69b92-6a30-425f-bf3c-dd9160f0c2be;2026-01-05 16:32:18;
SOB_20260105T163218738627Z_KENKV6KH3JHM;Active;72e8564f-13ca-45ed-bbba-7e82657861ea;2026-01-05 16:32:18;
SOB_20260105T163218738768Z_KYNAFEZQJFGQ;Active;d60ddbfc-b4dd-49a3-84be-9de7e319b90b;2026-01-05 16:32:18;
SOB_20260105T163218738910Z_FOXTXLV3FRH3;Active;c9958053-cea3-48f4-9129-92fd8a5b7308;2026-01-05 16:32:18;
SOB_20260105T163218739047Z_45UBE2ITRBEE;Active;1835098f-9aec-4a60-afb0-f7edc221addd;2026-01-05 16:32:18;
SOB_20260105T163218739193Z_PUSHJ5DV4ZDL;Active;1787dd5c-6a97-4376-8ac4-db212970f733;2026-01-05 16:32:18;
SOB_20260105T163218739341Z_6S6OAEWV7RH4;Active;8f63d7f7-2856-471f-8a00-8ae78746d8ff;2026-01-05 16:32:18;
SOB_20260105T163218739484Z_5R2AWPWORVFX;Active;035560d0-9405-40b6-a03d-409d2fef7c7d;2026-01-05 16:32:18;
SOB_20260105T163218739629Z_CTMAHPK23NG2;Active;586865ca-c00f-4c67-93a2-d70cddfe7553;2026-01-05 16:32:18;
SOB_20260105T163218739773Z_3PHC4JIUXFBQ;Active;f23355c8-1dd6-44fb-b581-a19a195714e3;2026-01-05 16:32:18;
SOB_20260105T163218739915Z_ZPJQNKJSZNFV;Active;c0ef8934-c989-4aa9-8d78-fd722d6defc7;2026-01-05 16:32:18;
SOB_20260105T163218740068Z_RMXMEUM72RHG;Active;b21f50fd-7b35-43c2-8f16-514782961ef9;2026-01-05 16:32:18;
SOB_20260105T163218740211Z_I43SBKT5HZBI;Active;263f3ad8-7923-4fd5-9d06-e692ab1b3a63;2026-01-05 16:32:18;
SOB_20260105T163218740356Z_N3NXB24Q5ZDW;Active;49bb6466-f2fd-4580-853c-66a9ffd839d1;2026-01-05 16:32:18;
SOB_20260105T163218740501Z_UC4IKZBTQ5EA;Active;2234eaf8-e548-4c88-a07f-78dfda7697b2;2026-01-05 16:32:18;
SOB_20260105T163218740645Z_BYUF35664FFA;Active;9eb40427-0954-4622-b20b-4b71b89a1d3e;2026-01-05 16:32:18;
SOB_20260105T163218740795Z_DEMAAIFGG5HZ;Active;30fcfd6c-363e-41da-af8b-4f4b76e880ac;2026-01-05 16:32:18;
SOB_20260105T163218740940Z_REPDNX5LIBFN;Active;bc1f3959-9c10-486c-bd0c-7437336ef4b9;2026-01-05 16:32:18;
SOB_20260105T163218741089Z_SEGAKLQODNEI;Active;5b46e460-cc90-4010-98a4-f826b9f5ae5b;2026-01-05 16:32:18;
SOB_20260105T163218741229Z_I5U6LKVEV5FZ;Active;357cb35c-4319-4b18-abf7-1d5c5a789a5a;2026-01-05 16:32:18;
SOB_20260105T163218741384Z_X44DULTEXVFF;Active;b9b19134-f275-475d-900c-7524bea2ce57;2026-01-05 16:32:18;
SOB_20260105T163218741533Z_RQCMC42XYNEZ;Active;f977ff54-3330-4cfb-b6fa-75e31675cb2f;2026-01-05 16:32:18;
SOB_20260105T163218741676Z_GX7KWL3S3JCP;Active;6d0f868c-19c3-4cdb-9180-c77b56c24221;2026-01-05 16:32:18;
SOB_20260105T163218741818Z_LI3FWNTWXJCR;Active;38295359-8874-4c94-bd5f-770eef907bdf;2026-01-05 16:32:18;
SOB_20260105T163218741960Z_YCMOHGKHN5CX;Active;084aa6eb-e736-4b55-89e6-f6185e78e2ab;2026-01-05 16:32:18;
SOB_20260105T163218742098Z_AK3XEASCUZE3;Active;8a88fa60-c5dd-4bfd-b855-44fce4737144;2026-01-05 16:32:18;
SOB_20260105T163218742246Z_RQLZCIRG65BZ;Active;647c6f0c-7b27-48bd-9625-a402f96d11f7;2026-01-05 16:32:18;
SOB_20260105T163218742396Z_R3HTMBRKRBHR;Active;9be0a6ee-9118-4cd8-a117-c23cd9e09edd;2026-01-05 16:32:18;
SOB_20260105T163218742538Z_ZGRZCDYI6RFA;Active;908f024d-a5f2-4fa0-8f87-5969392d5735;2026-01-05 16:32:18;
SOB_20260105T163218742680Z_ELSPYT37KFDJ;Active;380cf55a-99ee-4ffa-81a7-99240f448be2;2026-01-05 16:32:18;
SOB_20260105T163218742826Z_PFRM5RVSONH6;Active;755b1955-9406-439b-beb5-b11b825c1f6b;2026-01-05 16:32:18;
SOB_20260105T163218742977Z_QNXZRQ2I6VAA;Active;888a2ea5-2d82-45f3-84b9-893ab699cd1e;2026-01-05 16:32:18;
SOB_20260105T163218743217Z_ILWEFJ6ZXVCW;Active;27dd72bd-d8c4-49ec-8044-6047d94a9243;2026-01-05 16:32:18;
SOB_20260105T163218743374Z_Z53OOXCGGNH7;Active;77d4afff-a4af-4216-9e30-f8c00a71ba96;2026-01-05 16:32:18;
SOB_20260105T163218743520Z_V5ZVA4KE7ZFL;Active;d07cf003-f557-407a-8741-0f1af1cbbcf7;2026-01-05 16:32:18;
SOB_20260105T163218743666Z_T4MUMSUY5RH2;Active;17f9ddea-8359-4d79-a889-6968f0a86518;2026-01-05 16:32:18;
SOB_20260105T163218743815Z_PTHU3GZ6CZAO;Active;cbb9787d-8117-4022-bb74-1189eeadc4e2;2026-01-05 16:32:18;
SOB_20260105T163218743961Z_H3PXGYOC4JDH;Active;8e3fe4f5-71f4-473b-abd1-9a09cf617365;2026-01-05 16:32:18;
SOB_20260105T163218744103Z_AKXFQMJ2PNG6;Active;5b7fc816-26d2-4c8e-9878-77444241c62c;2026-01-05 16:32:18;
SOB_20260105T163218744267Z_22YU76RU6JD5;Active;6cfe5bea-448e-40c5-b91f-b69b5b2698e0;2026-01-05 16:32:18;
SOB_20260105T163218744416Z_BTYOA54GDBA6;Active;c8c56a1e-34d3-4652-81e2-31b062d1e5ef;2026-01-05 16:32:18;
SOB_20260105T163218744565Z_GVL63R6VL5FZ;Active;54fea853-28dc-42e1-83b3-d1e52e790975;2026-01-05 16:32:18;
SOB_20260105T163218744708Z_S7CWAXDRCNAT;Active;2b145e02-2d01-46f3-a489-ecc395b51d4c;2026-01-05 16:32:18;
SOB_20260105T163218744852Z_CKW3TGCKRZBQ;Active;ca883349-3b1b-449d-a966-eb35a68be56d;2026-01-05 16:32:18;
SOB_20260105T163218744995Z_K55O6QSFIBCV;Active;3c986c59-3330-4333-bca2-d23ecff87252;2026-01-05 16:32:18;
SOB_20260105T163218745178Z_XT3EM6QY5VAI;Active;d45901cd-ceb3-49a0-b2ec-3d61acd08f1e;2026-01-05 16:32:18;
SOB_20260105T163218745323Z_T3DZZLTT6VGQ;Active;45e412b1-9f94-4820-9ea6-e8f9aeef07b1;2026-01-05 16:32:18;
SOB_20260105T163218745467Z_TXYGQ6FDYVEH;Active;9c9f9d90-3199-4857-93a8-dff91b71e789;2026-01-05 16:32:18;
SOB_20260105T163218745619Z_NUNEYZBW4ZFZ;Active;e2e98f30-9abf-4afe-acc0-f508fe8d62d9;2026-01-05 16:32:18;
SOB_20260105T163218745763Z_HDN2GRFTMBGM;Active;20c3c30f-bff5-45da-b9c1-4d25dd5109c0;2026-01-05 16:32:18;
SOB_20260105T163218745910Z_NUWWUG2AXNDZ;Active;2a0132d6-b4b5-4586-933a-bac7494e12c2;2026-01-05 16:32:18;
SOB_20260105T163218746051Z_QMFBA5ERHBD6;Active;dae7529e-5311-441d-9a3d-349bb600ad70;2026-01-05 16:32:18;
SOB_20260105T163218746197Z_S62JMINXOVH3;Active;0f9ec5fe-47d4-4748-911c-aab695474b5a;2026-01-05 16:32:18;
SOB_20260105T163218746341Z_2W4CW2GIPFEL;Active;75fe8ff9-1211-4c62-9beb-dfa20865ec14;2026-01-05 16:32:18;
SOB_20260105T163218746481Z_SFJU7DR2EBGR;Active;57d727d9-f0ba-4f44-ab72-1f5e349202ab;2026-01-05 16:32:18;
SOB_20260105T163218746630Z_FFHHY4GWJVHO;Active;0f96c829-6483-4bb4-8fe6-34b7dbbcd0ed;2026-01-05 16:32:18;
SOB_20260105T163218746775Z_YVTCWQDEQRBL;Active;863cfbc8-8645-485d-8cc6-a00ca1d095a3;2026-01-05 16:32:18;
SOB_20260105T163218746924Z_77YT3A2SQRFT;Active;8ce26193-cd5e-4650-bfa1-a5e90307a94c;2026-01-05 16:32:18;
SOB_20260105T163218747063Z_QZI4B34MQVHZ;Active;8e811122-03a1-4117-9d84-3d8d3764e3dc;2026-01-05 16:32:18;
SOB_20260105T163218747206Z_RL24HXIKWRGK;Active;32bfa11c-e8a3-4ead-a85f-6a26cfb9efbe;2026-01-05 16:32:18;
SOB_20260105T163218747665Z_NPTCBHZYMFEM;Active;3e234cc9-07ef-46c0-a426-b6240756641d;2026-01-05 16:32:18;
SOB_20260105T163218748373Z_OCE5VRWOVNDW;Active;12af8f3f-ca1c-498a-b05b-408b85baff5c;2026-01-05 16:32:18;
SOB_20260105T163218748905Z_FJ7QAQKWYFFA;Active;7a4a1738-b3a2-420a-85af-d7ed2424e2e7;2026-01-05 16:32:18;
SOB_20260105T163218749556Z_ORZ4Q5XW4NG6;Active;fe29e031-42f4-416f-9c91-b8ca983b8762;2026-01-05 16:32:18;
SOB_20260105T163218749875Z_6BFUZFKAO5AX;Active;4a0c3bbe-7729-45c1-9917-f93943d0e321;2026-01-05 16:32:18;
SOB_20260105T163218750115Z_GVCDTMPKB5AY;Active;469ba084-1e65-415e-b12e-16e60d1856ba;2026-01-05 16:32:18;
SOB_20260105T163218750331Z_KGUZQVRU3RA7;Active;49bdd40a-3653-491b-b41a-f97fa6664da6;2026-01-05 16:32:18;
SOB_20260105T163218750544Z_ZS2WOLPC2RHT;Active;1acf2d69-0efb-4874-b9fd-a2788e46d914;2026-01-05 16:32:18;
SOB_20260105T163218750759Z_EV3ES7ONFFB6;Active;3810f608-ad7e-49af-bc12-71964ef66714;2026-01-05 16:32:18;
SOB_20260105T163218750963Z_K3AKL5RHFFF3;Active;77aa60ed-f5fb-4fe2-b155-427116a0a801;2026-01-05 16:32:18;
SOB_20260105T163218751173Z_22TWMCS7OZFP;Active;0353f3e8-708c-4e12-a1ae-6e73baac68c8;2026-01-05 16:32:18;
SOB_20260105T163218751387Z_ULYINYX5TJAZ;Active;b9f7b93e-27d3-47e3-9f39-ad144b1c271b;2026-01-05 16:32:18;
SOB_20260105T163218751618Z_RMFZ2HOSCVCH;Active;0d97f6d5-57c9-4e1d-bada-3bd33a7ac8dc;2026-01-05 16:32:18;
SOB_20260105T163218751851Z_M6CNQMT45FGW;Active;16ba5d0e-7269-4bc7-b89c-b7f758da868b;2026-01-05 16:32:18;
SOB_20260105T163218752078Z_CJQSWAIEEVFA;Active;158718f5-61bd-46da-a9fa-62d800661ea3;2026-01-05 16:32:18;
SOB_20260105T163218752323Z_GVVEJ374RVH2;Active;a841409f-794b-4196-8f24-e399eeed0a67;2026-01-05 16:32:18;
SOB_20260105T163218752547Z_7KQD3HE42BGV;Active;54d20676-2c21-454a-9053-418b61d14b9e;2026-01-05 16:32:18;
SOB_20260105T163218752766Z_GWLHICWIOVHL;Active;e4c346a8-79b5-4327-b979-65363eb8a891;2026-01-05 16:32:18;
SOB_20260105T163218753004Z_3U5NVC4VG5CQ;Active;db1ae977-b63c-4e1f-ab0f-299bd3fbbaa2;2026-01-05 16:32:18;
SOB_20260105T163218753237Z_PFQJUENGNZAJ;Active;3a2671dc-75bc-4074-b4b3-71933f9b0748;2026-01-05 16:32:18;
SOB_20260105T163218753512Z_NQBRB5QA4BHE;Active;c29447c7-3764-469f-9f24-13854aecbe07;2026-01-05 16:32:18;
SOB_20260105T163218753755Z_FSWXY5JESFDD;Active;18e02285-8f42-447f-975a-a3b207506e78;2026-01-05 16:32:18;
SOB_20260105T163218753988Z_5D4FRKA4LVBQ;Active;6cd83bca-ffa2-4411-a422-590700c6d086;2026-01-05 16:32:18;
SOB_20260105T163218754225Z_M4ZZBUAWM5CQ;Active;fdb7c4e7-020b-4aec-b572-2181aee9b410;2026-01-05 16:32:18;
SOB_20260105T163218754475Z_EOXFLJ4GNBEV;Active;784c4851-f29f-4e77-bd44-2d97a3a3a4d8;2026-01-05 16:32:18;
SOB_20260105T163218754700Z_KQR5SSB3WVCX;Active;2fea8442-6e72-4b4d-82e7-ed34c3be273c;2026-01-05 16:32:18;
SOB_20260105T163218754924Z_5HYNB2VTHRBF;Active;cec1397d-d514-4010-89bf-0c0e14f6077c;2026-01-05 16:32:18;
SOB_20260105T163218755153Z_3GJGPGCAL5CT;Active;92dfe300-1068-43e7-ab98-71845ccd8297;2026-01-05 16:32:18;
SOB_20260105T163218755385Z_WJ4E6AZWIRHF;Active;cf4e730e-01e0-48d1-96d2-89da88773ea8;2026-01-05 16:32:18;
SOB_20260105T163218755622Z_I5E3ELXIQRAM;Active;d264c977-92e8-41d2-8cae-650adb9fe249;2026-01-05 16:32:18;
SOB_20260105T163218755854Z_LZB6PP2DLZEL;Active;451d76b6-601b-4408-ae00-85d7c34ddf3c;2026-01-05 16:32:18;
SOB_20260105T163218756082Z_T5MN3NDTHJC6;Active;c28d38cf-ee34-4860-88a1-b2fca3d35222;2026-01-05 16:32:18;
SOB_20260105T163218756313Z_VGFAPZOH45H2;Active;946842be-c08f-46f7-aa28-e52c8f182f91;2026-01-05 16:32:18;
SOB_20260105T163218756544Z_RYHLS7LGIBGQ;Active;535bf21f-c656-476c-b6c2-05f3412a591a;2026-01-05 16:32:18;
SOB_20260105T163218756787Z_BEQG3UP2VRGS;Active;05e0ea99-025c-4f69-8221-6d4f0aa29c5e;2026-01-05 16:32:18;
SOB_20260105T163218757019Z_LPHJPPCPNRCR;Active;bdb8c769-7a3e-4e96-b72f-c9c30ca05acd;2026-01-05 16:32:18;
SOB_20260105T163218757253Z_2B7S3JMDW5EB;Active;de4604bc-3669-4e88-bd9f-9728a77255fa;2026-01-05 16:32:18;
SOB_20260105T163218757496Z_Y5BO7YCRARFV;Active;d706a134-8969-4060-8c66-87f8ebe5141f;2026-01-05 16:32:18;
SOB_20260105T163218757716Z_5PUHI2ZZZ5CG;Active;f8b5e549-4f5f-4257-ae18-45a6f08582dd;2026-01-05 16:32:18;
SOB_20260105T163218757930Z_TPZ5OK33DBCE;Active;eeaf9958-91b9-4c59-9038-08fc280c73ba;2026-01-05 16:32:18;
SOB_20260105T163218758170Z_YPFLM63SYZDK;Active;506e3464-80ee-404d-ab4e-8fcbb4a7fe0a;2026-01-05 16:32:18;
SOB_20260105T163218758378Z_AW2F5TZQBZEN;Active;d2597a74-a0fd-42cd-94ff-679cbeb2dd12;2026-01-05 16:32:18;
SOB_20260105T163218758593Z_LUSUQ6MLAJGL;Active;b0d64878-2919-4398-bb70-b18182df2f0c;2026-01-05 16:32:18;
SOB_20260105T163218758802Z_BP5SUGMVUZHM;Active;b7c527f8-15ff-4e97-acf8-f332080440c0;2026-01-05 16:32:18;
SOB_20260105T163218759013Z_OXJJUA6CJJB3;Active;d3bedd62-7a11-490b-8bd0-47f3d5212ce7;2026-01-05 16:32:18;
SOB_20260105T163218759235Z_H45JVJQ7TNGS;Active;b5f72194-d7ac-462d-867e-e3f4f43aa6b2;2026-01-05 16:32:18;
SOB_20260105T163218759439Z_GMUVBPC7OFHW;Active;4f0e55ed-4fb2-46c9-8d97-8b9388b5f56c;2026-01-05 16:32:18;
SOB_20260105T163218759640Z_HTTQHMQ3RFFY;Active;3f11809a-1a7e-4a89-bb84-1150d8102e06;2026-01-05 16:32:18;
SOB_20260105T163218759836Z_KJTWGQKYRNB6;Active;e0d34e8d-44f9-49ca-8f95-d9e72e959bb5;2026-01-05 16:32:18;
SOB_20260105T163218760036Z_3U4MFQY5S5ES;Active;dc58db0a-5e61-4f95-82bb-d52e1c55bb85;2026-01-05 16:32:18;
SOB_20260105T163218760235Z_XVG5G3CIAND6;Active;b37b8b79-c129-4768-9454-ec6f1034c184;2026-01-05 16:32:18;
SOB_20260105T163218760432Z_RP7ZKVBCPFET;Active;99928e52-3a49-4e14-b814-3c7ff38596d1;2026-01-05 16:32:18;
SOB_20260105T163218760609Z_5H7KPXI7NBAI;Active;7a087b5f-2b20-42de-a97d-525b494f153c;2026-01-05 16:32:18;
SOB_20260105T163218760766Z_ZFJKJAJUTZBG;Active;f1d47e5c-f0bc-4d23-a665-c025d4af4076;2026-01-05 16:32:18;
SOB_20260105T163218760919Z_LDILQSF3QFFK;Active;989c8d3c-3cc2-4b03-8e93-e676d8e26e96;2026-01-05 16:32:18;
SOB_20260105T163218761070Z_ZT4T6W3CDBDY;Active;8195a9c9-c333-455b-8e2b-98911fa4a299;2026-01-05 16:32:18;
SOB_20260105T163218761245Z_3MPNH3PCAVEV;Active;96f63627-98ae-4c4b-8c60-e641fc548927;2026-01-05 16:32:18;
SOB_20260105T163218761411Z_RXGJWOTZYFFD;Active;5e05da0d-5b26-40e5-adc7-978d39b7f650;2026-01-05 16:32:18;
SOB_20260105T163218761562Z_CPVQSVP6RJB3;Active;35297547-fcc2-4dec-a981-9db142422435;2026-01-05 16:32:18;
SOB_20260105T163218761720Z_2ELDRDMLJRDY;Active;885e2260-096a-4f9a-a5fb-69fd2ad7944d;2026-01-05 16:32:18;
SOB_20260105T163218761869Z_K7JYDOF6Y5EG;Active;c0f1c072-74da-49b3-847f-844cd3f2f1e9;2026-01-05 16:32:18;
SOB_20260105T163218762015Z_TBNMTNTBSVE6;Active;1962cd1f-4d80-4677-b544-cb072200ea10;2026-01-05 16:32:18;
SOB_20260105T163218762162Z_IEHFL5BEMJFV;Active;edca127d-600a-461f-84f0-96aa08a43344;2026-01-05 16:32:18;
SOB_20260105T163218762307Z_7OPDA4GXVFGV;Active;b7740ddf-18b8-4e8a-9567-d9e82d001800;2026-01-05 16:32:18;
SOB_20260105T163218762466Z_GMF5PY7VTVFO;Active;e3a046e7-208f-425b-a887-1788302a32ab;2026-01-05 16:32:18;
SOB_20260105T163218762617Z_TJKHDKJBDZDQ;Active;40826777-f0dd-47ed-a564-e1e9be36257e;2026-01-05 16:32:18;
SOB_20260105T163218762764Z_L35OFHYMCVCE;Active;5135f85c-b519-4ee5-a5a6-cfb0650c6030;2026-01-05 16:32:18;
SOB_20260105T163218762911Z_MPKMVRK3Z5A3;Active;d5bfded2-e4f5-44d5-8c67-7795b2a805a6;2026-01-05 16:32:18;
SOB_20260105T163218763056Z_PNJFO5AIENAW;Active;17b655a0-2fd0-4d41-b507-084cb7e74623;2026-01-05 16:32:18;
SOB_20260105T163218763212Z_4HJBBEQE2RAP;Active;b99fe77b-11aa-4eb1-be51-4bd4707a47b3;2026-01-05 16:32:18;
SOB_20260105T163218763360Z_GATHLLYPFFA4;Active;8c205b2c-e7f4-4d83-b36a-24dbe7a4250b;2026-01-05 16:32:18;
SOB_20260105T163218763508Z_KWRV3LGKCJA6;Active;65af6288-b934-42d0-95b4-f5d4420fce4c;2026-01-05 16:32:18;
SOB_20260105T163218763659Z_AY5XXRYTPFCN;Active;62d3bb6e-3232-4ea1-9814-5e19ce7bb52a;2026-01-05 16:32:18;
SOB_20260105T163218763813Z_43XRHAW3EVGV;Active;8703846c-6d42-4260-ac42-4f662daf21e6;2026-01-05 16:32:18;
SOB_20260105T163218763959Z_GO6BIMOHU5CN;Active;ccba5fb7-2c30-4a59-8103-860e9867aeb2;2026-01-05 16:32:18;
SOB_20260105T163218764107Z_XQRO2PKIFBDX;Active;02c09acc-97a2-4c46-ba3e-25a45d07c691;2026-01-05 16:32:18;
SOB_20260105T163218764254Z_BGTD5TQ2XVH3;Active;c00cc45a-b70a-4637-afbf-109bfbd487aa;2026-01-05 16:32:18;
SOB_20260105T163218764402Z_XGURMWIR5VDO;Active;58fbaea9-7286-46e8-9e55-55d5de2f5700;2026-01-05 16:32:18;
SOB_20260105T163218764556Z_HBABGMDMMFF5;Active;ecd8a898-06b2-4ff9-9158-ba8fb2684968;2026-01-05 16:32:18;
SOB_20260105T163218764703Z_DE3IKMHAJVFB;Active;80f68068-f534-4749-a282-ada4ff9f53da;2026-01-05 16:32:18;
SOB_20260105T163218764847Z_CTRSF7G4WBAE;Active;ac217d1a-1771-455c-a700-90ca4d507ede;2026-01-05 16:32:18;
SOB_20260105T163218765017Z_U2YXMJZAONCL;Active;aa799ca8-a03f-4c2c-87d6-5c3b1dcde1ff;2026-01-05 16:32:18;
SOB_20260105T163218765162Z_WVX25PFVRVFH;Active;4b703dcd-5a14-4c97-9f7e-7143c53edac8;2026-01-05 16:32:18;
SOB_20260105T163218765309Z_OAV53QNY2JH4;Active;30726570-b6ed-470e-8599-fd6fd6c22b5e;2026-01-05 16:32:18;
SOB_20260105T163218765448Z_TJVTPUUVQZGC;Active;2be610b3-8250-4159-98c0-b14973bf1d25;2026-01-05 16:32:18;
SOB_20260105T163218765591Z_IP7I2YBATND7;Active;00b06e90-316a-4211-bef5-80d9536cd127;2026-01-05 16:32:18;
SOB_20260105T163218765734Z_OEBG3BPARNEH;Active;74ef65c2-cf0b-4fa7-afa5-a3ef7684feb8;2026-01-05 16:32:18;
SOB_20260105T163218765877Z_XRX5XMJDCJHM;Active;25687f77-bef2-432f-853f-a796d17ec922;2026-01-05 16:32:18;
SOB_20260105T163218766025Z_3F2DMND4DVHH;Active;81ce044f-0d59-4d65-a439-9426507075fe;2026-01-05 16:32:18;
SOB_20260105T163218766166Z_2DHCAUI2QFBP;Active;ed8f904e-41f0-4463-8dd7-916fa8cb42c8;2026-01-05 16:32:18;
SOB_20260105T163218766305Z_IKJ3WCNAO5G7;Active;cfee61f1-31b2-476b-8907-240907318692;2026-01-05 16:32:18;
SOB_20260105T163218766452Z_UTQRDPAR7VFU;Active;719141c2-b8ea-491b-8619-f3a30caad244;2026-01-05 16:32:18;
SOB_20260105T163218766592Z_PUZ3FCD7RRAS;Active;b2a67047-4dd5-4b76-98d6-4d02195635cb;2026-01-05 16:32:18;
SOB_20260105T163218766739Z_UWZX5MEFU5ES;Active;d81fcc08-997f-47df-ac8f-705e95f6e887;2026-01-05 16:32:18;
SOB_20260105T163218766884Z_ICAVBAQE2ZGG;Active;e9b37018-fd25-4939-9d95-2a79bd5c3ad3;2026-01-05 16:32:18;
SOB_20260105T163218767026Z_VBTT3ISPCNAF;Active;23d07265-ee5f-43b0-a205-138069808d42;2026-01-05 16:32:18;
SOB_20260105T163218767190Z_KIOG4MTCSNAP;Active;6bed0e85-17db-4ecf-8985-3b3163ea086a;2026-01-05 16:32:18;
SOB_20260105T163218767336Z_UQEZHGMFAJFN;Active;14030f3d-5a43-4854-8359-2148a14f319e;2026-01-05 16:32:18;
SOB_20260105T163218767486Z_VUROQ3ZG6JE2;Active;78363832-b552-4842-a7e4-3c9b4d1954c1;2026-01-05 16:32:18;
SOB_20260105T163218767628Z_EDUI5S2BSNEI;Active;25971604-4571-4de9-976c-cbbe002b2362;2026-01-05 16:32:18;
SOB_20260105T163218767774Z_QYZ2ZBOP4RFM;Active;154b978c-4053-44d0-9743-f24f1808aced;2026-01-05 16:32:18;
SOB_20260105T163218767919Z_AH6FHIMYB5HG;Active;c6074e9e-3a42-46e3-a96f-c14d35e63787;2026-01-05 16:32:18;
SOB_20260105T163218768060Z_XMQJE4S54NEU;Active;2d167307-5228-43fc-a27b-3bcd09654da3;2026-01-05 16:32:18;
SOB_20260105T163218768207Z_AM6OPSXY35BO;Active;a1f2e9d2-f6a0-46c7-9958-28b3aeac79c4;2026-01-05 16:32:18;
SOB_20260105T163218768352Z_BYMKGQPBDFHO;Active;a3b7c6dd-1090-467a-a2ee-19107f266bc0;2026-01-05 16:32:18;
SOB_20260105T163218768494Z_ODEY4YENXRCE;Active;5c62fb30-c00f-4017-987f-e36e357a13c3;2026-01-05 16:32:18;
SOB_20260105T163218768637Z_56BVSRSSMJBQ;Active;4899d49c-1775-494a-8122-6d89d0df77c1;2026-01-05 16:32:18;
SOB_20260105T163218768780Z_UKS5RUOJX5CY;Active;54101c90-b637-4433-9ed3-3a26a48fe142;2026-01-05 16:32:18;
SOB_20260105T163218768931Z_I5TKNM47FRA6;Active;d27d2ad2-9a99-4476-be6d-4363d8e438b6;2026-01-05 16:32:18;
SOB_20260105T163218769075Z_7STQ6FGXSNFK;Active;7d16ceaa-83e3-421d-9cb5-f16268f50a73;2026-01-05 16:32:18;
SOB_20260105T163218769220Z_LQ2LZQGBV5HT;Active;a36e6bf3-94aa-4673-953d-19ed8b1c36c9;2026-01-05 16:32:18;
SOB_20260105T163218769361Z_RSOUBKTQBRE6;Active;2ea0d70c-3b83-4f69-975b-0baa92e8ab5c;2026-01-05 16:32:18;
SOB_20260105T163218769506Z_YV3JAKI5V5B3;Active;b9892b58-e394-4a9f-8e7e-cfafa7d6e04a;2026-01-05 16:32:18;
SOB_20260105T163218769656Z_UID7MSKGHJFC;Active;b2f2cef8-acd7-44b0-a4b7-673f15e0ce84;2026-01-05 16:32:18;
SOB_20260105T163218769795Z_BPK57TKEMBCZ;Active;4b3aa8ab-cfef-4bf2-93ce-ef9cea39e80a;2026-01-05 16:32:18;
SOB_20260105T163218769937Z_ACBW2B33EZBU;Active;e6df9551-a445-4a7d-a6a0-0c637bb82802;2026-01-05 16:32:18;
SOB_20260105T163218770082Z_ZNJQZXT2WVEM;Active;ce353aee-9001-4861-8771-bd40808f86ba;2026-01-05 16:32:18;
SOB_20260105T163218770221Z_IKGG2HEMJBEP;Active;3c3c3058-69b2-46b1-86a8-f76dd6522823;2026-01-05 16:32:18;
SOB_20260105T163218770369Z_7ESXHUW56REJ;Active;3b680114-d10e-4437-9fee-8efac3c88bab;2026-01-05 16:32:18;
SOB_20260105T163218770511Z_GX5IULHIWJG4;Active;ff502832-f682-48d9-b2c8-3194a07352df;2026-01-05 16:32:18;
SOB_20260105T163218770650Z_QCRWO4HOVBGG;Active;fdbf2120-3a9c-4237-aa5d-1c926f55386e;2026-01-05 16:32:18;
SOB_20260105T163218770789Z_LFISIKTHNFAH;Active;210c1121-0cd4-4ef5-9b74-11504f597a15;2026-01-05 16:32:18;
SOB_20260105T163218770940Z_HGH7MA4NQFFR;Active;484fbee2-0023-4735-9f17-14511df417e9;2026-01-05 16:32:18;
SOB_20260105T163218771088Z_R3QNBJDQ3ZFK;Active;0ce91f7e-9711-4a9a-8ca1-8f7016ad6250;2026-01-05 16:32:18;
SOB_20260105T163218771232Z_FSPAIZVKHVGC;Active;da03d69d-cccf-4c57-9414-262afdcf2600;2026-01-05 16:32:18;
SOB_20260105T163218771374Z_HOCWML4LMZCX;Active;55637389-b63a-4fa0-8266-e15ebc041659;2026-01-05 16:32:18;
SOB_20260105T163218771517Z_4BAC2YSKFVFK;Active;c8a0f7dd-43ac-4d7c-92bd-77c97d152793;2026-01-05 16:32:18;
SOB_20260105T163218771668Z_SN2KGIHFZNGL;Active;f3516710-8156-4525-9448-fdc921e6fefb;2026-01-05 16:32:18;
SOB_20260105T163218771810Z_NFBXNIMQJNBO;Active;38f89dea-2fb2-4f7a-841c-c181916ba256;2026-01-05 16:32:18;
SOB_20260105T163218771963Z_GFCQKQB6BNFP;Active;67d75205-0a95-4c34-b2db-8de9353323f1;2026-01-05 16:32:18;
SOB_20260105T163218772107Z_DVBOPUV5RJEM;Active;1757b678-56de-4b15-9aeb-ef8e2e281360;2026-01-05 16:32:18;
SOB_20260105T163218772251Z_MXZFKSSVBBGT;Active;8b7c5cc5-f485-45f2-aaa5-4da0cc3757b9;2026-01-05 16:32:18;
SOB_20260105T163218772405Z_6AB54MFDENF5;Active;9c2fb9a4-6c33-4238-aa75-920b30c255fa;2026-01-05 16:32:18;
SOB_20260105T163218772546Z_LGKUWTEGUJBZ;Active;0f0df45d-87e0-468c-bf81-9b2e4d44113a;2026-01-05 16:32:18;
SOB_20260105T163218772687Z_LQJUZWIMIJDY;Active;1ffbeff4-043b-4631-95e6-8b4c8cf15bb0;2026-01-05 16:32:18;
SOB_20260105T163218772829Z_RROPKI6XWND3;Active;a70c6f3f-f824-4c0c-a93b-ead6027d3a01;2026-01-05 16:32:18;
SOB_20260105T163218772972Z_SJXLEWGBVRHV;Active;897eec78-d17e-4349-bbcb-94fffd8640cd;2026-01-05 16:32:18;
SOB_20260105T163218773118Z_NNLKXGYK5NGA;Active;80aa467f-6577-45d7-9b54-ca51cfbef89a;2026-01-05 16:32:18;
SOB_20260105T163218773261Z_UA2YXZ4P6JD7;Active;a51afbc2-565c-4f3a-b6c5-604003838566;2026-01-05 16:32:18;
SOB_20260105T163218773403Z_6FFVMIAVXFFA;Active;d8abc82e-4a67-4561-abd7-0f969c37018c;2026-01-05 16:32:18;
SOB_20260105T163218773567Z_L5FJTBXJUVE3;Active;f9c857d3-2b3f-45d8-a777-fe875ce43bb5;2026-01-05 16:32:18;
SOB_20260105T163218773706Z_7M7XFIPFNFCA;Active;9cbb3a92-e116-4a68-98ac-21ca4bdbc4d7;2026-01-05 16:32:18;
SOB_20260105T163218773855Z_CES3MW7VHNA7;Active;c645c3db-b998-46a0-ab5d-53bb7f33a9d2;2026-01-05 16:32:18;
SOB_20260105T163218773994Z_FW624REYDNDF;Active;10256846-a030-4f49-85c7-5d01f6b1a1a9;2026-01-05 16:32:18;
SOB_20260105T163218774134Z_UMEG5GO6I5HC;Active;55698ca7-f337-474c-a51d-97ceebbbbfdd;2026-01-05 16:32:18;
SOB_20260105T163218774279Z_NZKXFAYLONBQ;Active;2db69dfa-f06e-444d-8bae-3f7f1971479e;2026-01-05 16:32:18;
SOB_20260105T163218774419Z_W7NZVXSQ7BD6;Active;bf307b26-4a49-4e24-80e8-b4024a00ac2b;2026-01-05 16:32:18;
SOB_20260105T163218774565Z_6O2Y6KTJVFEV;Active;47372d16-b79a-433b-b28c-5931f0feb4de;2026-01-05 16:32:18;
SOB_20260105T163218774753Z_7BWPG3GTBNDX;Active;c62b412b-7baa-4e48-8946-5816e374c5f2;2026-01-05 16:32:18;
SOB_20260105T163218774909Z_MRU5TE7HRNDM;Active;47320a0a-08d9-47c0-a92c-87bf30e86062;2026-01-05 16:32:18;
SOB_20260105T163218775050Z_2JSWXWWSFFBN;Active;b04e7df2-947f-4952-9a9c-ade17de15b23;2026-01-05 16:32:18;
SOB_20260105T163218775192Z_3CYDJ4ZZGFGP;Active;f8fb18d9-258e-49ec-a4cc-d74e56f9340f;2026-01-05 16:32:18;
SOB_20260105T163218775341Z_YMG5QBJJ2JHM;Active;29022229-097b-4d7a-84ed-3486002c751c;2026-01-05 16:32:18;
SOB_20260105T163218775489Z_WYSUP4N3OFHK;Active;316e6614-cd4c-4be8-9d1c-6386b27bcecb;2026-01-05 16:32:18;
SOB_20260105T163218775636Z_DXQ2FENTDNH2;Active;6f62afb3-604d-4394-a763-8e67fc3af5e6;2026-01-05 16:32:18;
SOB_20260105T163218775778Z_DBM7QR6BOFGO;Active;886d36ad-45d6-4953-bd65-d4b001d1b950;2026-01-05 16:32:18;
SOB_20260105T163218775922Z_KP4C7JSYTJAS;Active;5501ef9a-9ae1-4cc9-aa35-8a3fd0cb67aa;2026-01-05 16:32:18;
SOB_20260105T163218776074Z_6E6HV5EZJJGF;Active;ee0d0cc4-c61e-4ac8-934f-ccdc5a33dee8;2026-01-05 16:32:18;
SOB_20260105T163218776235Z_NAORKFP36RGC;Active;f241e872-b8c5-4fb4-a7df-792644a250e2;2026-01-05 16:32:18;
SOB_20260105T163218776382Z_FDYO4Q7LGVF7;Active;d931b932-7b79-4c21-aaf9-d61e53267b4a;2026-01-05 16:32:18;
SOB_20260105T163218776524Z_JKHF3VK2YZF4;Active;9ec27f65-1147-4e5d-a38b-96ff844b1df1;2026-01-05 16:32:18;
SOB_20260105T163218776669Z_KEKM2YRXNZBB;Active;1d2ca2ee-93b1-416d-b5f8-8f116aa32151;2026-01-05 16:32:18;
SOB_20260105T163218776817Z_36BZUICZXJF3;Active;e61fc941-67b5-416e-b15b-9d868b3dcfe9;2026-01-05 16:32:18;
SOB_20260105T163218776961Z_FIS7YJIXOJAE;Active;451a6707-1523-4013-8757-7db7dc32f7b1;2026-01-05 16:32:18;
SOB_20260105T163218777108Z_PWTJFKFGE5GQ;Active;590f3df2-8321-4b1d-991a-adb64af6e1bc;2026-01-05 16:32:18;
SOB_20260105T163218777251Z_KK6LOLHLDBDO;Active;3642f3ff-670d-4a1c-8743-19d458bcc145;2026-01-05 16:32:18;
SOB_20260105T163218777395Z_6EPXGVPCZRC5;Active;9c774271-a78f-4096-83a4-15c0dbd45795;2026-01-05 16:32:18;
SOB_20260105T163218777548Z_RKP3PTPKJZGZ;Active;b315a044-807c-4a7f-b2ba-53c97fccb700;2026-01-05 16:32:18;
SOB_20260105T163218777692Z_LLXXMLJ4K5C6;Active;d162d9ab-fc94-409b-9847-834d2f4b4663;2026-01-05 16:32:18;
SOB_20260105T163218777833Z_4F2EZBJZTNHZ;Active;e9801849-c07b-481f-8429-54cb96c2fcf3;2026-01-05 16:32:18;
SOB_20260105T163218777978Z_HWHSMGH2KNG4;Active;422e8dda-9010-49db-bd45-442cce19f2b5;2026-01-05 16:32:18;
SOB_20260105T163218778129Z_LC3UM7OHIZEX;Active;effa298e-69f3-467c-94c0-6bfa473b0149;2026-01-05 16:32:18;
SOB_20260105T163218778273Z_TPT54MY6QNGF;Active;a09b0437-9df1-43f3-b7f3-0ae062086e1f;2026-01-05 16:32:18;
SOB_20260105T163218778419Z_5UM727EFZFGF;Active;634e8a93-aa89-4146-9e0c-e7639f2486e0;2026-01-05 16:32:18;
SOB_20260105T163218778564Z_7OYDCOK7H5CO;Active;185d561f-8667-4a3a-bb1f-626713decd3d;2026-01-05 16:32:18;
SOB_20260105T163218778702Z_SPQUV3AYTRHB;Active;a353c4e9-bc6f-4afe-a360-1c47da8fe983;2026-01-05 16:32:18;
SOB_20260105T163218778852Z_2SH4H4WOVFH7;Active;645d8a2c-e9d1-4041-a817-6fda055e3fdd;2026-01-05 16:32:18;
SOB_20260105T163218778994Z_JHVV5OJI45CC;Active;3baac0c8-43ba-487f-9b4c-947eef55f4d2;2026-01-05 16:32:18;
SOB_20260105T163218779134Z_P2F46AUEEVCI;Active;bbc177c8-0281-42fa-9af0-d8c35a5051f2;2026-01-05 16:32:18;
SOB_20260105T163218779273Z_XSFKRXYVBZD4;Active;7076fe2f-89a2-4766-9577-0250fd5a8186;2026-01-05 16:32:18;
SOB_20260105T163218779417Z_VXEKYNBWQ5EH;Active;d8b0c19b-a2ef-4a94-87e7-258288d7877a;2026-01-05 16:32:18;
SOB_20260105T163218779564Z_RQAM6N5SS5E6;Active;2eb8011a-6328-41ea-9b6a-c74fafdfbf45;2026-01-05 16:32:18;
SOB_20260105T163218779703Z_5W625AX6IJAC;Active;d5b758da-940d-45d3-af8a-9c02ddc6067d;2026-01-05 16:32:18;
SOB_20260105T163218779846Z_65M54EEUSJBV;Active;3a733cd1-8f80-493e-b486-961cfea4a48a;2026-01-05 16:32:18;
SOB_20260105T163218779985Z_UDHHC3Q5BBG3;Active;ca7be4a8-c4c1-44f3-9b23-b54ee0764482;2026-01-05 16:32:18;
SOB_20260105T163218780129Z_SV5U2PJZGBF7;Active;b5047cff-d5c3-485d-8038-e2fc70758a6d;2026-01-05 16:32:18;
SOB_20260105T163218780277Z_I4J6AUIW55E4;Active;6fe3285e-cfa0-482e-877e-94c15abf2f7c;2026-01-05 16:32:18;
SOB_20260105T163218780416Z_DKBWRQGWPVGY;Active;4dc2d421-714e-47d4-8106-e4188881ea3c;2026-01-05 16:32:18;
SOB_20260105T163218780589Z_FDTUVAS42BA4;Active;cb5cb832-5d08-4c78-b853-30e1d4638319;2026-01-05 16:32:18;
SOB_20260105T163218780753Z_YIMO2AXONVGW;Active;6f1083c7-16f0-4e90-9eb0-fec848f32902;2026-01-05 16:32:18;
SOB_20260105T163218780893Z_AJIGUVYVW5H6;Active;1d109113-b780-4cd7-9407-4100646a298f;2026-01-05 16:32:18;
SOB_20260105T163218781042Z_3TP77Z3VPBA4;Active;69b53fea-dcdf-4aa2-90d9-25b7936fe2a4;2026-01-05 16:32:18;
SOB_20260105T163218781183Z_2MZOCCM2ZBGN;Active;79112775-9eb3-4c63-9ccd-95f421de6511;2026-01-05 16:32:18;
SOB_20260105T163218781326Z_NSFD6R2O5RHG;Active;d6662c2f-a581-4ee3-b3fb-3d3a00ded880;2026-01-05 16:32:18;
SOB_20260105T163218781472Z_FPL46SQMMJCC;Active;7a53a890-703c-4f33-9071-eeb2f15eb2fd;2026-01-05 16:32:18;
SOB_20260105T163218781613Z_NNIIF6DOCVF4;Active;9bd7e7b9-5854-48a5-86e5-2aa764b6fcbd;2026-01-05 16:32:18;
SOB_20260105T163218781765Z_CTPSBX3SUJEW;Active;f42df018-61cd-45cb-86e5-5f2d66d8db62;2026-01-05 16:32:18;
SOB_20260105T163218781906Z_MPCWRGWCSVCX;Active;bef4f8f0-3d5e-4988-9951-2fa0704dbd9f;2026-01-05 16:32:18;
SOB_20260105T163218782052Z_KM2T45BJABCE;Active;8002030a-78b8-46db-b7ae-f0fa78b4ccd8;2026-01-05 16:32:18;
SOB_20260105T163218782196Z_KSP6SNVV4NAV;Active;91b6cdf3-d094-408b-9233-9cda83149d83;2026-01-05 16:32:18;
SOB_20260105T163218782340Z_RKTNPEDJ4NGR;Active;f961ba23-a0f4-40ee-94ca-112264d87789;2026-01-05 16:32:18;
SOB_20260105T163218782487Z_SYGXELDFPNG6;Active;c6b4d749-5f1f-445e-b33e-0e6853baff32;2026-01-05 16:32:18;
SOB_20260105T163218782634Z_S2T47QUWZRCL;Active;5c4fe877-8726-4e7e-9942-17053d2382d7;2026-01-05 16:32:18;
SOB_20260105T163218782778Z_3ON3KNRE6VFP;Active;b82ddfda-d113-45f8-9953-226304ff3b8d;2026-01-05 16:32:18;
SOB_20260105T163218782920Z_YWNWY4563ZG6;Active;20e4c154-ed59-46d0-8690-c40fd86bda25;2026-01-05 16:32:18;
SOB_20260105T163218783064Z_6AP5U2HVT5AD;Active;ccfcd452-f289-4d5e-8272-361e426ac4ba;2026-01-05 16:32:18;
SOB_20260105T163218783212Z_QN57P4KK7VCD;Active;b0409e3c-87b2-479b-bd1e-750ca4e87679;2026-01-05 16:32:18;
SOB_20260105T163218783356Z_H6UH36FDMZGS;Active;fc39bea3-99bd-43ca-8a1a-4556a6cc11e8;2026-01-05 16:32:18;
SOB_20260105T163218783501Z_TDNRH4GLORBV;Active;225e6247-ce1d-41dd-903e-ee8bcab06c12;2026-01-05 16:32:18;
SOB_20260105T163218783643Z_2MPB2IIIANCV;Active;7113c8a4-c0d3-4eca-98b9-ebdf476e5e3d;2026-01-05 16:32:18;
SOB_20260105T163218783788Z_BST6UKGUVVFT;Active;abb8f5ff-e928-4cdc-989b-4b2d092d1127;2026-01-05 16:32:18;
SOB_20260105T163218783938Z_OSXXUQKNDJD2;Active;39a02fdf-2fc3-4c89-96d0-eef1992faa01;2026-01-05 16:32:18;
SOB_20260105T163218784083Z_5Z6ZWMSXRVBZ;Active;40f2ef94-dbe5-4fe1-a590-3c2090bfa756;2026-01-05 16:32:18;
SOB_20260105T163218784224Z_45AR7CC2VFEG;Active;1f81e9b8-c561-44f3-9a99-75ff4accd6ee;2026-01-05 16:32:18;
SOB_20260105T163218784364Z_YXNVI64GXBAP;Active;273662d0-b416-4b86-bcf7-2c6b0e995a8c;2026-01-05 16:32:18;
SOB_20260105T163218784511Z_MBINQ5RPVZCH;Active;77e370c3-2285-4403-8e4b-67d3e266fc0f;2026-01-05 16:32:18;
SOB_20260105T163218784658Z_7AIGLPOI5FBK;Active;75a67206-15d0-4c72-bdc0-d9756fd09126;2026-01-05 16:32:18;
SOB_20260105T163218784800Z_I5KZ6VFJ6RCX;Active;86ec01c7-dfcb-46c3-8b8e-4c3ecc29efed;2026-01-05 16:32:18;
SOB_20260105T163218784943Z_B7UZCDF5RNF4;Active;f9bc33b4-306c-4f11-900b-b728a36c5b5d;2026-01-05 16:32:18;
SOB_20260105T163218785083Z_JPPJZEX7WNAD;Active;ee321683-e471-4fc5-9f6e-b1ae2443fafb;2026-01-05 16:32:18;
SOB_20260105T163218785226Z_D36UFBFDUFBH;Active;85034e72-320e-4c44-b295-f49467fe44eb;2026-01-05 16:32:18;
SOB_20260105T163218785373Z_SUL6PZAKUBB4;Active;14deb077-6b27-4802-9d58-7cc2756b9e89;2026-01-05 16:32:18;
SOB_20260105T163218785511Z_SHQPVYHKRJA4;Active;2a15d8be-ac71-4f63-a1c5-749798a9a339;2026-01-05 16:32:18;
SOB_20260105T163218785650Z_QOKIBWRZR5BG;Active;c13129f7-1840-4d0f-89c3-1189777cd92b;2026-01-05 16:32:18;
SOB_20260105T163218785791Z_OX7KCQXKJ5EW;Active;d21167f9-3cd9-4b6b-bb34-3b7088cc9650;2026-01-05 16:32:18;
SOB_20260105T163218785945Z_W4DZDX2UWFBA;Active;b55d622c-bab3-41d1-a660-ddaa82ebba69;2026-01-05 16:32:18;
SOB_20260105T163218786090Z_EW737LITMBDR;Active;7dc9d06e-c097-48ec-9d49-7e68fac3f49a;2026-01-05 16:32:18;
SOB_20260105T163218786234Z_JKVZNASDUFB6;Active;384ad185-d3d4-4863-862f-ec385c6a088f;2026-01-05 16:32:18;
SOB_20260105T163218786377Z_5VPORHCG7BGF;Active;ef0215c0-4fad-439c-bbcb-a90e7aef0d47;2026-01-05 16:32:18;
SOB_20260105T163218786520Z_WJPAOEASS5GF;Active;ed2ca9ed-5670-4b15-b80d-c0c40c0207c7;2026-01-05 16:32:18;
SOB_20260105T163218786668Z_XHSIDHJOXBFH;Active;426060e8-3f31-4fa0-9672-a4c5f87ba862;2026-01-05 16:32:18;
SOB_20260105T163218786812Z_N4H3AA5KRFBX;Active;5ec62496-80d4-47e5-8aac-705d176a35fc;2026-01-05 16:32:18;
SOB_20260105T163218786957Z_AL26LKM2EVEF;Active;f64ebc8e-3b9a-4931-b16a-84ab85f609e9;2026-01-05 16:32:18;
SOB_20260105T163218787100Z_KAXEK7ILBBHN;Active;59ae0dba-b7ca-43e1-b857-8bab35fb4a32;2026-01-05 16:32:18;
SOB_20260105T163218787246Z_B6KCGECUHVGI;Active;8c0bed74-8904-445c-b35a-dfcefce72f41;2026-01-05 16:32:18;
SOB_20260105T163218787395Z_RQWB3LPGY5CB;Active;dead8c79-3f8f-459f-b4e7-9a0ce117bf58;2026-01-05 16:32:18;
SOB_20260105T163218787540Z_EY3UDSVNXRAF;Active;8bde6f3b-10c3-477c-819f-29b562b535d7;2026-01-05 16:32:18;
SOB_20260105T163218787681Z_SDK26EGLBZBQ;Active;bb26f853-21c7-4ce3-83fd-6cbc509925e1;2026-01-05 16:32:18;
SOB_20260105T163218787822Z_HHCIPRWZRRHT;Active;805c0096-5b19-4e75-80fd-93165e6e2b79;2026-01-05 16:32:18;
SOB_20260105T163218787961Z_7OILVVLH7NF2;Active;633eec18-36be-464a-991c-f6deccad92c7;2026-01-05 16:32:18;
SOB_20260105T163218788110Z_ZROH5LQ3RJAL;Active;2ccfaf88-cbc1-4d0e-9875-c14f75ab8915;2026-01-05 16:32:18;
SOB_20260105T163218788250Z_GG4RFLUQTFAP;Active;729abbba-022c-4d2d-ab1e-ec7c718f623b;2026-01-05 16:32:18;
SOB_20260105T163218788391Z_RIPQWSFBRZEO;Active;89c573cd-b34b-422e-ab99-145734e73802;2026-01-05 16:32:18;
SOB_20260105T163218788533Z_MVWKNTF2Z5BK;Active;ea4cd605-59be-41c5-8a78-3bad1e4919fb;2026-01-05 16:32:18;
SOB_20260105T163218788697Z_VIUHDT73HRCG;Active;55cd17b5-2af3-4bb1-9286-87efd825f2d5;2026-01-05 16:32:18;
SOB_20260105T163218788843Z_ETKFNMRF2VGS;Active;6992fd53-bfbf-4abc-b629-c4370c740eb1;2026-01-05 16:32:18;
SOB_20260105T163218788984Z_FHBQO45RSZCN;Active;3e32e964-775a-4cb3-b502-a740b5d68549;2026-01-05 16:32:18;
SOB_20260105T163218789126Z_UAGEYSIFS5CX;Active;d4f71b2d-fdac-4467-beb9-deeb8cdcce78;2026-01-05 16:32:18;
SOB_20260105T163218789265Z_OEH4KAKE5RFR;Active;4f54c4cf-2f7b-475e-8773-ff30004170b4;2026-01-05 16:32:18;
SOB_20260105T163218789403Z_36QC6OVLVRGV;Active;80d1b2d1-a60a-41ae-b05c-37e632b57382;2026-01-05 16:32:18;
SOB_20260105T163218789553Z_FGSNDC5ZJJF4;Active;91ff4e13-1941-410e-bd0f-e3537689aedd;2026-01-05 16:32:18;
SOB_20260105T163218789695Z_J3G2CNGCVNH6;Active;23d55bd9-aa84-429d-bbce-0528d9fe871b;2026-01-05 16:32:18;
SOB_20260105T163218789839Z_YDL7PKXBSJDF;Active;805e6dd8-2067-4399-8b1f-f60fe5883501;2026-01-05 16:32:18;
SOB_20260105T163218789981Z_EELCAD3U7NHM;Active;14e9b01a-9b2b-48b4-884d-4eb89c3c7db2;2026-01-05 16:32:18;
SOB_20260105T163218790123Z_HIROAHMRVZBT;Active;61c963c9-e0b5-45dc-88cb-a91fa1ef1370;2026-01-05 16:32:18;
SOB_20260105T163218790268Z_FGFZI65MNJDI;Active;e4f090f6-841d-42a3-b0ca-ff7ae6d74886;2026-01-05 16:32:18;
SOB_20260105T163218790515Z_MBVJ7YBCUJB7;Active;9a0b1f65-8372-4882-8790-f5a809ce1fd6;2026-01-05 16:32:18;
SOB_20260105T163218790677Z_A6RVMHH3FZDD;Active;ef7d8586-922b-4b13-8b8d-8764d877cd49;2026-01-05 16:32:18;
SOB_20260105T163218790828Z_AWBCGQO7LFBX;Active;53a73ff7-839c-4be0-b237-aee14490316c;2026-01-05 16:32:18;
SOB_20260105T163218791030Z_3RWVVLLR5FBR;Active;4862f43a-3a1c-4596-9b8e-00aec02bf3e1;2026-01-05 16:32:18;
SOB_20260105T163218791195Z_QQ77PUWWPVC5;Active;dbd15240-a770-4053-9a53-2a875f9ca705;2026-01-05 16:32:18;
SOB_20260105T163218791343Z_L3DLW4EKD5HC;Active;ce630ff4-2f7e-4c50-88bd-6c46c3dd9f78;2026-01-05 16:32:18;
SOB_20260105T163218791498Z_JXD2ANY3LVC7;Active;58d30a78-a6f2-4063-bb91-00d87769a895;2026-01-05 16:32:18;
SOB_20260105T163218791641Z_FN7USP37OFCB;Active;83642248-494a-480b-8325-3b3a0d9c6cd5;2026-01-05 16:32:18;
SOB_20260105T163218791785Z_DEZAMP5Q4FHT;Active;d518657e-e28f-44d2-b205-090f0042f3c3;2026-01-05 16:32:18;
SOB_20260105T163218791942Z_RBXYWZ4KHNDH;Active;c00010bb-c46a-4787-ba12-7187d3873ea8;2026-01-05 16:32:18;
SOB_20260105T163218792092Z_RCDN57SVHJFN;Active;3af64381-dfc2-4273-960d-dd2ada2d8705;2026-01-05 16:32:18;
SOB_20260105T163218792240Z_RUR5QMUC2NE4;Active;9c603a4c-efae-44be-94eb-cf88fd81c313;2026-01-05 16:32:18;
SOB_20260105T163218792418Z_CPACMMLLP5D5;Active;9aca9351-4e3a-4528-9b59-e9bcc7b53cce;2026-01-05 16:32:18;
SOB_20260105T163218792610Z_QREDGQRQBVGR;Active;537a6aca-ad04-4b50-86c3-39fb807e0e90;2026-01-05 16:32:18;
SOB_20260105T163218792836Z_BN7MVCG6U5CE;Active;134a5fd8-ed08-4475-a511-810d87e35a93;2026-01-05 16:32:18;
SOB_20260105T163218792992Z_MLWH4EXVDNH3;Active;64a657f2-ff20-40fe-b90d-25cdaf64fb9d;2026-01-05 16:32:18;
SOB_20260105T163218793143Z_KF6VOKI7ERCW;Active;43f7bdba-dc8f-4672-8d1e-9d61441f0973;2026-01-05 16:32:18;
SOB_20260105T163218793288Z_KK6RDTPHK5BN;Active;0035f26c-4e90-49e1-89c3-53f46e3491e7;2026-01-05 16:32:18;
SOB_20260105T163218793440Z_XNE6DQPBHZBE;Active;3f27bea6-502a-4c77-86e2-14907956d99c;2026-01-05 16:32:18;
SOB_20260105T163218793591Z_AAIBI3ZMBZDC;Active;64745772-6135-4b80-97e2-55acd61aa7f9;2026-01-05 16:32:18;
SOB_20260105T163218793740Z_Z4PMJIFWPRCA;Active;aa30a6cf-d0da-424f-852a-7e4cf194b8e1;2026-01-05 16:32:18;
SOB_20260105T163218793887Z_M7OYZQ6ARJEF;Active;41c64ee5-9d5a-4480-8edd-547a3ebd1b22;2026-01-05 16:32:18;
SOB_20260105T163218794036Z_LUEQNKPDXZEF;Active;c81f86a4-ab13-454f-a704-1b07956f4c73;2026-01-05 16:32:18;
SOB_20260105T163218794189Z_2KGUNLWKGBDI;Active;be15e6de-d3f3-409f-92bd-b9d2d5c3692a;2026-01-05 16:32:18;
SOB_20260105T163218794333Z_OYO26DVN2BHK;Active;a22d7aea-7572-4a3c-ba0b-f7a8098fe378;2026-01-05 16:32:18;
SOB_20260105T163218794479Z_URDQFHV2WRH2;Active;6eba43dd-c858-4ce7-8f65-c0df7b414bf8;2026-01-05 16:32:18;
SOB_20260105T163218794623Z_K5PVVQNM2VAU;Active;7b4ccef1-fc66-4986-b8d3-a3b59826ae2e;2026-01-05 16:32:18;
SOB_20260105T163218794768Z_UMQD5PX6FVBB;Active;14017d2b-f471-40be-ba81-8627b849fddf;2026-01-05 16:32:18;
SOB_20260105T163218794923Z_FTRPBVM5AVA2;Active;6ce2a38e-6afc-49ca-bc2c-6210a574c68e;2026-01-05 16:32:18;
SOB_20260105T163218795071Z_Y2D72GAXW5AC;Active;1dbd52c5-6dc9-4296-82a6-f162b84d963a;2026-01-05 16:32:18;
SOB_20260105T163218795216Z_YVPDU7QYF5AH;Active;9b57f671-0f5f-455d-8c08-95e982fa678c;2026-01-05 16:32:18;
