SOB_ID;DB_Status;Schadensfall_Kontakttelefonnummer;DB_Status_Date_Active;DB_Status_Date_Inactive
SOB_20260105T163218713469Z_AYB2NAC7CVD3;Active;0151-9001001;2026-01-05 16:32:18;
SOB_20260105T163218713973Z_WQR6M2QFD5DZ;Active;0151-9001002;2026-01-05 16:32:18;
SOB_20260105T163218714194Z_I2CZAB7D4RHJ;Active;0151-9001003;2026-01-05 16:32:18;
SOB_20260105T163218714393Z_COC5NG426BGZ;Active;0151-9001004;2026-01-05 16:32:18;
SOB_20260105T163218714591Z_W5HUCO6LBBFI;Active;0151-9001005;2026-01-05 16:32:18;
SOB_20260105T163218714781Z_NHMUDOY4RVAB;Active;0151-9001006;2026-01-05 16:32:18;
SOB_20260105T163218714965Z_2R6H2T2R5NCE;Active;0151-9001007;2026-01-05 16:32:18;
SOB_20260105T163218715150Z_VASJUXG4ZVH3;Active;0151-9001008;2026-01-05 16:32:18;
SOB_20260105T163218715341Z_2AFCJYUTTBFC;Active;0151-9001009;2026-01-05 16:32:18;
SOB_20260105T163218715528Z_O57LDIQUFFD3;Active;0151-9001010;2026-01-05 16:32:18;
SOB_20260105T163218715710Z_FGPQMTC7LJDM;Active;0151-9001011;2026-01-05 16:32:18;
SOB_20260105T163218715906Z_4WUTZYGNJJFJ;Active;0151-9001012;2026-01-05 16:32:18;
SOB_20260105T163218716091Z_63GO5R5UPRBA;Active;0151-9001013;2026-01-05 16:32:18;
SOB_20260105T163218716285Z_NHQVUCO5XRAZ;Active;0151-9001014;2026-01-05 16:32:18;
SOB_20260105T163218716470Z_YS7UNAVOKBCV;Active;0151-9001015;2026-01-05 16:32:18;
SOB_20260105T163218716655Z_6ZB6DLK7RFD7;Active;0151-9001016;2026-01-05 16:32:18;
SOB_20260105T163218716843Z_GMF6E64WZRDM;Active;0151-9001017;2026-01-05 16:32:18;
SOB_20260105T163218717020Z_IE4IS6SVDRHB;Active;0151-9001018;2026-01-05 16:32:18;
SOB_20260105T163218717207Z_WORBSLX5DFH4;Active;0151-9001019;2026-01-05 16:32:18;
SOB_20260105T163218717388Z_2ZPSUKPVIZEV;Active;0151-9001020;2026-01-05 16:32:18;
SOB_20260105T163218717564Z_OQVVHJDDQZHC;Active;0151-9001021;2026-01-05 16:32:18;
SOB_20260105T163218717746Z_WKLD5TTAD5GL;Active;0151-9001022;2026-01-05 16:32:18;
SOB_20260105T163218717926Z_6XXS7UVXWZHG;Active;0151-9001023;2026-01-05 16:32:18;
SOB_20260105T163218718114Z_HBUYLHNR3JE2;Active;0151-9001024;2026-01-05 16:32:18;
SOB_20260105T163218718347Z_SFE3VBX7LNEU;Active;0151-9001025;2026-01-05 16:32:18;
SOB_20260105T163218718508Z_ECRYDVMPTFHT;Active;0151-9001026;2026-01-05 16:32:18;
SOB_20260105T163218718669Z_USWEWSUI7BBT;Active;0151-9001027;2026-01-05 16:32:18;
SOB_20260105T163218718833Z_NNKTBFC5ABA6;Active;0151-9001028;2026-01-05 16:32:18;
SOB_20260105T163218719001Z_X3DAA3PLZVG2;Active;0151-9001029;2026-01-05 16:32:18;
SOB_20260105T163218719165Z_SGFIXJEPKBEZ;Active;0151-9001030;2026-01-05 16:32:18;
SOB_20260105T163218719329Z_QKLAJQHQPZDJ;Active;0151-9001031;2026-01-05 16:32:18;
SOB_20260105T163218719495Z_HQNQUSSIYVFL;Active;0151-9001032;2026-01-05 16:32:18;
SOB_20260105T163218719661Z_ZLA6ZG3IQNCK;Active;0151-9001033;2026-01-05 16:32:18;
SOB_20260105T163218719822Z_PIEXLOBOZND4;Active;0151-9001034;2026-01-05 16:32:18;
SOB_20260105T163218719988Z_JMZ5WCG4W5GV;Active;0151-9001035;2026-01-05 16:32:18;
SOB_20260105T163218720144Z_V5OM22YJ6JEJ;Active;0151-9001036;2026-01-05 16:32:18;
SOB_20260105T163218720292Z_MGIJNNVZARCY;Active;0151-9001037;2026-01-05 16:32:18;
SOB_20260105T163218720451Z_FVFQ7ZE5SZBN;Active;0151-9001038;2026-01-05 16:32:18;
SOB_20260105T163218720603Z_CWSJOIBUKFCR;Active;0151-9001039;2026-01-05 16:32:18;
SOB_20260105T163218720750Z_CC42T2K3LBGU;Active;0151-9001040;2026-01-05 16:32:18;
SOB_20260105T163218720902Z_K2NKAWJZ65E2;Active;0151-9001041;2026-01-05 16:32:18;
SOB_20260105T163218721052Z_67P3R77AIZEW;Active;0151-9001042;2026-01-05 16:32:18;
SOB_20260105T163218721208Z_NQHQU5DBWNDY;Active;0151-9001043;2026-01-05 16:32:18;
SOB_20260105T163218721362Z_SXCAGNYQSNDR;Active;0151-9001044;2026-01-05 16:32:18;
SOB_20260105T163218721514Z_TT2FVQE6MVED;Active;0151-9001045;2026-01-05 16:32:18;
SOB_20260105T163218721666Z_NOVERUIJM5EB;Active;0151-9001046;2026-01-05 16:32:18;
SOB_20260105T163218721818Z_6JCJSVZSUVCG;Active;0151-9001047;2026-01-05 16:32:18;
SOB_20260105T163218721977Z_6V3ZPBZG5BFI;Active;0151-9001048;2026-01-05 16:32:18;
SOB_20260105T163218722126Z_N6NK3NJOMJBW;Active;0151-9001049;2026-01-05 16:32:18;
SOB_20260105T163218722274Z_OOQI4543E5G6;Active;0151-9001050;2026-01-05 16:32:18;
SOB_20260105T163218722427Z_UFM545447JGZ;Active;0151-9001051;2026-01-05 16:32:18;
SOB_20260105T163218722576Z_Y3K7C7SSUJBW;Active;0151-9001052;2026-01-05 16:32:18;
SOB_20260105T163218722734Z_JN5FFMXL4NF5;Active;0151-9001053;2026-01-05 16:32:18;
SOB_20260105T163218722890Z_Z2QJU6C4LVGU;Active;0151-9001054;2026-01-05 16:32:18;
SOB_20260105T163218723043Z_XTBXAOKR4JA5;Active;0151-9001055;2026-01-05 16:32:18;
SOB_20260105T163218723196Z_HY345ACIIZBC;Active;0151-9001056;2026-01-05 16:32:18;
SOB_20260105T163218723353Z_RHJXNFPISNAA;Active;0151-9001057;2026-01-05 16:32:18;
SOB_20260105T163218723511Z_I5O7JP5RGVDW;Active;0151-9001058;2026-01-05 16:32:18;
SOB_20260105T163218723676Z_2PWPS6H6E5HS;Active;0151-9001059;2026-01-05 16:32:18;
SOB_20260105T163218723838Z_CWTXZNLP45DX;Active;0151-9001060;2026-01-05 16:32:18;
SOB_20260105T163218723988Z_QFI3ZPTGWJF2;Active;0151-9001061;2026-01-05 16:32:18;
SOB_20260105T163218724137Z_4WJNSUDSRZDQ;Active;0151-9001062;2026-01-05 16:32:18;
SOB_20260105T163218724298Z_DC5IBIKNF5C7;Active;0151-9001063;2026-01-05 16:32:18;
SOB_20260105T163218724452Z_ZMPYP74GJJE2;Active;0151-9001064;2026-01-05 16:32:18;
SOB_20260105T163218724605Z_3V2J6RGZYRCB;Active;0151-9001065;2026-01-05 16:32:18;
SOB_20260105T163218724768Z_U5PWFSOWSRG4;Active;0151-9001066;2026-01-05 16:32:18;
SOB_20260105T163218724923Z_E2NRLOQQCVBK;Active;0151-9001067;2026-01-05 16:32:18;
SOB_20260105T163218725086Z_FOPBE2ZQJVHB;Active;0151-9001068;2026-01-05 16:32:18;
SOB_20260105T163218725234Z_NLGGM5GLSRCT;Active;0151-9001069;2026-01-05 16:32:18;
SOB_20260105T163218725386Z_ZPLGV7ESHJAS;Active;0151-9001070;2026-01-05 16:32:18;
SOB_20260105T163218725539Z_65AV4R55HJAE;Active;0151-9001071;2026-01-05 16:32:18;
SOB_20260105T163218725688Z_2UGFYK4BOBH3;Active;0151-9001072;2026-01-05 16:32:18;
SOB_20260105T163218725848Z_CQFXVM43KRFG;Active;0151-9001073;2026-01-05 16:32:18;
SOB_20260105T163218725997Z_T2CLUXM34FFJ;Active;0151-9001074;2026-01-05 16:32:18;
SOB_20260105T163218726151Z_NQJYUG2SDJDD;Active;0151-9001075;2026-01-05 16:32:18;
SOB_20260105T163218726305Z_OH5WEMYIEJFG;Active;0151-9001076;2026-01-05 16:32:18;
SOB_20260105T163218726455Z_XDMNUCY3NJG6;Active;0151-9001077;2026-01-05 16:32:18;
SOB_20260105T163218726616Z_ESKKL7GQMNA7;Active;0151-9001078;2026-01-05 16:32:18;
SOB_20260105T163218726770Z_UPSOEVQHTBG3;Active;0151-9001079;2026-01-05 16:32:18;
SOB_20260105T163218726920Z_MVR4SFUS6VAN;Active;0151-9001080;2026-01-05 16:32:18;
SOB_20260105T163218727069Z_GSFIDBZPHRDG;Active;0151-9001081;2026-01-05 16:32:18;
SOB_20260105T163218727239Z_5XOCWS2MLNH3;Active;0151-9001082;2026-01-05 16:32:18;
SOB_20260105T163218727553Z_ALZ6GKFZ2RFV;Active;0151-9001083;2026-01-05 16:32:18;
SOB_20260105T163218727786Z_RODP7TZT45HC;Active;0151-9001084;2026-01-05 16:32:18;
SOB_20260105T163218728008Z_DSQEIRYFVJHE;Active;0151-9001085;2026-01-05 16:32:18;
SOB_20260105T163218728232Z_7BLTD2NFUFAP;Active;0151-9001086;2026-01-05 16:32:18;
SOB_20260105T163218728495Z_CQYKZYR6XREB;Active;0151-9001087;2026-01-05 16:32:18;
SOB_20260105T163218728757Z_AJEIQQ73IJAZ;Active;0151-9001088;2026-01-05 16:32:18;
SOB_20260105T163218728995Z_GMBSIIPXQNHE;Active;0151-9001089;2026-01-05 16:32:18;
SOB_20260105T163218729190Z_VIYFJQ6FRNDX;Active;0151-9001090;2026-01-05 16:32:18;
SOB_20260105T163218729348Z_RWM4ZISYJZHA;Active;0151-9001091;2026-01-05 16:32:18;
SOB_20260105T163218729504Z_BWNJSFEZORD5;Active;0151-9001092;2026-01-05 16:32:18;
SOB_20260105T163218729650Z_56KSOBMZIVDC;Active;0151-9001093;2026-01-05 16:32:18;
SOB_20260105T163218729799Z_XJH2P3ENFFDC;Active;0151-9001094;2026-01-05 16:32:18;
SOB_20260105T163218729946Z_UH2EOJPBINF6;Active;0151-9001095;2026-01-05 16:32:18;
SOB_20260105T163218730090Z_ZO5QULZFBREH;Active;0151-9001096;2026-01-05 16:32:18;
SOB_20260105T163218730243Z_MFPN53BPMZEB;Active;0151-9001097;2026-01-05 16:32:18;
SOB_20260105T163218730385Z_JIP73DHQ4RBH;Active;0151-9001098;2026-01-05 16:32:18;
SOB_20260105T163218730530Z_CFEAAR4KXFFK;Active;0151-9001099;2026-01-05 16:32:18;
SOB_20260105T163218730676Z_RCWJPW62SZB6;Active;0151-9001100;2026-01-05 16:32:18;
SOB_20260105T163218730817Z_I2MP5FVZLBD2;Active;0151-9001101;2026-01-05 16:32:18;
SOB_20260105T163218730967Z_TKQYB7Q7IBFJ;Active;0151-9001102;2026-01-05 16:32:18;
SOB_20260105T163218731109Z_UKCOKMZEKRFC;Active;0151-9001103;2026-01-05 16:32:18;
SOB_20260105T163218731254Z_DU7ZRQVDZJB3;Active;0151-9001104;2026-01-05 16:32:18;
SOB_20260105T163218731398Z_DQ4736WODJBT;Active;0151-9001105;2026-01-05 16:32:18;
SOB_20260105T163218731539Z_PPU767CHLJF4;Active;0151-9001106;2026-01-05 16:32:18;
SOB_20260105T163218731687Z_ZUMT4WZQDRH5;Active;0151-9001107;2026-01-05 16:32:18;
SOB_20260105T163218731835Z_PWJ6FI4WNBGZ;Active;0151-9001108;2026-01-05 16:32:18;
SOB_20260105T163218731976Z_RX2GXAQMMRH6;Active;0151-9001109;2026-01-05 16:32:18;
SOB_20260105T163218732129Z_JRFNDJDBONAF;Active;0151-9001110;2026-01-05 16:32:18;
SOB_20260105T163218732283Z_LH2FVW6HE5BN;Active;0151-9001111;2026-01-05 16:32:18;
SOB_20260105T163218732426Z_Q64ZEXDDGNG2;Active;0151-9001112;2026-01-05 16:32:18;
SOB_20260105T163218732567Z_L7QGESIAUZEH;Active;0151-9001113;2026-01-05 16:32:18;
SOB_20260105T163218732712Z_MNO54FR4YBER;Active;0151-9001114;2026-01-05 16:32:18;
SOB_20260105T163218732854Z_BIS4PI4TL5HQ;Active;0151-9001115;2026-01-05 16:32:18;
SOB_20260105T163218733008Z_Z3CQAGUXO5DI;Active;0151-9001116;2026-01-05 16:32:18;
SOB_20260105T163218733150Z_4HQZZQET6BD5;Active;0151-9001117;2026-01-05 16:32:18;
SOB_20260105T163218733295Z_76Q67EKIPZDS;Active;0151-9001118;2026-01-05 16:32:18;
SOB_20260105T163218733441Z_QMTJJ4U2MFBU;Active;0151-9001119;2026-01-05 16:32:18;
SOB_20260105T163218733584Z_G7KWJ3SOS5HI;Active;0151-9001120;2026-01-05 16:32:18;
SOB_20260105T163218733734Z_H233JVTSQ5HO;Active;0151-9001121;2026-01-05 16:32:18;
SOB_20260105T163218733876Z_DIDRSOI7NNE3;Active;0151-9001122;2026-01-05 16:32:18;
SOB_20260105T163218734014Z_M4PV7USN2FA2;Active;0151-9001123;2026-01-05 16:32:18;
SOB_20260105T163218734161Z_J6MIUMXL7ZE5;Active;0151-9001124;2026-01-05 16:32:18;
SOB_20260105T163218734301Z_WVINEP75UNGF;Active;0151-9001125;2026-01-05 16:32:18;
SOB_20260105T163218734448Z_3JZIL3AEDFFJ;Active;0151-9001126;2026-01-05 16:32:18;
SOB_20260105T163218734588Z_XUW5WFSK3VG2;Active;0151-9001127;2026-01-05 16:32:18;
SOB_20260105T163218734727Z_63VHB2EIMRD2;Active;0151-9001128;2026-01-05 16:32:18;
SOB_20260105T163218734869Z_IEZ3T76RLVGF;Active;0151-9001129;2026-01-05 16:32:18;
SOB_20260105T163218735022Z_JATC2KQPOVHI;Active;0151-9001130;2026-01-05 16:32:18;
SOB_20260105T163218735170Z_WMMXWGJ3KVGK;Active;0151-9001131;2026-01-05 16:32:18;
SOB_20260105T163218735313Z_OC7QFG562FGD;Active;0151-9001132;2026-01-05 16:32:18;
SOB_20260105T163218735455Z_RWWHB4I7RJGK;Active;0151-9001133;2026-01-05 16:32:18;
SOB_20260105T163218735596Z_QXHQO55NURCY;Active;0151-9001134;2026-01-05 16:32:18;
SOB_20260105T163218735737Z_XTYZ3N36YJFL;Active;0151-9001135;2026-01-05 16:32:18;
SOB_20260105T163218735887Z_NKKR2HUG4JDZ;Active;0151-9001136;2026-01-05 16:32:18;
SOB_20260105T163218736031Z_OYLZBSY7DFGT;Active;0151-9001137;2026-01-05 16:32:18;
SOB_20260105T163218736172Z_GX3FCUBIMJGN;Active;0151-9001138;2026-01-05 16:32:18;
SOB_20260105T163218736314Z_XH5HYEFR3BES;Active;0151-9001139;2026-01-05 16:32:18;
SOB_20260105T163218736459Z_WXIMS7PTOFDQ;Active;0151-9001140;2026-01-05 16:32:18;
SOB_20260105T163218736607Z_RJLBFXZUR5GL;Active;0151-9001141;2026-01-05 16:32:18;
SOB_20260105T163218736751Z_MW7OPTD2BNCA;Active;0151-9001142;2026-01-05 16:32:18;
SOB_20260105T163218736897Z_SB5U4KPRCFDP;Active;0151-9001143;2026-01-05 16:32:18;
SOB_20260105T163218737037Z_UKYRKP3BVFFN;Active;0151-9001144;2026-01-05 16:32:18;
SOB_20260105T163218737179Z_ZOWYZZNFABHX;Active;0151-9001145;2026-01-05 16:32:18;
SOB_20260105T163218737331Z_NHSQPUNEYZA5;Active;0151-9001146;2026-01-05 16:32:18;
SOB_20260105T163218737472Z_HNON2UFFQZAP;Active;0151-9001147;2026-01-05 16:32:18;
SOB_20260105T163218737613Z_OCIJKOP4RNEO;Active;0151-9001148;2026-01-05 16:32:18;
SOB_20260105T163218737757Z_BRY3U4U4BJDI;Active;0151-9001149;2026-01-05 16:32:18;
SOB_20260105T163218737916Z_7QYCQDX2ANAW;Active;0151-9001150;2026-01-05 16:32:18;
SOB_20260105T163218738056Z_SPRZ7FFYS5AL;Active;0151-9001151;2026-01-05 16:32:18;
SOB_20260105T163218738197Z_GW7E4QRWJVAN;Active;0151-9001152;2026-01-05 16:32:18;
SOB_20260105T163218738336Z_SBZL5MM2ZRBX;Active;0151-9001153;2026-01-05 16:32:18;
SOB_20260105T163218738477Z_MGPIDLYZQJGN;Active;0151-9001154;2026-01-05 16:32:18;
SOB_20260105T163218738627Z_KENKV6KH3JHM;Active;0151-9001155;2026-01-05 16:32:18;
SOB_20260105T163218738768Z_KYNAFEZQJFGQ;Active;0151-9001156;2026-01-05 16:32:18;
SOB_20260105T163218738910Z_FOXTXLV3FRH3;Active;0151-9001157;2026-01-05 16:32:18;
SOB_20260105T163218739047Z_45UBE2ITRBEE;Active;0151-9001158;2026-01-05 16:32:18;
SOB_20260105T163218739193Z_PUSHJ5DV4ZDL;Active;0151-9001159;2026-01-05 16:32:18;
SOB_20260105T163218739341Z_6S6OAEWV7RH4;Active;0151-9001160;2026-01-05 16:32:18;
SOB_20260105T163218739484Z_5R2AWPWORVFX;Active;0151-9001161;2026-01-05 16:32:18;
SOB_20260105T163218739629Z_CTMAHPK23NG2;Active;0151-9001162;2026-01-05 16:32:18;
SOB_20260105T163218739773Z_3PHC4JIUXFBQ;Active;0151-9001163;2026-01-05 16:32:18;
SOB_20260105T163218739915Z_ZPJQNKJSZNFV;Active;0151-9001164;2026-01-05 16:32:18;
SOB_20260105T163218740068Z_RMXMEUM72RHG;Active;0151-9001165;2026-01-05 16:32:18;
SOB_20260105T163218740211Z_I43SBKT5HZBI;Active;0151-9001166;2026-01-05 16:32:18;
SOB_20260105T163218740356Z_N3NXB24Q5ZDW;Active;0151-9001167;2026-01-05 16:32:18;
SOB_20260105T163218740501Z_UC4IKZBTQ5EA;Active;0151-9001168;2026-01-05 16:32:18;
SOB_20260105T163218740645Z_BYUF35664FFA;Active;0151-9001169;2026-01-05 16:32:18;
SOB_20260105T163218740795Z_DEMAAIFGG5HZ;Active;0151-9001170;2026-01-05 16:32:18;
SOB_20260105T163218740940Z_REPDNX5LIBFN;Active;0151-9001171;2026-01-05 16:32:18;
SOB_20260105T163218741089Z_SEGAKLQODNEI;Active;0151-9001172;2026-01-05 16:32:18;
SOB_20260105T163218741229Z_I5U6LKVEV5FZ;Active;0151-9001173;2026-01-05 16:32:18;
SOB_20260105T163218741384Z_X44DULTEXVFF;Active;0151-9001174;2026-01-05 16:32:18;
SOB_20260105T163218741533Z_RQCMC42XYNEZ;Active;0151-9001175;2026-01-05 16:32:18;
SOB_20260105T163218741676Z_GX7KWL3S3JCP;Active;0151-9001176;2026-01-05 16:32:18;
SOB_20260105T163218741818Z_LI3FWNTWXJCR;Active;0151-9001177;2026-01-05 16:32:18;
SOB_20260105T163218741960Z_YCMOHGKHN5CX;Active;0151-9001178;2026-01-05 16:32:18;
SOB_20260105T163218742098Z_AK3XEASCUZE3;Active;0151-9001179;2026-01-05 16:32:18;
SOB_20260105T163218742246Z_RQLZCIRG65BZ;Active;0151-9001180;2026-01-05 16:32:18;
SOB_20260105T163218742396Z_R3HTMBRKRBHR;Active;0151-9001181;2026-01-05 16:32:18;
SOB_20260105T163218742538Z_ZGRZCDYI6RFA;Active;0151-9001182;2026-01-05 16:32:18;
SOB_20260105T163218742680Z_ELSPYT37KFDJ;Active;0151-9001183;2026-01-05 16:32:18;
SOB_20260105T163218742826Z_PFRM5RVSONH6;Active;0151-9001184;2026-01-05 16:32:18;
SOB_20260105T163218742977Z_QNXZRQ2I6VAA;Active;0151-9001185;2026-01-05 16:32:18;
SOB_20260105T163218743217Z_ILWEFJ6ZXVCW;Active;0151-9001186;2026-01-05 16:32:18;
SOB_20260105T163218743374Z_Z53OOXCGGNH7;Active;0151-9001187;2026-01-05 16:32:18;
SOB_20260105T163218743520Z_V5ZVA4KE7ZFL;Active;0151-9001188;2026-01-05 16:32:18;
SOB_20260105T163218743666Z_T4MUMSUY5RH2;Active;0151-9001189;2026-01-05 16:32:18;
SOB_20260105T163218743815Z_PTHU3GZ6CZAO;Active;0151-9001190;2026-01-05 16:32:18;
SOB_20260105T163218743961Z_H3PXGYOC4JDH;Active;0151-9001191;2026-01-05 16:32:18;
SOB_20260105T163218744103Z_AKXFQMJ2PNG6;Active;0151-9001192;2026-01-05 16:32:18;
SOB_20260105T163218744267Z_22YU76RU6JD5;Active;0151-9001193;2026-01-05 16:32:18;
SOB_20260105T163218744416Z_BTYOA54GDBA6;Active;0151-9001194;2026-01-05 16:32:18;
SOB_20260105T163218744565Z_GVL63R6VL5FZ;Active;0151-9001195;2026-01-05 16:32:18;
SOB_20260105T163218744708Z_S7CWAXDRCNAT;Active;0151-9001196;2026-01-05 16:32:18;
SOB_20260105T163218744852Z_CKW3TGCKRZBQ;Active;0151-9001197;2026-01-05 16:32:18;
SOB_20260105T163218744995Z_K55O6QSFIBCV;Active;0151-9001198;2026-01-05 16:32:18;
SOB_20260105T163218745178Z_XT3EM6QY5VAI;Active;0151-9001199;2026-01-05 16:32:18;
SOB_20260105T163218745323Z_T3DZZLTT6VGQ;Active;0151-9001200;2026-01-05 16:32:18;
SOB_20260105T163218745467Z_TXYGQ6FDYVEH;Active;0151-9001201;2026-01-05 16:32:18;
SOB_20260105T163218745619Z_NUNEYZBW4ZFZ;Active;0151-9001202;2026-01-05 16:32:18;
SOB_20260105T163218745763Z_HDN2GRFTMBGM;Active;0151-9001203;2026-01-05 16:32:18;
SOB_20260105T163218745910Z_NUWWUG2AXNDZ;Active;0151-9001204;2026-01-05 16:32:18;
SOB_20260105T163218746051Z_QMFBA5ERHBD6;Active;0151-9001205;2026-01-05 16:32:18;
SOB_20260105T163218746197Z_S62JMINXOVH3;Active;0151-9001206;2026-01-05 16:32:18;
SOB_20260105T163218746341Z_2W4CW2GIPFEL;Active;0151-9001207;2026-01-05 16:32:18;
SOB_20260105T163218746481Z_SFJU7DR2EBGR;Active;0151-9001208;2026-01-05 16:32:18;
SOB_20260105T163218746630Z_FFHHY4GWJVHO;Active;0151-9001209;2026-01-05 16:32:18;
SOB_20260105T163218746775Z_YVTCWQDEQRBL;Active;0151-9001210;2026-01-05 16:32:18;
SOB_20260105T163218746924Z_77YT3A2SQRFT;Active;0151-9001211;2026-01-05 16:32:18;
SOB_20260105T163218747063Z_QZI4B34MQVHZ;Active;0151-9001212;2026-01-05 16:32:18;
SOB_20260105T163218747206Z_RL24HXIKWRGK;Active;0151-9001213;2026-01-05 16:32:18;
SOB_20260105T163218747665Z_NPTCBHZYMFEM;Active;0151-9001214;2026-01-05 16:32:18;
SOB_20260105T163218748373Z_OCE5VRWOVNDW;Active;0151-9001215;2026-01-05 16:32:18;
SOB_20260105T163218748905Z_FJ7QAQKWYFFA;Active;0151-9001216;2026-01-05 16:32:18;
SOB_20260105T163218749556Z_ORZ4Q5XW4NG6;Active;0151-9001217;2026-01-05 16:32:18;
SOB_20260105T163218749875Z_6BFUZFKAO5AX;Active;0151-9001218;2026-01-05 16:32:18;
SOB_20260105T163218750115Z_GVCDTMPKB5AY;Active;0151-9001219;2026-01-05 16:32:18;
SOB_20260105T163218750331Z_KGUZQVRU3RA7;Active;0151-9001220;2026-01-05 16:32:18;
SOB_20260105T163218750544Z_ZS2WOLPC2RHT;Active;0151-9001221;2026-01-05 16:32:18;
SOB_20260105T163218750759Z_EV3ES7ONFFB6;Active;0151-9001222;2026-01-05 16:32:18;
SOB_20260105T163218750963Z_K3AKL5RHFFF3;Active;0151-9001223;2026-01-05 16:32:18;
SOB_20260105T163218751173Z_22TWMCS7OZFP;Active;0151-9001224;2026-01-05 16:32:18;
SOB_20260105T163218751387Z_ULYINYX5TJAZ;Active;0151-9001225;2026-01-05 16:32:18;
SOB_20260105T163218751618Z_RMFZ2HOSCVCH;Active;0151-9001226;2026-01-05 16:32:18;
SOB_20260105T163218751851Z_M6CNQMT45FGW;Active;0151-9001227;2026-01-05 16:32:18;
SOB_20260105T163218752078Z_CJQSWAIEEVFA;Active;0151-9001228;2026-01-05 16:32:18;
SOB_20260105T163218752323Z_GVVEJ374RVH2;Active;0151-9001229;2026-01-05 16:32:18;
SOB_20260105T163218752547Z_7KQD3HE42BGV;Active;0151-9001230;2026-01-05 16:32:18;
SOB_20260105T163218752766Z_GWLHICWIOVHL;Active;0151-9001231;2026-01-05 16:32:18;
SOB_20260105T163218753004Z_3U5NVC4VG5CQ;Active;0151-9001232;2026-01-05 16:32:18;
SOB_20260105T163218753237Z_PFQJUENGNZAJ;Active;0151-9001233;2026-01-05 16:32:18;
SOB_20260105T163218753512Z_NQBRB5QA4BHE;Active;0151-9001234;2026-01-05 16:32:18;
SOB_20260105T163218753755Z_FSWXY5JESFDD;Active;0151-9001235;2026-01-05 16:32:18;
SOB_20260105T163218753988Z_5D4FRKA4LVBQ;Active;0151-9001236;2026-01-05 16:32:18;
SOB_20260105T163218754225Z_M4ZZBUAWM5CQ;Active;0151-9001237;2026-01-05 16:32:18;
SOB_20260105T163218754475Z_EOXFLJ4GNBEV;Active;0151-9001238;2026-01-05 16:32:18;
SOB_20260105T163218754700Z_KQR5SSB3WVCX;Active;0151-9001239;2026-01-05 16:32:18;
SOB_20260105T163218754924Z_5HYNB2VTHRBF;Active;0151-9001240;2026-01-05 16:32:18;
SOB_20260105T163218755153Z_3GJGPGCAL5CT;Active;0151-9001241;2026-01-05 16:32:18;
SOB_20260105T163218755385Z_WJ4E6AZWIRHF;Active;0151-9001242;2026-01-05 16:32:18;
SOB_20260105T163218755622Z_I5E3ELXIQRAM;Active;0151-9001243;2026-01-05 16:32:18;
SOB_20260105T163218755854Z_LZB6PP2DLZEL;Active;0151-9001244;2026-01-05 16:32:18;
SOB_20260105T163218756082Z_T5MN3NDTHJC6;Active;0151-9001245;2026-01-05 16:32:18;
SOB_20260105T163218756313Z_VGFAPZOH45H2;Active;0151-9001246;2026-01-05 16:32:18;
SOB_20260105T163218756544Z_RYHLS7LGIBGQ;Active;0151-9001247;2026-01-05 16:32:18;
SOB_20260105T163218756787Z_BEQG3UP2VRGS;Active;0151-9001248;2026-01-05 16:32:18;
SOB_20260105T163218757019Z_LPHJPPCPNRCR;Active;0151-9001249;2026-01-05 16:32:18;
SOB_20260105T163218757253Z_2B7S3JMDW5EB;Active;0151-9001250;2026-01-05 16:32:18;
SOB_20260105T163218757496Z_Y5BO7YCRARFV;Active;0151-9001251;2026-01-05 16:32:18;
SOB_20260105T163218757716Z_5PUHI2ZZZ5CG;Active;0151-9001252;2026-01-05 16:32:18;
SOB_20260105T163218757930Z_TPZ5OK33DBCE;Active;0151-9001253;2026-01-05 16:32:18;
SOB_20260105T163218758170Z_YPFLM63SYZDK;Active;0151-9001254;2026-01-05 16:32:18;
SOB_20260105T163218758378Z_AW2F5TZQBZEN;Active;0151-9001255;2026-01-05 16:32:18;
SOB_20260105T163218758593Z_LUSUQ6MLAJGL;Active;0151-9001256;2026-01-05 16:32:18;
SOB_20260105T163218758802Z_BP5SUGMVUZHM;Active;0151-9001257;2026-01-05 16:32:18;
SOB_20260105T163218759013Z_OXJJUA6CJJB3;Active;0151-9001258;2026-01-05 16:32:18;
SOB_20260105T163218759235Z_H45JVJQ7TNGS;Active;0151-9001259;2026-01-05 16:32:18;
SOB_20260105T163218759439Z_GMUVBPC7OFHW;Active;0151-9001260;2026-01-05 16:32:18;
SOB_20260105T163218759640Z_HTTQHMQ3RFFY;Active;0151-9001261;2026-01-05 16:32:18;
SOB_20260105T163218759836Z_KJTWGQKYRNB6;Active;0151-9001262;2026-01-05 16:32:18;
SOB_20260105T163218760036Z_3U4MFQY5S5ES;Active;0151-9001263;2026-01-05 16:32:18;
SOB_20260105T163218760235Z_XVG5G3CIAND6;Active;0151-9001264;2026-01-05 16:32:18;
SOB_20260105T163218760432Z_RP7ZKVBCPFET;Active;0151-9001265;2026-01-05 16:32:18;
SOB_20260105T163218760609Z_5H7KPXI7NBAI;Active;0151-9001266;2026-01-05 16:32:18;
SOB_20260105T163218760766Z_ZFJKJAJUTZBG;Active;0151-9001267;2026-01-05 16:32:18;
SOB_20260105T163218760919Z_LDILQSF3QFFK;Active;0151-9001268;2026-01-05 16:32:18;
SOB_20260105T163218761070Z_ZT4T6W3CDBDY;Active;0151-9001269;2026-01-05 16:32:18;
SOB_20260105T163218761245Z_3MPNH3PCAVEV;Active;0151-9001270;2026-01-05 16:32:18;
SOB_20260105T163218761411Z_RXGJWOTZYFFD;Active;0151-9001271;2026-01-05 16:32:18;
SOB_20260105T163218761562Z_CPVQSVP6RJB3;Active;0151-9001272;2026-01-05 16:32:18;
SOB_20260105T163218761720Z_2ELDRDMLJRDY;Active;0151-9001273;2026-01-05 16:32:18;
SOB_20260105T163218761869Z_K7JYDOF6Y5EG;Active;0151-9001274;2026-01-05 16:32:18;
SOB_20260105T163218762015Z_TBNMTNTBSVE6;Active;0151-9001275;2026-01-05 16:32:18;
SOB_20260105T163218762162Z_IEHFL5BEMJFV;Active;0151-9001276;2026-01-05 16:32:18;
SOB_20260105T163218762307Z_7OPDA4GXVFGV;Active;0151-9001277;2026-01-05 16:32:18;
SOB_20260105T163218762466Z_GMF5PY7VTVFO;Active;0151-9001278;2026-01-05 16:32:18;
SOB_20260105T163218762617Z_TJKHDKJBDZDQ;Active;0151-9001279;2026-01-05 16:32:18;
SOB_20260105T163218762764Z_L35OFHYMCVCE;Active;0151-9001280;2026-01-05 16:32:18;
SOB_20260105T163218762911Z_MPKMVRK3Z5A3;Active;0151-9001281;2026-01-05 16:32:18;
SOB_20260105T163218763056Z_PNJFO5AIENAW;Active;0151-9001282;2026-01-05 16:32:18;
SOB_20260105T163218763212Z_4HJBBEQE2RAP;Active;0151-9001283;2026-01-05 16:32:18;
SOB_20260105T163218763360Z_GATHLLYPFFA4;Active;0151-9001284;2026-01-05 16:32:18;
SOB_20260105T163218763508Z_KWRV3LGKCJA6;Active;0151-9001285;2026-01-05 16:32:18;
SOB_20260105T163218763659Z_AY5XXRYTPFCN;Active;0151-9001286;2026-01-05 16:32:18;
SOB_20260105T163218763813Z_43XRHAW3EVGV;Active;0151-9001287;2026-01-05 16:32:18;
SOB_20260105T163218763959Z_GO6BIMOHU5CN;Active;0151-9001288;2026-01-05 16:32:18;
SOB_20260105T163218764107Z_XQRO2PKIFBDX;Active;0151-9001289;2026-01-05 16:32:18;
SOB_20260105T163218764254Z_BGTD5TQ2XVH3;Active;0151-9001290;2026-01-05 16:32:18;
SOB_20260105T163218764402Z_XGURMWIR5VDO;Active;0151-9001291;2026-01-05 16:32:18;
SOB_20260105T163218764556Z_HBABGMDMMFF5;Active;0151-9001292;2026-01-05 16:32:18;
SOB_20260105T163218764703Z_DE3IKMHAJVFB;Active;0151-9001293;2026-01-05 16:32:18;
SOB_20260105T163218764847Z_CTRSF7G4WBAE;Active;0151-9001294;2026-01-05 16:32:18;
SOB_20260105T163218765017Z_U2YXMJZAONCL;Active;0151-9001295;2026-01-05 16:32:18;
SOB_20260105T163218765162Z_WVX25PFVRVFH;Active;0151-9001296;2026-01-05 16:32:18;
SOB_20260105T163218765309Z_OAV53QNY2JH4;Active;0151-9001297;2026-01-05 16:32:18;
SOB_20260105T163218765448Z_TJVTPUUVQZGC;Active;0151-9001298;2026-01-05 16:32:18;
SOB_20260105T163218765591Z_IP7I2YBATND7;Active;0151-9001299;2026-01-05 16:32:18;
SOB_20260105T163218765734Z_OEBG3BPARNEH;Active;0151-9001300;2026-01-05 16:32:18;
SOB_20260105T163218765877Z_XRX5XMJDCJHM;Active;0151-9001301;2026-01-05 16:32:18;
SOB_20260105T163218766025Z_3F2DMND4DVHH;Active;0151-9001302;2026-01-05 16:32:18;
SOB_20260105T163218766166Z_2DHCAUI2QFBP;Active;0151-9001303;2026-01-05 16:32:18;
SOB_20260105T163218766305Z_IKJ3WCNAO5G7;Active;0151-9001304;2026-01-05 16:32:18;
SOB_20260105T163218766452Z_UTQRDPAR7VFU;Active;0151-9001305;2026-01-05 16:32:18;
SOB_20260105T163218766592Z_PUZ3FCD7RRAS;Active;0151-9001306;2026-01-05 16:32:18;
SOB_20260105T163218766739Z_UWZX5MEFU5ES;Active;0151-9001307;2026-01-05 16:32:18;
SOB_20260105T163218766884Z_ICAVBAQE2ZGG;Active;0151-9001308;2026-01-05 16:32:18;
SOB_20260105T163218767026Z_VBTT3ISPCNAF;Active;0151-9001309;2026-01-05 16:32:18;
SOB_20260105T163218767190Z_KIOG4MTCSNAP;Active;0151-9001310;2026-01-05 16:32:18;
SOB_20260105T163218767336Z_UQEZHGMFAJFN;Active;0151-9001311;2026-01-05 16:32:18;
SOB_20260105T163218767486Z_VUROQ3ZG6JE2;Active;0151-9001312;2026-01-05 16:32:18;
SOB_20260105T163218767628Z_EDUI5S2BSNEI;Active;0151-9001313;2026-01-05 16:32:18;
SOB_20260105T163218767774Z_QYZ2ZBOP4RFM;Active;0151-9001314;2026-01-05 16:32:18;
SOB_20260105T163218767919Z_AH6FHIMYB5HG;Active;0151-9001315;2026-01-05 16:32:18;
SOB_20260105T163218768060Z_XMQJE4S54NEU;Active;0151-9001316;2026-01-05 16:32:18;
SOB_20260105T163218768207Z_AM6OPSXY35BO;Active;0151-9001317;2026-01-05 16:32:18;
SOB_20260105T163218768352Z_BYMKGQPBDFHO;Active;0151-9001318;2026-01-05 16:32:18;
SOB_20260105T163218768494Z_ODEY4YENXRCE;Active;0151-9001319;2026-01-05 16:32:18;
SOB_20260105T163218768637Z_56BVSRSSMJBQ;Active;0151-9001320;2026-01-05 16:32:18;
SOB_20260105T163218768780Z_UKS5RUOJX5CY;Active;0151-9001321;2026-01-05 16:32:18;
SOB_20260105T163218768931Z_I5TKNM47FRA6;Active;0151-9001322;2026-01-05 16:32:18;
SOB_20260105T163218769075Z_7STQ6FGXSNFK;Active;0151-9001323;2026-01-05 16:32:18;
SOB_20260105T163218769220Z_LQ2LZQGBV5HT;Active;0151-9001324;2026-01-05 16:32:18;
SOB_20260105T163218769361Z_RSOUBKTQBRE6;Active;0151-9001325;2026-01-05 16:32:18;
SOB_20260105T163218769506Z_YV3JAKI5V5B3;Active;0151-9001326;2026-01-05 16:32:18;
SOB_20260105T163218769656Z_UID7MSKGHJFC;Active;0151-9001327;2026-01-05 16:32:18;
SOB_20260105T163218769795Z_BPK57TKEMBCZ;Active;0151-9001328;2026-01-05 16:32:18;
SOB_20260105T163218769937Z_ACBW2B33EZBU;Active;0151-9001329;2026-01-05 16:32:18;
SOB_20260105T163218770082Z_ZNJQZXT2WVEM;Active;0151-9001330;2026-01-05 16:32:18;
SOB_20260105T163218770221Z_IKGG2HEMJBEP;Active;0151-9001331;2026-01-05 16:32:18;
SOB_20260105T163218770369Z_7ESXHUW56REJ;Active;0151-9001332;2026-01-05 16:32:18;
SOB_20260105T163218770511Z_GX5IULHIWJG4;Active;0151-9001333;2026-01-05 16:32:18;
SOB_20260105T163218770650Z_QCRWO4HOVBGG;Active;0151-9001334;2026-01-05 16:32:18;
SOB_20260105T163218770789Z_LFISIKTHNFAH;Active;0151-9001335;2026-01-05 16:32:18;
SOB_20260105T163218770940Z_HGH7MA4NQFFR;Active;0151-9001336;2026-01-05 16:32:18;
SOB_20260105T163218771088Z_R3QNBJDQ3ZFK;Active;0151-9001337;2026-01-05 16:32:18;
SOB_20260105T163218771232Z_FSPAIZVKHVGC;Active;0151-9001338;2026-01-05 16:32:18;
SOB_20260105T163218771374Z_HOCWML4LMZCX;Active;0151-9001339;2026-01-05 16:32:18;
SOB_20260105T163218771517Z_4BAC2YSKFVFK;Active;0151-9001340;2026-01-05 16:32:18;
SOB_20260105T163218771668Z_SN2KGIHFZNGL;Active;0151-9001341;2026-01-05 16:32:18;
SOB_20260105T163218771810Z_NFBXNIMQJNBO;Active;0151-9001342;2026-01-05 16:32:18;
SOB_20260105T163218771963Z_GFCQKQB6BNFP;Active;0151-9001343;2026-01-05 16:32:18;
SOB_20260105T163218772107Z_DVBOPUV5RJEM;Active;0151-9001344;2026-01-05 16:32:18;
SOB_20260105T163218772251Z_MXZFKSSVBBGT;Active;0151-9001345;2026-01-05 16:32:18;
SOB_20260105T163218772405Z_6AB54MFDENF5;Active;0151-9001346;2026-01-05 16:32:18;
SOB_20260105T163218772546Z_LGKUWTEGUJBZ;Active;0151-9001347;2026-01-05 16:32:18;
SOB_20260105T163218772687Z_LQJUZWIMIJDY;Active;0151-9001348;2026-01-05 16:32:18;
SOB_20260105T163218772829Z_RROPKI6XWND3;Active;0151-9001349;2026-01-05 16:32:18;
SOB_20260105T163218772972Z_SJXLEWGBVRHV;Active;0151-9001350;2026-01-05 16:32:18;
SOB_20260105T163218773118Z_NNLKXGYK5NGA;Active;0151-9001351;2026-01-05 16:32:18;
SOB_20260105T163218773261Z_UA2YXZ4P6JD7;Active;0151-9001352;2026-01-05 16:32:18;
SOB_20260105T163218773403Z_6FFVMIAVXFFA;Active;0151-9001353;2026-01-05 16:32:18;
SOB_20260105T163218773567Z_L5FJTBXJUVE3;Active;0151-9001354;2026-01-05 16:32:18;
SOB_20260105T163218773706Z_7M7XFIPFNFCA;Active;0151-9001355;2026-01-05 16:32:18;
SOB_20260105T163218773855Z_CES3MW7VHNA7;Active;0151-9001356;2026-01-05 16:32:18;
SOB_20260105T163218773994Z_FW624REYDNDF;Active;0151-9001357;2026-01-05 16:32:18;
SOB_20260105T163218774134Z_UMEG5GO6I5HC;Active;0151-9001358;2026-01-05 16:32:18;
SOB_20260105T163218774279Z_NZKXFAYLONBQ;Active;0151-9001359;2026-01-05 16:32:18;
SOB_20260105T163218774419Z_W7NZVXSQ7BD6;Active;0151-9001360;2026-01-05 16:32:18;
SOB_20260105T163218774565Z_6O2Y6KTJVFEV;Active;0151-9001361;2026-01-05 16:32:18;
SOB_20260105T163218774753Z_7BWPG3GTBNDX;Active;0151-9001362;2026-01-05 16:32:18;
SOB_20260105T163218774909Z_MRU5TE7HRNDM;Active;0151-9001363;2026-01-05 16:32:18;
SOB_20260105T163218775050Z_2JSWXWWSFFBN;Active;0151-9001364;2026-01-05 16:32:18;
SOB_20260105T163218775192Z_3CYDJ4ZZGFGP;Active;0151-9001365;2026-01-05 16:32:18;
SOB_20260105T163218775341Z_YMG5QBJJ2JHM;Active;0151-9001366;2026-01-05 16:32:18;
SOB_20260105T163218775489Z_WYSUP4N3OFHK;Active;0151-9001367;2026-01-05 16:32:18;
SOB_20260105T163218775636Z_DXQ2FENTDNH2;Active;0151-9001368;2026-01-05 16:32:18;
SOB_20260105T163218775778Z_DBM7QR6BOFGO;Active;0151-9001369;2026-01-05 16:32:18;
SOB_20260105T163218775922Z_KP4C7JSYTJAS;Active;0151-9001370;2026-01-05 16:32:18;
SOB_20260105T163218776074Z_6E6HV5EZJJGF;Active;0151-9001371;2026-01-05 16:32:18;
SOB_20260105T163218776235Z_NAORKFP36RGC;Active;0151-9001372;2026-01-05 16:32:18;
SOB_20260105T163218776382Z_FDYO4Q7LGVF7;Active;0151-9001373;2026-01-05 16:32:18;
SOB_20260105T163218776524Z_JKHF3VK2YZF4;Active;0151-9001374;2026-01-05 16:32:18;
SOB_20260105T163218776669Z_KEKM2YRXNZBB;Active;0151-9001375;2026-01-05 16:32:18;
SOB_20260105T163218776817Z_36BZUICZXJF3;Active;0151-9001376;2026-01-05 16:32:18;
SOB_20260105T163218776961Z_FIS7YJIXOJAE;Active;0151-9001377;2026-01-05 16:32:18;
SOB_20260105T163218777108Z_PWTJFKFGE5GQ;Active;0151-9001378;2026-01-05 16:32:18;
SOB_20260105T163218777251Z_KK6LOLHLDBDO;Active;0151-9001379;2026-01-05 16:32:18;
SOB_20260105T163218777395Z_6EPXGVPCZRC5;Active;0151-9001380;2026-01-05 16:32:18;
SOB_20260105T163218777548Z_RKP3PTPKJZGZ;Active;0151-9001381;2026-01-05 16:32:18;
SOB_20260105T163218777692Z_LLXXMLJ4K5C6;Active;0151-9001382;2026-01-05 16:32:18;
SOB_20260105T163218777833Z_4F2EZBJZTNHZ;Active;0151-9001383;2026-01-05 16:32:18;
SOB_20260105T163218777978Z_HWHSMGH2KNG4;Active;0151-9001384;2026-01-05 16:32:18;
SOB_20260105T163218778129Z_LC3UM7OHIZEX;Active;0151-9001385;2026-01-05 16:32:18;
SOB_20260105T163218778273Z_TPT54MY6QNGF;Active;0151-9001386;2026-01-05 16:32:18;
SOB_20260105T163218778419Z_5UM727EFZFGF;Active;0151-9001387;2026-01-05 16:32:18;
SOB_20260105T163218778564Z_7OYDCOK7H5CO;Active;0151-9001388;2026-01-05 16:32:18;
SOB_20260105T163218778702Z_SPQUV3AYTRHB;Active;0151-9001389;2026-01-05 16:32:18;
SOB_20260105T163218778852Z_2SH4H4WOVFH7;Active;0151-9001390;2026-01-05 16:32:18;
SOB_20260105T163218778994Z_JHVV5OJI45CC;Active;0151-9001391;2026-01-05 16:32:18;
SOB_20260105T163218779134Z_P2F46AUEEVCI;Active;0151-9001392;2026-01-05 16:32:18;
SOB_20260105T163218779273Z_XSFKRXYVBZD4;Active;0151-9001393;2026-01-05 16:32:18;
SOB_20260105T163218779417Z_VXEKYNBWQ5EH;Active;0151-9001394;2026-01-05 16:32:18;
SOB_20260105T163218779564Z_RQAM6N5SS5E6;Active;0151-9001395;2026-01-05 16:32:18;
SOB_20260105T163218779703Z_5W625AX6IJAC;Active;0151-9001396;2026-01-05 16:32:18;
SOB_20260105T163218779846Z_65M54EEUSJBV;Active;0151-9001397;2026-01-05 16:32:18;
SOB_20260105T163218779985Z_UDHHC3Q5BBG3;Active;0151-9001398;2026-01-05 16:32:18;
SOB_20260105T163218780129Z_SV5U2PJZGBF7;Active;0151-9001399;2026-01-05 16:32:18;
SOB_20260105T163218780277Z_I4J6AUIW55E4;Active;0151-9001400;2026-01-05 16:32:18;
SOB_20260105T163218780416Z_DKBWRQGWPVGY;Active;0151-9001401;2026-01-05 16:32:18;
SOB_20260105T163218780589Z_FDTUVAS42BA4;Active;0151-9001402;2026-01-05 16:32:18;
SOB_20260105T163218780753Z_YIMO2AXONVGW;Active;0151-9001403;2026-01-05 16:32:18;
SOB_20260105T163218780893Z_AJIGUVYVW5H6;Active;0151-9001404;2026-01-05 16:32:18;
SOB_20260105T163218781042Z_3TP77Z3VPBA4;Active;0151-9001405;2026-01-05 16:32:18;
SOB_20260105T163218781183Z_2MZOCCM2ZBGN;Active;0151-9001406;2026-01-05 16:32:18;
SOB_20260105T163218781326Z_NSFD6R2O5RHG;Active;0151-9001407;2026-01-05 16:32:18;
SOB_20260105T163218781472Z_FPL46SQMMJCC;Active;0151-9001408;2026-01-05 16:32:18;
SOB_20260105T163218781613Z_NNIIF6DOCVF4;Active;0151-9001409;2026-01-05 16:32:18;
SOB_20260105T163218781765Z_CTPSBX3SUJEW;Active;0151-9001410;2026-01-05 16:32:18;
SOB_20260105T163218781906Z_MPCWRGWCSVCX;Active;0151-9001411;2026-01-05 16:32:18;
SOB_20260105T163218782052Z_KM2T45BJABCE;Active;0151-9001412;2026-01-05 16:32:18;
SOB_20260105T163218782196Z_KSP6SNVV4NAV;Active;0151-9001413;2026-01-05 16:32:18;
SOB_20260105T163218782340Z_RKTNPEDJ4NGR;Active;0151-9001414;2026-01-05 16:32:18;
SOB_20260105T163218782487Z_SYGXELDFPNG6;Active;0151-9001415;2026-01-05 16:32:18;
SOB_20260105T163218782634Z_S2T47QUWZRCL;Active;0151-9001416;2026-01-05 16:32:18;
SOB_20260105T163218782778Z_3ON3KNRE6VFP;Active;0151-9001417;2026-01-05 16:32:18;
SOB_20260105T163218782920Z_YWNWY4563ZG6;Active;0151-9001418;2026-01-05 16:32:18;
SOB_20260105T163218783064Z_6AP5U2HVT5AD;Active;0151-9001419;2026-01-05 16:32:18;
SOB_20260105T163218783212Z_QN57P4KK7VCD;Active;0151-9001420;2026-01-05 16:32:18;
SOB_20260105T163218783356Z_H6UH36FDMZGS;Active;0151-9001421;2026-01-05 16:32:18;
SOB_20260105T163218783501Z_TDNRH4GLORBV;Active;0151-9001422;2026-01-05 16:32:18;
SOB_20260105T163218783643Z_2MPB2IIIANCV;Active;0151-9001423;2026-01-05 16:32:18;
SOB_20260105T163218783788Z_BST6UKGUVVFT;Active;0151-9001424;2026-01-05 16:32:18;
SOB_20260105T163218783938Z_OSXXUQKNDJD2;Active;0151-9001425;2026-01-05 16:32:18;
SOB_20260105T163218784083Z_5Z6ZWMSXRVBZ;Active;0151-9001426;2026-01-05 16:32:18;
SOB_20260105T163218784224Z_45AR7CC2VFEG;Active;0151-9001427;2026-01-05 16:32:18;
SOB_20260105T163218784364Z_YXNVI64GXBAP;Active;0151-9001428;2026-01-05 16:32:18;
SOB_20260105T163218784511Z_MBINQ5RPVZCH;Active;0151-9001429;2026-01-05 16:32:18;
SOB_20260105T163218784658Z_7AIGLPOI5FBK;Active;0151-9001430;2026-01-05 16:32:18;
SOB_20260105T163218784800Z_I5KZ6VFJ6RCX;Active;0151-9001431;2026-01-05 16:32:18;
SOB_20260105T163218784943Z_B7UZCDF5RNF4;Active;0151-9001432;2026-01-05 16:32:18;
SOB_20260105T163218785083Z_JPPJZEX7WNAD;Active;0151-9001433;2026-01-05 16:32:18;
SOB_20260105T163218785226Z_D36UFBFDUFBH;Active;0151-9001434;2026-01-05 16:32:18;
SOB_20260105T163218785373Z_SUL6PZAKUBB4;Active;0151-9001435;2026-01-05 16:32:18;
SOB_20260105T163218785511Z_SHQPVYHKRJA4;Active;0151-9001436;2026-01-05 16:32:18;
SOB_20260105T163218785650Z_QOKIBWRZR5BG;Active;0151-9001437;2026-01-05 16:32:18;
SOB_20260105T163218785791Z_OX7KCQXKJ5EW;Active;0151-9001438;2026-01-05 16:32:18;
SOB_20260105T163218785945Z_W4DZDX2UWFBA;Active;0151-9001439;2026-01-05 16:32:18;
SOB_20260105T163218786090Z_EW737LITMBDR;Active;0151-9001440;2026-01-05 16:32:18;
SOB_20260105T163218786234Z_JKVZNASDUFB6;Active;0151-9001441;2026-01-05 16:32:18;
SOB_20260105T163218786377Z_5VPORHCG7BGF;Active;0151-9001442;2026-01-05 16:32:18;
SOB_20260105T163218786520Z_WJPAOEASS5GF;Active;0151-9001443;2026-01-05 16:32:18;
SOB_20260105T163218786668Z_XHSIDHJOXBFH;Active;0151-9001444;2026-01-05 16:32:18;
SOB_20260105T163218786812Z_N4H3AA5KRFBX;Active;0151-9001445;2026-01-05 16:32:18;
SOB_20260105T163218786957Z_AL26LKM2EVEF;Active;0151-9001446;2026-01-05 16:32:18;
SOB_20260105T163218787100Z_KAXEK7ILBBHN;Active;0151-9001447;2026-01-05 16:32:18;
SOB_20260105T163218787246Z_B6KCGECUHVGI;Active;0151-9001448;2026-01-05 16:32:18;
SOB_20260105T163218787395Z_RQWB3LPGY5CB;Active;0151-9001449;2026-01-05 16:32:18;
SOB_20260105T163218787540Z_EY3UDSVNXRAF;Active;0151-9001450;2026-01-05 16:32:18;
SOB_20260105T163218787681Z_SDK26EGLBZBQ;Active;0151-9001451;2026-01-05 16:32:18;
SOB_20260105T163218787822Z_HHCIPRWZRRHT;Active;0151-9001452;2026-01-05 16:32:18;
SOB_20260105T163218787961Z_7OILVVLH7NF2;Active;0151-9001453;2026-01-05 16:32:18;
SOB_20260105T163218788110Z_ZROH5LQ3RJAL;Active;0151-9001454;2026-01-05 16:32:18;
SOB_20260105T163218788250Z_GG4RFLUQTFAP;Active;0151-9001455;2026-01-05 16:32:18;
SOB_20260105T163218788391Z_RIPQWSFBRZEO;Active;0151-9001456;2026-01-05 16:32:18;
SOB_20260105T163218788533Z_MVWKNTF2Z5BK;Active;0151-9001457;2026-01-05 16:32:18;
SOB_20260105T163218788697Z_VIUHDT73HRCG;Active;0151-9001458;2026-01-05 16:32:18;
SOB_20260105T163218788843Z_ETKFNMRF2VGS;Active;0151-9001459;2026-01-05 16:32:18;
SOB_20260105T163218788984Z_FHBQO45RSZCN;Active;0151-9001460;2026-01-05 16:32:18;
SOB_20260105T163218789126Z_UAGEYSIFS5CX;Active;0151-9001461;2026-01-05 16:32:18;
SOB_20260105T163218789265Z_OEH4KAKE5RFR;Active;0151-9001462;2026-01-05 16:32:18;
SOB_20260105T163218789403Z_36QC6OVLVRGV;Active;0151-9001463;2026-01-05 16:32:18;
SOB_20260105T163218789553Z_FGSNDC5ZJJF4;Active;0151-9001464;2026-01-05 16:32:18;
SOB_20260105T163218789695Z_J3G2CNGCVNH6;Active;0151-9001465;2026-01-05 16:32:18;
SOB_20260105T163218789839Z_YDL7PKXBSJDF;Active;0151-9001466;2026-01-05 16:32:18;
SOB_20260105T163218789981Z_EELCAD3U7NHM;Active;0151-9001467;2026-01-05 16:32:18;
SOB_20260105T163218790123Z_HIROAHMRVZBT;Active;0151-9001468;2026-01-05 16:32:18;
SOB_20260105T163218790268Z_FGFZI65MNJDI;Active;0151-9001469;2026-01-05 16:32:18;
SOB_20260105T163218790515Z_MBVJ7YBCUJB7;Active;0151-9001470;2026-01-05 16:32:18;
SOB_20260105T163218790677Z_A6RVMHH3FZDD;Active;0151-9001471;2026-01-05 16:32:18;
SOB_20260105T163218790828Z_AWBCGQO7LFBX;Active;0151-9001472;2026-01-05 16:32:18;
SOB_20260105T163218791030Z_3RWVVLLR5FBR;Active;0151-9001473;2026-01-05 16:32:18;
SOB_20260105T163218791195Z_QQ77PUWWPVC5;Active;0151-9001474;2026-01-05 16:32:18;
SOB_20260105T163218791343Z_L3DLW4EKD5HC;Active;0151-9001475;2026-01-05 16:32:18;
SOB_20260105T163218791498Z_JXD2ANY3LVC7;Active;0151-9001476;2026-01-05 16:32:18;
SOB_20260105T163218791641Z_FN7USP37OFCB;Active;0151-9001477;2026-01-05 16:32:18;
SOB_20260105T163218791785Z_DEZAMP5Q4FHT;Active;0151-9001478;2026-01-05 16:32:18;
SOB_20260105T163218791942Z_RBXYWZ4KHNDH;Active;0151-9001479;2026-01-05 16:32:18;
SOB_20260105T163218792092Z_RCDN57SVHJFN;Active;0151-9001480;2026-01-05 16:32:18;
SOB_20260105T163218792240Z_RUR5QMUC2NE4;Active;0151-9001481;2026-01-05 16:32:18;
SOB_20260105T163218792418Z_CPACMMLLP5D5;Active;0151-9001482;2026-01-05 16:32:18;
SOB_20260105T163218792610Z_QREDGQRQBVGR;Active;0151-9001483;2026-01-05 16:32:18;
SOB_20260105T163218792836Z_BN7MVCG6U5CE;Active;0151-9001484;2026-01-05 16:32:18;
SOB_20260105T163218792992Z_MLWH4EXVDNH3;Active;0151-9001485;2026-01-05 16:32:18;
SOB_20260105T163218793143Z_KF6VOKI7ERCW;Active;0151-9001486;2026-01-05 16:32:18;
SOB_20260105T163218793288Z_KK6RDTPHK5BN;Active;0151-9001487;2026-01-05 16:32:18;
SOB_20260105T163218793440Z_XNE6DQPBHZBE;Active;0151-9001488;2026-01-05 16:32:18;
SOB_20260105T163218793591Z_AAIBI3ZMBZDC;Active;0151-9001489;2026-01-05 16:32:18;
SOB_20260105T163218793740Z_Z4PMJIFWPRCA;Active;0151-9001490;2026-01-05 16:32:18;
SOB_20260105T163218793887Z_M7OYZQ6ARJEF;Active;0151-9001491;2026-01-05 16:32:18;
SOB_20260105T163218794036Z_LUEQNKPDXZEF;Active;0151-9001492;2026-01-05 16:32:18;
SOB_20260105T163218794189Z_2KGUNLWKGBDI;Active;0151-9001493;2026-01-05 16:32:18;
SOB_20260105T163218794333Z_OYO26DVN2BHK;Active;0151-9001494;2026-01-05 16:32:18;
SOB_20260105T163218794479Z_URDQFHV2WRH2;Active;0151-9001495;2026-01-05 16:32:18;
SOB_20260105T163218794623Z_K5PVVQNM2VAU;Active;0151-9001496;2026-01-05 16:32:18;
SOB_20260105T163218794768Z_UMQD5PX6FVBB;Active;0151-9001497;2026-01-05 16:32:18;
SOB_20260105T163218794923Z_FTRPBVM5AVA2;Active;0151-9001498;2026-01-05 16:32:18;
SOB_20260105T163218795071Z_Y2D72GAXW5AC;Active;0151-9001499;2026-01-05 16:32:18;
SOB_20260105T163218795216Z_YVPDU7QYF5AH;Active;0151-9001500;2026-01-05 16:32:18;
