SOB_ID;DB_Status;Schadensfall_Schadennummer;DB_Status_Date_Active;DB_Status_Date_Inactive
SOB_20260105T163218713469Z_AYB2NAC7CVD3;Active;S20250001;2026-01-05 16:32:18;
SOB_20260105T163218713973Z_WQR6M2QFD5DZ;Active;S20250002;2026-01-05 16:32:18;
SOB_20260105T163218714194Z_I2CZAB7D4RHJ;Active;S20250003;2026-01-05 16:32:18;
SOB_20260105T163218714393Z_COC5NG426BGZ;Active;S20250004;2026-01-05 16:32:18;
SOB_20260105T163218714591Z_W5HUCO6LBBFI;Active;S20250005;2026-01-05 16:32:18;
SOB_20260105T163218714781Z_NHMUDOY4RVAB;Active;S20250006;2026-01-05 16:32:18;
SOB_20260105T163218714965Z_2R6H2T2R5NCE;Active;S20250007;2026-01-05 16:32:18;
SOB_20260105T163218715150Z_VASJUXG4ZVH3;Active;S20250008;2026-01-05 16:32:18;
SOB_20260105T163218715341Z_2AFCJYUTTBFC;Active;S20250009;2026-01-05 16:32:18;
SOB_20260105T163218715528Z_O57LDIQUFFD3;Active;S20250010;2026-01-05 16:32:18;
SOB_20260105T163218715710Z_FGPQMTC7LJDM;Active;S20250011;2026-01-05 16:32:18;
SOB_20260105T163218715906Z_4WUTZYGNJJFJ;Active;S20250012;2026-01-05 16:32:18;
SOB_20260105T163218716091Z_63GO5R5UPRBA;Active;S20250013;2026-01-05 16:32:18;
SOB_20260105T163218716285Z_NHQVUCO5XRAZ;Active;S20250014;2026-01-05 16:32:18;
SOB_20260105T163218716470Z_YS7UNAVOKBCV;Active;S20250015;2026-01-05 16:32:18;
SOB_20260105T163218716655Z_6ZB6DLK7RFD7;Active;S20250016;2026-01-05 16:32:18;
SOB_20260105T163218716843Z_GMF6E64WZRDM;Active;S20250017;2026-01-05 16:32:18;
SOB_20260105T163218717020Z_IE4IS6SVDRHB;Active;S20250018;2026-01-05 16:32:18;
SOB_20260105T163218717207Z_WORBSLX5DFH4;Active;S20250019;2026-01-05 16:32:18;
SOB_20260105T163218717388Z_2ZPSUKPVIZEV;Active;S20250020;2026-01-05 16:32:18;
SOB_20260105T163218717564Z_OQVVHJDDQZHC;Active;S20250021;2026-01-05 16:32:18;
SOB_20260105T163218717746Z_WKLD5TTAD5GL;Active;S20250022;2026-01-05 16:32:18;
SOB_20260105T163218717926Z_6XXS7UVXWZHG;Active;S20250023;2026-01-05 16:32:18;
SOB_20260105T163218718114Z_HBUYLHNR3JE2;Active;S20250024;2026-01-05 16:32:18;
SOB_20260105T163218718347Z_SFE3VBX7LNEU;Active;S20250025;2026-01-05 16:32:18;
SOB_20260105T163218718508Z_ECRYDVMPTFHT;Active;S20250026;2026-01-05 16:32:18;
SOB_20260105T163218718669Z_USWEWSUI7BBT;Active;S20250027;2026-01-05 16:32:18;
SOB_20260105T163218718833Z_NNKTBFC5ABA6;Active;S20250028;2026-01-05 16:32:18;
SOB_20260105T163218719001Z_X3DAA3PLZVG2;Active;S20250029;2026-01-05 16:32:18;
SOB_20260105T163218719165Z_SGFIXJEPKBEZ;Active;S20250030;2026-01-05 16:32:18;
SOB_20260105T163218719329Z_QKLAJQHQPZDJ;Active;S20250031;2026-01-05 16:32:18;
SOB_20260105T163218719495Z_HQNQUSSIYVFL;Active;S20250032;2026-01-05 16:32:18;
SOB_20260105T163218719661Z_ZLA6ZG3IQNCK;Active;S20250033;2026-01-05 16:32:18;
SOB_20260105T163218719822Z_PIEXLOBOZND4;Active;S20250034;2026-01-05 16:32:18;
SOB_20260105T163218719988Z_JMZ5WCG4W5GV;Active;S20250035;2026-01-05 16:32:18;
SOB_20260105T163218720144Z_V5OM22YJ6JEJ;Active;S20250036;2026-01-05 16:32:18;
SOB_20260105T163218720292Z_MGIJNNVZARCY;Active;S20250037;2026-01-05 16:32:18;
SOB_20260105T163218720451Z_FVFQ7ZE5SZBN;Active;S20250038;2026-01-05 16:32:18;
SOB_20260105T163218720603Z_CWSJOIBUKFCR;Active;S20250039;2026-01-05 16:32:18;
SOB_20260105T163218720750Z_CC42T2K3LBGU;Active;S20250040;2026-01-05 16:32:18;
SOB_20260105T163218720902Z_K2NKAWJZ65E2;Active;S20250041;2026-01-05 16:32:18;
SOB_20260105T163218721052Z_67P3R77AIZEW;Active;S20250042;2026-01-05 16:32:18;
SOB_20260105T163218721208Z_NQHQU5DBWNDY;Active;S20250043;2026-01-05 16:32:18;
SOB_20260105T163218721362Z_SXCAGNYQSNDR;Active;S20250044;2026-01-05 16:32:18;
SOB_20260105T163218721514Z_TT2FVQE6MVED;Active;S20250045;2026-01-05 16:32:18;
SOB_20260105T163218721666Z_NOVERUIJM5EB;Active;S20250046;2026-01-05 16:32:18;
SOB_20260105T163218721818Z_6JCJSVZSUVCG;Active;S20250047;2026-01-05 16:32:18;
SOB_20260105T163218721977Z_6V3ZPBZG5BFI;Active;S20250048;2026-01-05 16:32:18;
SOB_20260105T163218722126Z_N6NK3NJOMJBW;Active;S20250049;2026-01-05 16:32:18;
SOB_20260105T163218722274Z_OOQI4543E5G6;Active;S20250050;2026-01-05 16:32:18;
SOB_20260105T163218722427Z_UFM545447JGZ;Active;S20250051;2026-01-05 16:32:18;
SOB_20260105T163218722576Z_Y3K7C7SSUJBW;Active;S20250052;2026-01-05 16:32:18;
SOB_20260105T163218722734Z_JN5FFMXL4NF5;Active;S20250053;2026-01-05 16:32:18;
SOB_20260105T163218722890Z_Z2QJU6C4LVGU;Active;S20250054;2026-01-05 16:32:18;
SOB_20260105T163218723043Z_XTBXAOKR4JA5;Active;S20250055;2026-01-05 16:32:18;
SOB_20260105T163218723196Z_HY345ACIIZBC;Active;S20250056;2026-01-05 16:32:18;
SOB_20260105T163218723353Z_RHJXNFPISNAA;Active;S20250057;2026-01-05 16:32:18;
SOB_20260105T163218723511Z_I5O7JP5RGVDW;Active;S20250058;2026-01-05 16:32:18;
SOB_20260105T163218723676Z_2PWPS6H6E5HS;Active;S20250059;2026-01-05 16:32:18;
SOB_20260105T163218723838Z_CWTXZNLP45DX;Active;S20250060;2026-01-05 16:32:18;
SOB_20260105T163218723988Z_QFI3ZPTGWJF2;Active;S20250061;2026-01-05 16:32:18;
SOB_20260105T163218724137Z_4WJNSUDSRZDQ;Active;S20250062;2026-01-05 16:32:18;
SOB_20260105T163218724298Z_DC5IBIKNF5C7;Active;S20250063;2026-01-05 16:32:18;
SOB_20260105T163218724452Z_ZMPYP74GJJE2;Active;S20250064;2026-01-05 16:32:18;
SOB_20260105T163218724605Z_3V2J6RGZYRCB;Active;S20250065;2026-01-05 16:32:18;
SOB_20260105T163218724768Z_U5PWFSOWSRG4;Active;S20250066;2026-01-05 16:32:18;
SOB_20260105T163218724923Z_E2NRLOQQCVBK;Active;S20250067;2026-01-05 16:32:18;
SOB_20260105T163218725086Z_FOPBE2ZQJVHB;Active;S20250068;2026-01-05 16:32:18;
SOB_20260105T163218725234Z_NLGGM5GLSRCT;Active;S20250069;2026-01-05 16:32:18;
SOB_20260105T163218725386Z_ZPLGV7ESHJAS;Active;S20250070;2026-01-05 16:32:18;
SOB_20260105T163218725539Z_65AV4R55HJAE;Active;S20250071;2026-01-05 16:32:18;
SOB_20260105T163218725688Z_2UGFYK4BOBH3;Active;S20250072;2026-01-05 16:32:18;
SOB_20260105T163218725848Z_CQFXVM43KRFG;Active;S20250073;2026-01-05 16:32:18;
SOB_20260105T163218725997Z_T2CLUXM34FFJ;Active;S20250074;2026-01-05 16:32:18;
SOB_20260105T163218726151Z_NQJYUG2SDJDD;Active;S20250075;2026-01-05 16:32:18;
SOB_20260105T163218726305Z_OH5WEMYIEJFG;Active;S20250076;2026-01-05 16:32:18;
SOB_20260105T163218726455Z_XDMNUCY3NJG6;Active;S20250077;2026-01-05 16:32:18;
SOB_20260105T163218726616Z_ESKKL7GQMNA7;Active;S20250078;2026-01-05 16:32:18;
SOB_20260105T163218726770Z_UPSOEVQHTBG3;Active;S20250079;2026-01-05 16:32:18;
SOB_20260105T163218726920Z_MVR4SFUS6VAN;Active;S20250080;2026-01-05 16:32:18;
SOB_20260105T163218727069Z_GSFIDBZPHRDG;Active;S20250081;2026-01-05 16:32:18;
SOB_20260105T163218727239Z_5XOCWS2MLNH3;Active;S20250082;2026-01-05 16:32:18;
SOB_20260105T163218727553Z_ALZ6GKFZ2RFV;Active;S20250083;2026-01-05 16:32:18;
SOB_20260105T163218727786Z_RODP7TZT45HC;Active;S20250084;2026-01-05 16:32:18;
SOB_20260105T163218728008Z_DSQEIRYFVJHE;Active;S20250085;2026-01-05 16:32:18;
SOB_20260105T163218728232Z_7BLTD2NFUFAP;Active;S20250086;2026-01-05 16:32:18;
SOB_20260105T163218728495Z_CQYKZYR6XREB;Active;S20250087;2026-01-05 16:32:18;
SOB_20260105T163218728757Z_AJEIQQ73IJAZ;Active;S20250088;2026-01-05 16:32:18;
SOB_20260105T163218728995Z_GMBSIIPXQNHE;Active;S20250089;2026-01-05 16:32:18;
SOB_20260105T163218729190Z_VIYFJQ6FRNDX;Active;S20250090;2026-01-05 16:32:18;
SOB_20260105T163218729348Z_RWM4ZISYJZHA;Active;S20250091;2026-01-05 16:32:18;
SOB_20260105T163218729504Z_BWNJSFEZORD5;Active;S20250092;2026-01-05 16:32:18;
SOB_20260105T163218729650Z_56KSOBMZIVDC;Active;S20250093;2026-01-05 16:32:18;
SOB_20260105T163218729799Z_XJH2P3ENFFDC;Active;S20250094;2026-01-05 16:32:18;
SOB_20260105T163218729946Z_UH2EOJPBINF6;Active;S20250095;2026-01-05 16:32:18;
SOB_20260105T163218730090Z_ZO5QULZFBREH;Active;S20250096;2026-01-05 16:32:18;
SOB_20260105T163218730243Z_MFPN53BPMZEB;Active;S20250097;2026-01-05 16:32:18;
SOB_20260105T163218730385Z_JIP73DHQ4RBH;Active;S20250098;2026-01-05 16:32:18;
SOB_20260105T163218730530Z_CFEAAR4KXFFK;Active;S20250099;2026-01-05 16:32:18;
SOB_20260105T163218730676Z_RCWJPW62SZB6;Active;S20250100;2026-01-05 16:32:18;
SOB_20260105T163218730817Z_I2MP5FVZLBD2;Active;S20250101;2026-01-05 16:32:18;
SOB_20260105T163218730967Z_TKQYB7Q7IBFJ;Active;S20250102;2026-01-05 16:32:18;
SOB_20260105T163218731109Z_UKCOKMZEKRFC;Active;S20250103;2026-01-05 16:32:18;
SOB_20260105T163218731254Z_DU7ZRQVDZJB3;Active;S20250104;2026-01-05 16:32:18;
SOB_20260105T163218731398Z_DQ4736WODJBT;Active;S20250105;2026-01-05 16:32:18;
SOB_20260105T163218731539Z_PPU767CHLJF4;Active;S20250106;2026-01-05 16:32:18;
SOB_20260105T163218731687Z_ZUMT4WZQDRH5;Active;S20250107;2026-01-05 16:32:18;
SOB_20260105T163218731835Z_PWJ6FI4WNBGZ;Active;S20250108;2026-01-05 16:32:18;
SOB_20260105T163218731976Z_RX2GXAQMMRH6;Active;S20250109;2026-01-05 16:32:18;
SOB_20260105T163218732129Z_JRFNDJDBONAF;Active;S20250110;2026-01-05 16:32:18;
SOB_20260105T163218732283Z_LH2FVW6HE5BN;Active;S20250111;2026-01-05 16:32:18;
SOB_20260105T163218732426Z_Q64ZEXDDGNG2;Active;S20250112;2026-01-05 16:32:18;
SOB_20260105T163218732567Z_L7QGESIAUZEH;Active;S20250113;2026-01-05 16:32:18;
SOB_20260105T163218732712Z_MNO54FR4YBER;Active;S20250114;2026-01-05 16:32:18;
SOB_20260105T163218732854Z_BIS4PI4TL5HQ;Active;S20250115;2026-01-05 16:32:18;
SOB_20260105T163218733008Z_Z3CQAGUXO5DI;Active;S20250116;2026-01-05 16:32:18;
SOB_20260105T163218733150Z_4HQZZQET6BD5;Active;S20250117;2026-01-05 16:32:18;
SOB_20260105T163218733295Z_76Q67EKIPZDS;Active;S20250118;2026-01-05 16:32:18;
SOB_20260105T163218733441Z_QMTJJ4U2MFBU;Active;S20250119;2026-01-05 16:32:18;
SOB_20260105T163218733584Z_G7KWJ3SOS5HI;Active;S20250120;2026-01-05 16:32:18;
SOB_20260105T163218733734Z_H233JVTSQ5HO;Active;S20250121;2026-01-05 16:32:18;
SOB_20260105T163218733876Z_DIDRSOI7NNE3;Active;S20250122;2026-01-05 16:32:18;
SOB_20260105T163218734014Z_M4PV7USN2FA2;Active;S20250123;2026-01-05 16:32:18;
SOB_20260105T163218734161Z_J6MIUMXL7ZE5;Active;S20250124;2026-01-05 16:32:18;
SOB_20260105T163218734301Z_WVINEP75UNGF;Active;S20250125;2026-01-05 16:32:18;
SOB_20260105T163218734448Z_3JZIL3AEDFFJ;Active;S20250126;2026-01-05 16:32:18;
SOB_20260105T163218734588Z_XUW5WFSK3VG2;Active;S20250127;2026-01-05 16:32:18;
SOB_20260105T163218734727Z_63VHB2EIMRD2;Active;S20250128;2026-01-05 16:32:18;
SOB_20260105T163218734869Z_IEZ3T76RLVGF;Active;S20250129;2026-01-05 16:32:18;
SOB_20260105T163218735022Z_JATC2KQPOVHI;Active;S20250130;2026-01-05 16:32:18;
SOB_20260105T163218735170Z_WMMXWGJ3KVGK;Active;S20250131;2026-01-05 16:32:18;
SOB_20260105T163218735313Z_OC7QFG562FGD;Active;S20250132;2026-01-05 16:32:18;
SOB_20260105T163218735455Z_RWWHB4I7RJGK;Active;S20250133;2026-01-05 16:32:18;
SOB_20260105T163218735596Z_QXHQO55NURCY;Active;S20250134;2026-01-05 16:32:18;
SOB_20260105T163218735737Z_XTYZ3N36YJFL;Active;S20250135;2026-01-05 16:32:18;
SOB_20260105T163218735887Z_NKKR2HUG4JDZ;Active;S20250136;2026-01-05 16:32:18;
SOB_20260105T163218736031Z_OYLZBSY7DFGT;Active;S20250137;2026-01-05 16:32:18;
SOB_20260105T163218736172Z_GX3FCUBIMJGN;Active;S20250138;2026-01-05 16:32:18;
SOB_20260105T163218736314Z_XH5HYEFR3BES;Active;S20250139;2026-01-05 16:32:18;
SOB_20260105T163218736459Z_WXIMS7PTOFDQ;Active;S20250140;2026-01-05 16:32:18;
SOB_20260105T163218736607Z_RJLBFXZUR5GL;Active;S20250141;2026-01-05 16:32:18;
SOB_20260105T163218736751Z_MW7OPTD2BNCA;Active;S20250142;2026-01-05 16:32:18;
SOB_20260105T163218736897Z_SB5U4KPRCFDP;Active;S20250143;2026-01-05 16:32:18;
SOB_20260105T163218737037Z_UKYRKP3BVFFN;Active;S20250144;2026-01-05 16:32:18;
SOB_20260105T163218737179Z_ZOWYZZNFABHX;Active;S20250145;2026-01-05 16:32:18;
SOB_20260105T163218737331Z_NHSQPUNEYZA5;Active;S20250146;2026-01-05 16:32:18;
SOB_20260105T163218737472Z_HNON2UFFQZAP;Active;S20250147;2026-01-05 16:32:18;
SOB_20260105T163218737613Z_OCIJKOP4RNEO;Active;S20250148;2026-01-05 16:32:18;
SOB_20260105T163218737757Z_BRY3U4U4BJDI;Active;S20250149;2026-01-05 16:32:18;
SOB_20260105T163218737916Z_7QYCQDX2ANAW;Active;S20250150;2026-01-05 16:32:18;
SOB_20260105T163218738056Z_SPRZ7FFYS5AL;Active;S20250151;2026-01-05 16:32:18;
SOB_20260105T163218738197Z_GW7E4QRWJVAN;Active;S20250152;2026-01-05 16:32:18;
SOB_20260105T163218738336Z_SBZL5MM2ZRBX;Active;S20250153;2026-01-05 16:32:18;
SOB_20260105T163218738477Z_MGPIDLYZQJGN;Active;S20250154;2026-01-05 16:32:18;
SOB_20260105T163218738627Z_KENKV6KH3JHM;Active;S20250155;2026-01-05 16:32:18;
SOB_20260105T163218738768Z_KYNAFEZQJFGQ;Active;S20250156;2026-01-05 16:32:18;
SOB_20260105T163218738910Z_FOXTXLV3FRH3;Active;S20250157;2026-01-05 16:32:18;
SOB_20260105T163218739047Z_45UBE2ITRBEE;Active;S20250158;2026-01-05 16:32:18;
SOB_20260105T163218739193Z_PUSHJ5DV4ZDL;Active;S20250159;2026-01-05 16:32:18;
SOB_20260105T163218739341Z_6S6OAEWV7RH4;Active;S20250160;2026-01-05 16:32:18;
SOB_20260105T163218739484Z_5R2AWPWORVFX;Active;S20250161;2026-01-05 16:32:18;
SOB_20260105T163218739629Z_CTMAHPK23NG2;Active;S20250162;2026-01-05 16:32:18;
SOB_20260105T163218739773Z_3PHC4JIUXFBQ;Active;S20250163;2026-01-05 16:32:18;
SOB_20260105T163218739915Z_ZPJQNKJSZNFV;Active;S20250164;2026-01-05 16:32:18;
SOB_20260105T163218740068Z_RMXMEUM72RHG;Active;S20250165;2026-01-05 16:32:18;
SOB_20260105T163218740211Z_I43SBKT5HZBI;Active;S20250166;2026-01-05 16:32:18;
SOB_20260105T163218740356Z_N3NXB24Q5ZDW;Active;S20250167;2026-01-05 16:32:18;
SOB_20260105T163218740501Z_UC4IKZBTQ5EA;Active;S20250168;2026-01-05 16:32:18;
SOB_20260105T163218740645Z_BYUF35664FFA;Active;S20250169;2026-01-05 16:32:18;
SOB_20260105T163218740795Z_DEMAAIFGG5HZ;Active;S20250170;2026-01-05 16:32:18;
SOB_20260105T163218740940Z_REPDNX5LIBFN;Active;S20250171;2026-01-05 16:32:18;
SOB_20260105T163218741089Z_SEGAKLQODNEI;Active;S20250172;2026-01-05 16:32:18;
SOB_20260105T163218741229Z_I5U6LKVEV5FZ;Active;S20250173;2026-01-05 16:32:18;
SOB_20260105T163218741384Z_X44DULTEXVFF;Active;S20250174;2026-01-05 16:32:18;
SOB_20260105T163218741533Z_RQCMC42XYNEZ;Active;S20250175;2026-01-05 16:32:18;
SOB_20260105T163218741676Z_GX7KWL3S3JCP;Active;S20250176;2026-01-05 16:32:18;
SOB_20260105T163218741818Z_LI3FWNTWXJCR;Active;S20250177;2026-01-05 16:32:18;
SOB_20260105T163218741960Z_YCMOHGKHN5CX;Active;S20250178;2026-01-05 16:32:18;
SOB_20260105T163218742098Z_AK3XEASCUZE3;Active;S20250179;2026-01-05 16:32:18;
SOB_20260105T163218742246Z_RQLZCIRG65BZ;Active;S20250180;2026-01-05 16:32:18;
SOB_20260105T163218742396Z_R3HTMBRKRBHR;Active;S20250181;2026-01-05 16:32:18;
SOB_20260105T163218742538Z_ZGRZCDYI6RFA;Active;S20250182;2026-01-05 16:32:18;
SOB_20260105T163218742680Z_ELSPYT37KFDJ;Active;S20250183;2026-01-05 16:32:18;
SOB_20260105T163218742826Z_PFRM5RVSONH6;Active;S20250184;2026-01-05 16:32:18;
SOB_20260105T163218742977Z_QNXZRQ2I6VAA;Active;S20250185;2026-01-05 16:32:18;
SOB_20260105T163218743217Z_ILWEFJ6ZXVCW;Active;S20250186;2026-01-05 16:32:18;
SOB_20260105T163218743374Z_Z53OOXCGGNH7;Active;S20250187;2026-01-05 16:32:18;
SOB_20260105T163218743520Z_V5ZVA4KE7ZFL;Active;S20250188;2026-01-05 16:32:18;
SOB_20260105T163218743666Z_T4MUMSUY5RH2;Active;S20250189;2026-01-05 16:32:18;
SOB_20260105T163218743815Z_PTHU3GZ6CZAO;Active;S20250190;2026-01-05 16:32:18;
SOB_20260105T163218743961Z_H3PXGYOC4JDH;Active;S20250191;2026-01-05 16:32:18;
SOB_20260105T163218744103Z_AKXFQMJ2PNG6;Active;S20250192;2026-01-05 16:32:18;
SOB_20260105T163218744267Z_22YU76RU6JD5;Active;S20250193;2026-01-05 16:32:18;
SOB_20260105T163218744416Z_BTYOA54GDBA6;Active;S20250194;2026-01-05 16:32:18;
SOB_20260105T163218744565Z_GVL63R6VL5FZ;Active;S20250195;2026-01-05 16:32:18;
SOB_20260105T163218744708Z_S7CWAXDRCNAT;Active;S20250196;2026-01-05 16:32:18;
SOB_20260105T163218744852Z_CKW3TGCKRZBQ;Active;S20250197;2026-01-05 16:32:18;
SOB_20260105T163218744995Z_K55O6QSFIBCV;Active;S20250198;2026-01-05 16:32:18;
SOB_20260105T163218745178Z_XT3EM6QY5VAI;Active;S20250199;2026-01-05 16:32:18;
SOB_20260105T163218745323Z_T3DZZLTT6VGQ;Active;S20250200;2026-01-05 16:32:18;
SOB_20260105T163218745467Z_TXYGQ6FDYVEH;Active;S20250201;2026-01-05 16:32:18;
SOB_20260105T163218745619Z_NUNEYZBW4ZFZ;Active;S20250202;2026-01-05 16:32:18;
SOB_20260105T163218745763Z_HDN2GRFTMBGM;Active;S20250203;2026-01-05 16:32:18;
SOB_20260105T163218745910Z_NUWWUG2AXNDZ;Active;S20250204;2026-01-05 16:32:18;
SOB_20260105T163218746051Z_QMFBA5ERHBD6;Active;S20250205;2026-01-05 16:32:18;
SOB_20260105T163218746197Z_S62JMINXOVH3;Active;S20250206;2026-01-05 16:32:18;
SOB_20260105T163218746341Z_2W4CW2GIPFEL;Active;S20250207;2026-01-05 16:32:18;
SOB_20260105T163218746481Z_SFJU7DR2EBGR;Active;S20250208;2026-01-05 16:32:18;
SOB_20260105T163218746630Z_FFHHY4GWJVHO;Active;S20250209;2026-01-05 16:32:18;
SOB_20260105T163218746775Z_YVTCWQDEQRBL;Active;S20250210;2026-01-05 16:32:18;
SOB_20260105T163218746924Z_77YT3A2SQRFT;Active;S20250211;2026-01-05 16:32:18;
SOB_20260105T163218747063Z_QZI4B34MQVHZ;Active;S20250212;2026-01-05 16:32:18;
SOB_20260105T163218747206Z_RL24HXIKWRGK;Active;S20250213;2026-01-05 16:32:18;
SOB_20260105T163218747665Z_NPTCBHZYMFEM;Active;S20250214;2026-01-05 16:32:18;
SOB_20260105T163218748373Z_OCE5VRWOVNDW;Active;S20250215;2026-01-05 16:32:18;
SOB_20260105T163218748905Z_FJ7QAQKWYFFA;Active;S20250216;2026-01-05 16:32:18;
SOB_20260105T163218749556Z_ORZ4Q5XW4NG6;Active;S20250217;2026-01-05 16:32:18;
SOB_20260105T163218749875Z_6BFUZFKAO5AX;Active;S20250218;2026-01-05 16:32:18;
SOB_20260105T163218750115Z_GVCDTMPKB5AY;Active;S20250219;2026-01-05 16:32:18;
SOB_20260105T163218750331Z_KGUZQVRU3RA7;Active;S20250220;2026-01-05 16:32:18;
SOB_20260105T163218750544Z_ZS2WOLPC2RHT;Active;S20250221;2026-01-05 16:32:18;
SOB_20260105T163218750759Z_EV3ES7ONFFB6;Active;S20250222;2026-01-05 16:32:18;
SOB_20260105T163218750963Z_K3AKL5RHFFF3;Active;S20250223;2026-01-05 16:32:18;
SOB_20260105T163218751173Z_22TWMCS7OZFP;Active;S20250224;2026-01-05 16:32:18;
SOB_20260105T163218751387Z_ULYINYX5TJAZ;Active;S20250225;2026-01-05 16:32:18;
SOB_20260105T163218751618Z_RMFZ2HOSCVCH;Active;S20250226;2026-01-05 16:32:18;
SOB_20260105T163218751851Z_M6CNQMT45FGW;Active;S20250227;2026-01-05 16:32:18;
SOB_20260105T163218752078Z_CJQSWAIEEVFA;Active;S20250228;2026-01-05 16:32:18;
SOB_20260105T163218752323Z_GVVEJ374RVH2;Active;S20250229;2026-01-05 16:32:18;
SOB_20260105T163218752547Z_7KQD3HE42BGV;Active;S20250230;2026-01-05 16:32:18;
SOB_20260105T163218752766Z_GWLHICWIOVHL;Active;S20250231;2026-01-05 16:32:18;
SOB_20260105T163218753004Z_3U5NVC4VG5CQ;Active;S20250232;2026-01-05 16:32:18;
SOB_20260105T163218753237Z_PFQJUENGNZAJ;Active;S20250233;2026-01-05 16:32:18;
SOB_20260105T163218753512Z_NQBRB5QA4BHE;Active;S20250234;2026-01-05 16:32:18;
SOB_20260105T163218753755Z_FSWXY5JESFDD;Active;S20250235;2026-01-05 16:32:18;
SOB_20260105T163218753988Z_5D4FRKA4LVBQ;Active;S20250236;2026-01-05 16:32:18;
SOB_20260105T163218754225Z_M4ZZBUAWM5CQ;Active;S20250237;2026-01-05 16:32:18;
SOB_20260105T163218754475Z_EOXFLJ4GNBEV;Active;S20250238;2026-01-05 16:32:18;
SOB_20260105T163218754700Z_KQR5SSB3WVCX;Active;S20250239;2026-01-05 16:32:18;
SOB_20260105T163218754924Z_5HYNB2VTHRBF;Active;S20250240;2026-01-05 16:32:18;
SOB_20260105T163218755153Z_3GJGPGCAL5CT;Active;S20250241;2026-01-05 16:32:18;
SOB_20260105T163218755385Z_WJ4E6AZWIRHF;Active;S20250242;2026-01-05 16:32:18;
SOB_20260105T163218755622Z_I5E3ELXIQRAM;Active;S20250243;2026-01-05 16:32:18;
SOB_20260105T163218755854Z_LZB6PP2DLZEL;Active;S20250244;2026-01-05 16:32:18;
SOB_20260105T163218756082Z_T5MN3NDTHJC6;Active;S20250245;2026-01-05 16:32:18;
SOB_20260105T163218756313Z_VGFAPZOH45H2;Active;S20250246;2026-01-05 16:32:18;
SOB_20260105T163218756544Z_RYHLS7LGIBGQ;Active;S20250247;2026-01-05 16:32:18;
SOB_20260105T163218756787Z_BEQG3UP2VRGS;Active;S20250248;2026-01-05 16:32:18;
SOB_20260105T163218757019Z_LPHJPPCPNRCR;Active;S20250249;2026-01-05 16:32:18;
SOB_20260105T163218757253Z_2B7S3JMDW5EB;Active;S20250250;2026-01-05 16:32:18;
SOB_20260105T163218757496Z_Y5BO7YCRARFV;Active;S20250251;2026-01-05 16:32:18;
SOB_20260105T163218757716Z_5PUHI2ZZZ5CG;Active;S20250252;2026-01-05 16:32:18;
SOB_20260105T163218757930Z_TPZ5OK33DBCE;Active;S20250253;2026-01-05 16:32:18;
SOB_20260105T163218758170Z_YPFLM63SYZDK;Active;S20250254;2026-01-05 16:32:18;
SOB_20260105T163218758378Z_AW2F5TZQBZEN;Active;S20250255;2026-01-05 16:32:18;
SOB_20260105T163218758593Z_LUSUQ6MLAJGL;Active;S20250256;2026-01-05 16:32:18;
SOB_20260105T163218758802Z_BP5SUGMVUZHM;Active;S20250257;2026-01-05 16:32:18;
SOB_20260105T163218759013Z_OXJJUA6CJJB3;Active;S20250258;2026-01-05 16:32:18;
SOB_20260105T163218759235Z_H45JVJQ7TNGS;Active;S20250259;2026-01-05 16:32:18;
SOB_20260105T163218759439Z_GMUVBPC7OFHW;Active;S20250260;2026-01-05 16:32:18;
SOB_20260105T163218759640Z_HTTQHMQ3RFFY;Active;S20250261;2026-01-05 16:32:18;
SOB_20260105T163218759836Z_KJTWGQKYRNB6;Active;S20250262;2026-01-05 16:32:18;
SOB_20260105T163218760036Z_3U4MFQY5S5ES;Active;S20250263;2026-01-05 16:32:18;
SOB_20260105T163218760235Z_XVG5G3CIAND6;Active;S20250264;2026-01-05 16:32:18;
SOB_20260105T163218760432Z_RP7ZKVBCPFET;Active;S20250265;2026-01-05 16:32:18;
SOB_20260105T163218760609Z_5H7KPXI7NBAI;Active;S20250266;2026-01-05 16:32:18;
SOB_20260105T163218760766Z_ZFJKJAJUTZBG;Active;S20250267;2026-01-05 16:32:18;
SOB_20260105T163218760919Z_LDILQSF3QFFK;Active;S20250268;2026-01-05 16:32:18;
SOB_20260105T163218761070Z_ZT4T6W3CDBDY;Active;S20250269;2026-01-05 16:32:18;
SOB_20260105T163218761245Z_3MPNH3PCAVEV;Active;S20250270;2026-01-05 16:32:18;
SOB_20260105T163218761411Z_RXGJWOTZYFFD;Active;S20250271;2026-01-05 16:32:18;
SOB_20260105T163218761562Z_CPVQSVP6RJB3;Active;S20250272;2026-01-05 16:32:18;
SOB_20260105T163218761720Z_2ELDRDMLJRDY;Active;S20250273;2026-01-05 16:32:18;
SOB_20260105T163218761869Z_K7JYDOF6Y5EG;Active;S20250274;2026-01-05 16:32:18;
SOB_20260105T163218762015Z_TBNMTNTBSVE6;Active;S20250275;2026-01-05 16:32:18;
SOB_20260105T163218762162Z_IEHFL5BEMJFV;Active;S20250276;2026-01-05 16:32:18;
SOB_20260105T163218762307Z_7OPDA4GXVFGV;Active;S20250277;2026-01-05 16:32:18;
SOB_20260105T163218762466Z_GMF5PY7VTVFO;Active;S20250278;2026-01-05 16:32:18;
SOB_20260105T163218762617Z_TJKHDKJBDZDQ;Active;S20250279;2026-01-05 16:32:18;
SOB_20260105T163218762764Z_L35OFHYMCVCE;Active;S20250280;2026-01-05 16:32:18;
SOB_20260105T163218762911Z_MPKMVRK3Z5A3;Active;S20250281;2026-01-05 16:32:18;
SOB_20260105T163218763056Z_PNJFO5AIENAW;Active;S20250282;2026-01-05 16:32:18;
SOB_20260105T163218763212Z_4HJBBEQE2RAP;Active;S20250283;2026-01-05 16:32:18;
SOB_20260105T163218763360Z_GATHLLYPFFA4;Active;S20250284;2026-01-05 16:32:18;
SOB_20260105T163218763508Z_KWRV3LGKCJA6;Active;S20250285;2026-01-05 16:32:18;
SOB_20260105T163218763659Z_AY5XXRYTPFCN;Active;S20250286;2026-01-05 16:32:18;
SOB_20260105T163218763813Z_43XRHAW3EVGV;Active;S20250287;2026-01-05 16:32:18;
SOB_20260105T163218763959Z_GO6BIMOHU5CN;Active;S20250288;2026-01-05 16:32:18;
SOB_20260105T163218764107Z_XQRO2PKIFBDX;Active;S20250289;2026-01-05 16:32:18;
SOB_20260105T163218764254Z_BGTD5TQ2XVH3;Active;S20250290;2026-01-05 16:32:18;
SOB_20260105T163218764402Z_XGURMWIR5VDO;Active;S20250291;2026-01-05 16:32:18;
SOB_20260105T163218764556Z_HBABGMDMMFF5;Active;S20250292;2026-01-05 16:32:18;
SOB_20260105T163218764703Z_DE3IKMHAJVFB;Active;S20250293;2026-01-05 16:32:18;
SOB_20260105T163218764847Z_CTRSF7G4WBAE;Active;S20250294;2026-01-05 16:32:18;
SOB_20260105T163218765017Z_U2YXMJZAONCL;Active;S20250295;2026-01-05 16:32:18;
SOB_20260105T163218765162Z_WVX25PFVRVFH;Active;S20250296;2026-01-05 16:32:18;
SOB_20260105T163218765309Z_OAV53QNY2JH4;Active;S20250297;2026-01-05 16:32:18;
SOB_20260105T163218765448Z_TJVTPUUVQZGC;Active;S20250298;2026-01-05 16:32:18;
SOB_20260105T163218765591Z_IP7I2YBATND7;Active;S20250299;2026-01-05 16:32:18;
SOB_20260105T163218765734Z_OEBG3BPARNEH;Active;S20250300;2026-01-05 16:32:18;
SOB_20260105T163218765877Z_XRX5XMJDCJHM;Active;S20250301;2026-01-05 16:32:18;
SOB_20260105T163218766025Z_3F2DMND4DVHH;Active;S20250302;2026-01-05 16:32:18;
SOB_20260105T163218766166Z_2DHCAUI2QFBP;Active;S20250303;2026-01-05 16:32:18;
SOB_20260105T163218766305Z_IKJ3WCNAO5G7;Active;S20250304;2026-01-05 16:32:18;
SOB_20260105T163218766452Z_UTQRDPAR7VFU;Active;S20250305;2026-01-05 16:32:18;
SOB_20260105T163218766592Z_PUZ3FCD7RRAS;Active;S20250306;2026-01-05 16:32:18;
SOB_20260105T163218766739Z_UWZX5MEFU5ES;Active;S20250307;2026-01-05 16:32:18;
SOB_20260105T163218766884Z_ICAVBAQE2ZGG;Active;S20250308;2026-01-05 16:32:18;
SOB_20260105T163218767026Z_VBTT3ISPCNAF;Active;S20250309;2026-01-05 16:32:18;
SOB_20260105T163218767190Z_KIOG4MTCSNAP;Active;S20250310;2026-01-05 16:32:18;
SOB_20260105T163218767336Z_UQEZHGMFAJFN;Active;S20250311;2026-01-05 16:32:18;
SOB_20260105T163218767486Z_VUROQ3ZG6JE2;Active;S20250312;2026-01-05 16:32:18;
SOB_20260105T163218767628Z_EDUI5S2BSNEI;Active;S20250313;2026-01-05 16:32:18;
SOB_20260105T163218767774Z_QYZ2ZBOP4RFM;Active;S20250314;2026-01-05 16:32:18;
SOB_20260105T163218767919Z_AH6FHIMYB5HG;Active;S20250315;2026-01-05 16:32:18;
SOB_20260105T163218768060Z_XMQJE4S54NEU;Active;S20250316;2026-01-05 16:32:18;
SOB_20260105T163218768207Z_AM6OPSXY35BO;Active;S20250317;2026-01-05 16:32:18;
SOB_20260105T163218768352Z_BYMKGQPBDFHO;Active;S20250318;2026-01-05 16:32:18;
SOB_20260105T163218768494Z_ODEY4YENXRCE;Active;S20250319;2026-01-05 16:32:18;
SOB_20260105T163218768637Z_56BVSRSSMJBQ;Active;S20250320;2026-01-05 16:32:18;
SOB_20260105T163218768780Z_UKS5RUOJX5CY;Active;S20250321;2026-01-05 16:32:18;
SOB_20260105T163218768931Z_I5TKNM47FRA6;Active;S20250322;2026-01-05 16:32:18;
SOB_20260105T163218769075Z_7STQ6FGXSNFK;Active;S20250323;2026-01-05 16:32:18;
SOB_20260105T163218769220Z_LQ2LZQGBV5HT;Active;S20250324;2026-01-05 16:32:18;
SOB_20260105T163218769361Z_RSOUBKTQBRE6;Active;S20250325;2026-01-05 16:32:18;
SOB_20260105T163218769506Z_YV3JAKI5V5B3;Active;S20250326;2026-01-05 16:32:18;
SOB_20260105T163218769656Z_UID7MSKGHJFC;Active;S20250327;2026-01-05 16:32:18;
SOB_20260105T163218769795Z_BPK57TKEMBCZ;Active;S20250328;2026-01-05 16:32:18;
SOB_20260105T163218769937Z_ACBW2B33EZBU;Active;S20250329;2026-01-05 16:32:18;
SOB_20260105T163218770082Z_ZNJQZXT2WVEM;Active;S20250330;2026-01-05 16:32:18;
SOB_20260105T163218770221Z_IKGG2HEMJBEP;Active;S20250331;2026-01-05 16:32:18;
SOB_20260105T163218770369Z_7ESXHUW56REJ;Active;S20250332;2026-01-05 16:32:18;
SOB_20260105T163218770511Z_GX5IULHIWJG4;Active;S20250333;2026-01-05 16:32:18;
SOB_20260105T163218770650Z_QCRWO4HOVBGG;Active;S20250334;2026-01-05 16:32:18;
SOB_20260105T163218770789Z_LFISIKTHNFAH;Active;S20250335;2026-01-05 16:32:18;
SOB_20260105T163218770940Z_HGH7MA4NQFFR;Active;S20250336;2026-01-05 16:32:18;
SOB_20260105T163218771088Z_R3QNBJDQ3ZFK;Active;S20250337;2026-01-05 16:32:18;
SOB_20260105T163218771232Z_FSPAIZVKHVGC;Active;S20250338;2026-01-05 16:32:18;
SOB_20260105T163218771374Z_HOCWML4LMZCX;Active;S20250339;2026-01-05 16:32:18;
SOB_20260105T163218771517Z_4BAC2YSKFVFK;Active;S20250340;2026-01-05 16:32:18;
SOB_20260105T163218771668Z_SN2KGIHFZNGL;Active;S20250341;2026-01-05 16:32:18;
SOB_20260105T163218771810Z_NFBXNIMQJNBO;Active;S20250342;2026-01-05 16:32:18;
SOB_20260105T163218771963Z_GFCQKQB6BNFP;Active;S20250343;2026-01-05 16:32:18;
SOB_20260105T163218772107Z_DVBOPUV5RJEM;Active;S20250344;2026-01-05 16:32:18;
SOB_20260105T163218772251Z_MXZFKSSVBBGT;Active;S20250345;2026-01-05 16:32:18;
SOB_20260105T163218772405Z_6AB54MFDENF5;Active;S20250346;2026-01-05 16:32:18;
SOB_20260105T163218772546Z_LGKUWTEGUJBZ;Active;S20250347;2026-01-05 16:32:18;
SOB_20260105T163218772687Z_LQJUZWIMIJDY;Active;S20250348;2026-01-05 16:32:18;
SOB_20260105T163218772829Z_RROPKI6XWND3;Active;S20250349;2026-01-05 16:32:18;
SOB_20260105T163218772972Z_SJXLEWGBVRHV;Active;S20250350;2026-01-05 16:32:18;
SOB_20260105T163218773118Z_NNLKXGYK5NGA;Active;S20250351;2026-01-05 16:32:18;
SOB_20260105T163218773261Z_UA2YXZ4P6JD7;Active;S20250352;2026-01-05 16:32:18;
SOB_20260105T163218773403Z_6FFVMIAVXFFA;Active;S20250353;2026-01-05 16:32:18;
SOB_20260105T163218773567Z_L5FJTBXJUVE3;Active;S20250354;2026-01-05 16:32:18;
SOB_20260105T163218773706Z_7M7XFIPFNFCA;Active;S20250355;2026-01-05 16:32:18;
SOB_20260105T163218773855Z_CES3MW7VHNA7;Active;S20250356;2026-01-05 16:32:18;
SOB_20260105T163218773994Z_FW624REYDNDF;Active;S20250357;2026-01-05 16:32:18;
SOB_20260105T163218774134Z_UMEG5GO6I5HC;Active;S20250358;2026-01-05 16:32:18;
SOB_20260105T163218774279Z_NZKXFAYLONBQ;Active;S20250359;2026-01-05 16:32:18;
SOB_20260105T163218774419Z_W7NZVXSQ7BD6;Active;S20250360;2026-01-05 16:32:18;
SOB_20260105T163218774565Z_6O2Y6KTJVFEV;Active;S20250361;2026-01-05 16:32:18;
SOB_20260105T163218774753Z_7BWPG3GTBNDX;Active;S20250362;2026-01-05 16:32:18;
SOB_20260105T163218774909Z_MRU5TE7HRNDM;Active;S20250363;2026-01-05 16:32:18;
SOB_20260105T163218775050Z_2JSWXWWSFFBN;Active;S20250364;2026-01-05 16:32:18;
SOB_20260105T163218775192Z_3CYDJ4ZZGFGP;Active;S20250365;2026-01-05 16:32:18;
SOB_20260105T163218775341Z_YMG5QBJJ2JHM;Active;S20250366;2026-01-05 16:32:18;
SOB_20260105T163218775489Z_WYSUP4N3OFHK;Active;S20250367;2026-01-05 16:32:18;
SOB_20260105T163218775636Z_DXQ2FENTDNH2;Active;S20250368;2026-01-05 16:32:18;
SOB_20260105T163218775778Z_DBM7QR6BOFGO;Active;S20250369;2026-01-05 16:32:18;
SOB_20260105T163218775922Z_KP4C7JSYTJAS;Active;S20250370;2026-01-05 16:32:18;
SOB_20260105T163218776074Z_6E6HV5EZJJGF;Active;S20250371;2026-01-05 16:32:18;
SOB_20260105T163218776235Z_NAORKFP36RGC;Active;S20250372;2026-01-05 16:32:18;
SOB_20260105T163218776382Z_FDYO4Q7LGVF7;Active;S20250373;2026-01-05 16:32:18;
SOB_20260105T163218776524Z_JKHF3VK2YZF4;Active;S20250374;2026-01-05 16:32:18;
SOB_20260105T163218776669Z_KEKM2YRXNZBB;Active;S20250375;2026-01-05 16:32:18;
SOB_20260105T163218776817Z_36BZUICZXJF3;Active;S20250376;2026-01-05 16:32:18;
SOB_20260105T163218776961Z_FIS7YJIXOJAE;Active;S20250377;2026-01-05 16:32:18;
SOB_20260105T163218777108Z_PWTJFKFGE5GQ;Active;S20250378;2026-01-05 16:32:18;
SOB_20260105T163218777251Z_KK6LOLHLDBDO;Active;S20250379;2026-01-05 16:32:18;
SOB_20260105T163218777395Z_6EPXGVPCZRC5;Active;S20250380;2026-01-05 16:32:18;
SOB_20260105T163218777548Z_RKP3PTPKJZGZ;Active;S20250381;2026-01-05 16:32:18;
SOB_20260105T163218777692Z_LLXXMLJ4K5C6;Active;S20250382;2026-01-05 16:32:18;
SOB_20260105T163218777833Z_4F2EZBJZTNHZ;Active;S20250383;2026-01-05 16:32:18;
SOB_20260105T163218777978Z_HWHSMGH2KNG4;Active;S20250384;2026-01-05 16:32:18;
SOB_20260105T163218778129Z_LC3UM7OHIZEX;Active;S20250385;2026-01-05 16:32:18;
SOB_20260105T163218778273Z_TPT54MY6QNGF;Active;S20250386;2026-01-05 16:32:18;
SOB_20260105T163218778419Z_5UM727EFZFGF;Active;S20250387;2026-01-05 16:32:18;
SOB_20260105T163218778564Z_7OYDCOK7H5CO;Active;S20250388;2026-01-05 16:32:18;
SOB_20260105T163218778702Z_SPQUV3AYTRHB;Active;S20250389;2026-01-05 16:32:18;
SOB_20260105T163218778852Z_2SH4H4WOVFH7;Active;S20250390;2026-01-05 16:32:18;
SOB_20260105T163218778994Z_JHVV5OJI45CC;Active;S20250391;2026-01-05 16:32:18;
SOB_20260105T163218779134Z_P2F46AUEEVCI;Active;S20250392;2026-01-05 16:32:18;
SOB_20260105T163218779273Z_XSFKRXYVBZD4;Active;S20250393;2026-01-05 16:32:18;
SOB_20260105T163218779417Z_VXEKYNBWQ5EH;Active;S20250394;2026-01-05 16:32:18;
SOB_20260105T163218779564Z_RQAM6N5SS5E6;Active;S20250395;2026-01-05 16:32:18;
SOB_20260105T163218779703Z_5W625AX6IJAC;Active;S20250396;2026-01-05 16:32:18;
SOB_20260105T163218779846Z_65M54EEUSJBV;Active;S20250397;2026-01-05 16:32:18;
SOB_20260105T163218779985Z_UDHHC3Q5BBG3;Active;S20250398;2026-01-05 16:32:18;
SOB_20260105T163218780129Z_SV5U2PJZGBF7;Active;S20250399;2026-01-05 16:32:18;
SOB_20260105T163218780277Z_I4J6AUIW55E4;Active;S20250400;2026-01-05 16:32:18;
SOB_20260105T163218780416Z_DKBWRQGWPVGY;Active;S20250401;2026-01-05 16:32:18;
SOB_20260105T163218780589Z_FDTUVAS42BA4;Active;S20250402;2026-01-05 16:32:18;
SOB_20260105T163218780753Z_YIMO2AXONVGW;Active;S20250403;2026-01-05 16:32:18;
SOB_20260105T163218780893Z_AJIGUVYVW5H6;Active;S20250404;2026-01-05 16:32:18;
SOB_20260105T163218781042Z_3TP77Z3VPBA4;Active;S20250405;2026-01-05 16:32:18;
SOB_20260105T163218781183Z_2MZOCCM2ZBGN;Active;S20250406;2026-01-05 16:32:18;
SOB_20260105T163218781326Z_NSFD6R2O5RHG;Active;S20250407;2026-01-05 16:32:18;
SOB_20260105T163218781472Z_FPL46SQMMJCC;Active;S20250408;2026-01-05 16:32:18;
SOB_20260105T163218781613Z_NNIIF6DOCVF4;Active;S20250409;2026-01-05 16:32:18;
SOB_20260105T163218781765Z_CTPSBX3SUJEW;Active;S20250410;2026-01-05 16:32:18;
SOB_20260105T163218781906Z_MPCWRGWCSVCX;Active;S20250411;2026-01-05 16:32:18;
SOB_20260105T163218782052Z_KM2T45BJABCE;Active;S20250412;2026-01-05 16:32:18;
SOB_20260105T163218782196Z_KSP6SNVV4NAV;Active;S20250413;2026-01-05 16:32:18;
SOB_20260105T163218782340Z_RKTNPEDJ4NGR;Active;S20250414;2026-01-05 16:32:18;
SOB_20260105T163218782487Z_SYGXELDFPNG6;Active;S20250415;2026-01-05 16:32:18;
SOB_20260105T163218782634Z_S2T47QUWZRCL;Active;S20250416;2026-01-05 16:32:18;
SOB_20260105T163218782778Z_3ON3KNRE6VFP;Active;S20250417;2026-01-05 16:32:18;
SOB_20260105T163218782920Z_YWNWY4563ZG6;Active;S20250418;2026-01-05 16:32:18;
SOB_20260105T163218783064Z_6AP5U2HVT5AD;Active;S20250419;2026-01-05 16:32:18;
SOB_20260105T163218783212Z_QN57P4KK7VCD;Active;S20250420;2026-01-05 16:32:18;
SOB_20260105T163218783356Z_H6UH36FDMZGS;Active;S20250421;2026-01-05 16:32:18;
SOB_20260105T163218783501Z_TDNRH4GLORBV;Active;S20250422;2026-01-05 16:32:18;
SOB_20260105T163218783643Z_2MPB2IIIANCV;Active;S20250423;2026-01-05 16:32:18;
SOB_20260105T163218783788Z_BST6UKGUVVFT;Active;S20250424;2026-01-05 16:32:18;
SOB_20260105T163218783938Z_OSXXUQKNDJD2;Active;S20250425;2026-01-05 16:32:18;
SOB_20260105T163218784083Z_5Z6ZWMSXRVBZ;Active;S20250426;2026-01-05 16:32:18;
SOB_20260105T163218784224Z_45AR7CC2VFEG;Active;S20250427;2026-01-05 16:32:18;
SOB_20260105T163218784364Z_YXNVI64GXBAP;Active;S20250428;2026-01-05 16:32:18;
SOB_20260105T163218784511Z_MBINQ5RPVZCH;Active;S20250429;2026-01-05 16:32:18;
SOB_20260105T163218784658Z_7AIGLPOI5FBK;Active;S20250430;2026-01-05 16:32:18;
SOB_20260105T163218784800Z_I5KZ6VFJ6RCX;Active;S20250431;2026-01-05 16:32:18;
SOB_20260105T163218784943Z_B7UZCDF5RNF4;Active;S20250432;2026-01-05 16:32:18;
SOB_20260105T163218785083Z_JPPJZEX7WNAD;Active;S20250433;2026-01-05 16:32:18;
SOB_20260105T163218785226Z_D36UFBFDUFBH;Active;S20250434;2026-01-05 16:32:18;
SOB_20260105T163218785373Z_SUL6PZAKUBB4;Active;S20250435;2026-01-05 16:32:18;
SOB_20260105T163218785511Z_SHQPVYHKRJA4;Active;S20250436;2026-01-05 16:32:18;
SOB_20260105T163218785650Z_QOKIBWRZR5BG;Active;S20250437;2026-01-05 16:32:18;
SOB_20260105T163218785791Z_OX7KCQXKJ5EW;Active;S20250438;2026-01-05 16:32:18;
SOB_20260105T163218785945Z_W4DZDX2UWFBA;Active;S20250439;2026-01-05 16:32:18;
SOB_20260105T163218786090Z_EW737LITMBDR;Active;S20250440;2026-01-05 16:32:18;
SOB_20260105T163218786234Z_JKVZNASDUFB6;Active;S20250441;2026-01-05 16:32:18;
SOB_20260105T163218786377Z_5VPORHCG7BGF;Active;S20250442;2026-01-05 16:32:18;
SOB_20260105T163218786520Z_WJPAOEASS5GF;Active;S20250443;2026-01-05 16:32:18;
SOB_20260105T163218786668Z_XHSIDHJOXBFH;Active;S20250444;2026-01-05 16:32:18;
SOB_20260105T163218786812Z_N4H3AA5KRFBX;Active;S20250445;2026-01-05 16:32:18;
SOB_20260105T163218786957Z_AL26LKM2EVEF;Active;S20250446;2026-01-05 16:32:18;
SOB_20260105T163218787100Z_KAXEK7ILBBHN;Active;S20250447;2026-01-05 16:32:18;
SOB_20260105T163218787246Z_B6KCGECUHVGI;Active;S20250448;2026-01-05 16:32:18;
SOB_20260105T163218787395Z_RQWB3LPGY5CB;Active;S20250449;2026-01-05 16:32:18;
SOB_20260105T163218787540Z_EY3UDSVNXRAF;Active;S20250450;2026-01-05 16:32:18;
SOB_20260105T163218787681Z_SDK26EGLBZBQ;Active;S20250451;2026-01-05 16:32:18;
SOB_20260105T163218787822Z_HHCIPRWZRRHT;Active;S20250452;2026-01-05 16:32:18;
SOB_20260105T163218787961Z_7OILVVLH7NF2;Active;S20250453;2026-01-05 16:32:18;
SOB_20260105T163218788110Z_ZROH5LQ3RJAL;Active;S20250454;2026-01-05 16:32:18;
SOB_20260105T163218788250Z_GG4RFLUQTFAP;Active;S20250455;2026-01-05 16:32:18;
SOB_20260105T163218788391Z_RIPQWSFBRZEO;Active;S20250456;2026-01-05 16:32:18;
SOB_20260105T163218788533Z_MVWKNTF2Z5BK;Active;S20250457;2026-01-05 16:32:18;
SOB_20260105T163218788697Z_VIUHDT73HRCG;Active;S20250458;2026-01-05 16:32:18;
SOB_20260105T163218788843Z_ETKFNMRF2VGS;Active;S20250459;2026-01-05 16:32:18;
SOB_20260105T163218788984Z_FHBQO45RSZCN;Active;S20250460;2026-01-05 16:32:18;
SOB_20260105T163218789126Z_UAGEYSIFS5CX;Active;S20250461;2026-01-05 16:32:18;
SOB_20260105T163218789265Z_OEH4KAKE5RFR;Active;S20250462;2026-01-05 16:32:18;
SOB_20260105T163218789403Z_36QC6OVLVRGV;Active;S20250463;2026-01-05 16:32:18;
SOB_20260105T163218789553Z_FGSNDC5ZJJF4;Active;S20250464;2026-01-05 16:32:18;
SOB_20260105T163218789695Z_J3G2CNGCVNH6;Active;S20250465;2026-01-05 16:32:18;
SOB_20260105T163218789839Z_YDL7PKXBSJDF;Active;S20250466;2026-01-05 16:32:18;
SOB_20260105T163218789981Z_EELCAD3U7NHM;Active;S20250467;2026-01-05 16:32:18;
SOB_20260105T163218790123Z_HIROAHMRVZBT;Active;S20250468;2026-01-05 16:32:18;
SOB_20260105T163218790268Z_FGFZI65MNJDI;Active;S20250469;2026-01-05 16:32:18;
SOB_20260105T163218790515Z_MBVJ7YBCUJB7;Active;S20250470;2026-01-05 16:32:18;
SOB_20260105T163218790677Z_A6RVMHH3FZDD;Active;S20250471;2026-01-05 16:32:18;
SOB_20260105T163218790828Z_AWBCGQO7LFBX;Active;S20250472;2026-01-05 16:32:18;
SOB_20260105T163218791030Z_3RWVVLLR5FBR;Active;S20250473;2026-01-05 16:32:18;
SOB_20260105T163218791195Z_QQ77PUWWPVC5;Active;S20250474;2026-01-05 16:32:18;
SOB_20260105T163218791343Z_L3DLW4EKD5HC;Active;S20250475;2026-01-05 16:32:18;
SOB_20260105T163218791498Z_JXD2ANY3LVC7;Active;S20250476;2026-01-05 16:32:18;
SOB_20260105T163218791641Z_FN7USP37OFCB;Active;S20250477;2026-01-05 16:32:18;
SOB_20260105T163218791785Z_DEZAMP5Q4FHT;Active;S20250478;2026-01-05 16:32:18;
SOB_20260105T163218791942Z_RBXYWZ4KHNDH;Active;S20250479;2026-01-05 16:32:18;
SOB_20260105T163218792092Z_RCDN57SVHJFN;Active;S20250480;2026-01-05 16:32:18;
SOB_20260105T163218792240Z_RUR5QMUC2NE4;Active;S20250481;2026-01-05 16:32:18;
SOB_20260105T163218792418Z_CPACMMLLP5D5;Active;S20250482;2026-01-05 16:32:18;
SOB_20260105T163218792610Z_QREDGQRQBVGR;Active;S20250483;2026-01-05 16:32:18;
SOB_20260105T163218792836Z_BN7MVCG6U5CE;Active;S20250484;2026-01-05 16:32:18;
SOB_20260105T163218792992Z_MLWH4EXVDNH3;Active;S20250485;2026-01-05 16:32:18;
SOB_20260105T163218793143Z_KF6VOKI7ERCW;Active;S20250486;2026-01-05 16:32:18;
SOB_20260105T163218793288Z_KK6RDTPHK5BN;Active;S20250487;2026-01-05 16:32:18;
SOB_20260105T163218793440Z_XNE6DQPBHZBE;Active;S20250488;2026-01-05 16:32:18;
SOB_20260105T163218793591Z_AAIBI3ZMBZDC;Active;S20250489;2026-01-05 16:32:18;
SOB_20260105T163218793740Z_Z4PMJIFWPRCA;Active;S20250490;2026-01-05 16:32:18;
SOB_20260105T163218793887Z_M7OYZQ6ARJEF;Active;S20250491;2026-01-05 16:32:18;
SOB_20260105T163218794036Z_LUEQNKPDXZEF;Active;S20250492;2026-01-05 16:32:18;
SOB_20260105T163218794189Z_2KGUNLWKGBDI;Active;S20250493;2026-01-05 16:32:18;
SOB_20260105T163218794333Z_OYO26DVN2BHK;Active;S20250494;2026-01-05 16:32:18;
SOB_20260105T163218794479Z_URDQFHV2WRH2;Active;S20250495;2026-01-05 16:32:18;
SOB_20260105T163218794623Z_K5PVVQNM2VAU;Active;S20250496;2026-01-05 16:32:18;
SOB_20260105T163218794768Z_UMQD5PX6FVBB;Active;S20250497;2026-01-05 16:32:18;
SOB_20260105T163218794923Z_FTRPBVM5AVA2;Active;S20250498;2026-01-05 16:32:18;
SOB_20260105T163218795071Z_Y2D72GAXW5AC;Active;S20250499;2026-01-05 16:32:18;
SOB_20260105T163218795216Z_YVPDU7QYF5AH;Active;S20250500;2026-01-05 16:32:18;
