Assignment_ID;DB_Status;DB_Status_Date_Active;DB_Status_Date_Inactive
AID_20260105T163625270297Z_NNPV5LC3NRFQ;Active;05-01-2026 16:36;
AID_20260105T163625288205Z_KLCAVB6GCNAS;Active;05-01-2026 16:36;
AID_20260105T163625305971Z_SMQNL2MKKZBK;Active;05-01-2026 16:36;
AID_20260105T163625323863Z_JBMPWX6WZJAG;Active;05-01-2026 16:36;
AID_20260105T163625339455Z_IEMNDBFMTBC7;Active;05-01-2026 16:36;
AID_20260105T163625358106Z_IC67ZAIKZZAG;Active;05-01-2026 16:36;
AID_20260105T163625413225Z_FDI6AX5JANF3;Active;05-01-2026 16:36;
AID_20260105T163625439654Z_3F6XEIK2D5BA;Active;05-01-2026 16:36;
AID_20260105T163625463478Z_SKDMHD4KZREY;Active;05-01-2026 16:36;
AID_20260105T163625482044Z_EAI47LGGTJH5;Active;05-01-2026 16:36;
AID_20260105T163625498869Z_WK56QOC6ONBO;Active;05-01-2026 16:36;
AID_20260105T163625517894Z_WOJFFWBNHJFP;Active;05-01-2026 16:36;
AID_20260105T163625535001Z_MT5XAKCO5FEA;Active;05-01-2026 16:36;
AID_20260105T163625550245Z_6ERTM6LJOFBE;Active;05-01-2026 16:36;
AID_20260105T163625566778Z_TLHH54NY6FH7;Active;05-01-2026 16:36;
AID_20260105T163625587169Z_B27HBP4YT5AI;Active;05-01-2026 16:36;
AID_20260105T163625608700Z_G536X6WCQNHK;Active;05-01-2026 16:36;
AID_20260105T163625627978Z_WSA5B5WDD5CP;Active;05-01-2026 16:36;
AID_20260105T163625645923Z_J4HYV6TKPZHG;Active;05-01-2026 16:36;
AID_20260105T163625671296Z_NHGYVWACHZHO;Active;05-01-2026 16:36;
AID_20260105T163625694594Z_IUAFJ56QHRGG;Active;05-01-2026 16:36;
AID_20260105T163625722180Z_IKQYOXRCV5GO;Active;05-01-2026 16:36;
AID_20260105T163625742656Z_2UIRZZQFIFFH;Active;05-01-2026 16:36;
AID_20260105T163625770069Z_VFWRBBFFNNHK;Active;05-01-2026 16:36;
AID_20260105T163625791173Z_UIVON6EAEZES;Active;05-01-2026 16:36;
AID_20260105T163625814586Z_ERKZWMWAL5H7;Active;05-01-2026 16:36;
AID_20260105T163625836522Z_J76UHLVTRZHE;Active;05-01-2026 16:36;
AID_20260105T163625864058Z_5B6MRSWJYBG2;Active;05-01-2026 16:36;
AID_20260105T163625885427Z_CREAW2AJVVAE;Active;05-01-2026 16:36;
AID_20260105T163625910449Z_LVUBQ5BEXBDL;Active;05-01-2026 16:36;
AID_20260105T163625935024Z_JBDSQZU6URBY;Active;05-01-2026 16:36;
AID_20260105T163625960176Z_WUOFJVLW7JCT;Active;05-01-2026 16:36;
AID_20260105T163625982003Z_62YSPX66GNFT;Active;05-01-2026 16:36;
AID_20260105T163626006494Z_CMA4SDMAAVD4;Active;05-01-2026 16:36;
AID_20260105T163626026713Z_SANKZ7CVJZDI;Active;05-01-2026 16:36;
AID_20260105T163626051396Z_SBXQRJ6IYRF4;Active;05-01-2026 16:36;
AID_20260105T163626072934Z_FHSDBS4PW5EK;Active;05-01-2026 16:36;
AID_20260105T163626098635Z_A65YHSN6IRBR;Active;05-01-2026 16:36;
AID_20260105T163626125101Z_44XSW5KTYBCY;Active;05-01-2026 16:36;
AID_20260105T163626148837Z_4PYB4GUQ2BBH;Active;05-01-2026 16:36;
AID_20260105T163626170128Z_BLPU5KUOWZCH;Active;05-01-2026 16:36;
AID_20260105T163626192951Z_KRLNSIF2RVF7;Active;05-01-2026 16:36;
AID_20260105T163626212226Z_W47W3P5OXZCW;Active;05-01-2026 16:36;
AID_20260105T163626237449Z_R6CL4X5SKJAZ;Active;05-01-2026 16:36;
AID_20260105T163626261327Z_H6QAC54NUBAO;Active;05-01-2026 16:36;
AID_20260105T163626294854Z_SO3DDH6DVVH5;Active;05-01-2026 16:36;
AID_20260105T163626325250Z_7IICYWLU4BCW;Active;05-01-2026 16:36;
AID_20260105T163626352195Z_ZNSN7WNSONAU;Active;05-01-2026 16:36;
AID_20260105T163626380367Z_6NHAUARK7JHY;Active;05-01-2026 16:36;
AID_20260105T163626402204Z_KN4SPUFF3BEJ;Active;05-01-2026 16:36;
AID_20260105T163626427662Z_ZUOHHJ7A6FHL;Active;05-01-2026 16:36;
AID_20260105T163626449774Z_U43FGNCQZBA6;Active;05-01-2026 16:36;
AID_20260105T163626478379Z_OOTUZSEM65C2;Active;05-01-2026 16:36;
AID_20260105T163626504704Z_6FIMZGFXXBH2;Active;05-01-2026 16:36;
AID_20260105T163626530640Z_ISXTJ3OQ6RET;Active;05-01-2026 16:36;
AID_20260105T163626555997Z_Q2ZNYEGEDZAY;Active;05-01-2026 16:36;
AID_20260105T163626579859Z_Q2ZELFIIPRC3;Active;05-01-2026 16:36;
AID_20260105T163626607924Z_PPONEKTIMZGQ;Active;05-01-2026 16:36;
AID_20260105T163626635950Z_5B7725F3IZDI;Active;05-01-2026 16:36;
AID_20260105T163626658285Z_OMC3V5X7WZB2;Active;05-01-2026 16:36;
AID_20260105T163626686569Z_OZ6KM7FEJVDF;Active;05-01-2026 16:36;
AID_20260105T163626716599Z_ONNPDER6MZH5;Active;05-01-2026 16:36;
AID_20260105T163626751580Z_NDUSTVYU3ZEH;Active;05-01-2026 16:36;
AID_20260105T163626782988Z_XIKWTJW2ZJFR;Active;05-01-2026 16:36;
AID_20260105T163626813972Z_PHIJPZFBLFDB;Active;05-01-2026 16:36;
AID_20260105T163626842169Z_NUCTLDNRCJHJ;Active;05-01-2026 16:36;
AID_20260105T163626871570Z_35L4I7VIYRAA;Active;05-01-2026 16:36;
AID_20260105T163626900501Z_GS2GAA2WPRCP;Active;05-01-2026 16:36;
AID_20260105T163626929923Z_NJI42QEPGFFB;Active;05-01-2026 16:36;
AID_20260105T163626957703Z_K6EHTNN36JAS;Active;05-01-2026 16:36;
AID_20260105T163626987643Z_BNOEHJUJN5E7;Active;05-01-2026 16:36;
AID_20260105T163627014802Z_DPXFYFS2ANAW;Active;05-01-2026 16:36;
AID_20260105T163627042687Z_U42L7T623JG7;Active;05-01-2026 16:36;
AID_20260105T163627071852Z_GATISN2BNNGP;Active;05-01-2026 16:36;
AID_20260105T163627100009Z_URXNGQJUOBFJ;Active;05-01-2026 16:36;
AID_20260105T163627133464Z_C4Z6FWR77FBP;Active;05-01-2026 16:36;
AID_20260105T163627163609Z_RAQSQHYDYZCZ;Active;05-01-2026 16:36;
AID_20260105T163627193435Z_NMYCTRPBYRAU;Active;05-01-2026 16:36;
AID_20260105T163627225169Z_SHQ4XKF3B5EM;Active;05-01-2026 16:36;
AID_20260105T163627255325Z_7SZUEFAUVBB7;Active;05-01-2026 16:36;
AID_20260105T163627338571Z_IHCKFKZR6JEE;Active;05-01-2026 16:36;
AID_20260105T163627378922Z_V6ZOHDTSIVCB;Active;05-01-2026 16:36;
AID_20260105T163627410845Z_XJUL4CAK5ZGC;Active;05-01-2026 16:36;
AID_20260105T163627441504Z_PEH4E574MVEJ;Active;05-01-2026 16:36;
AID_20260105T163627472288Z_3DLPZEUW5ZBA;Active;05-01-2026 16:36;
AID_20260105T163627499852Z_SYJZ5DNDPZDK;Active;05-01-2026 16:36;
AID_20260105T163627536946Z_XESYYDUQJJDK;Active;05-01-2026 16:36;
AID_20260105T163627567584Z_HCTO6JWWCBD3;Active;05-01-2026 16:36;
AID_20260105T163627598886Z_BCQ6EX5NCVFM;Active;05-01-2026 16:36;
AID_20260105T163627631708Z_PAZZL2263NEM;Active;05-01-2026 16:36;
AID_20260105T163627664942Z_DE6COM7YCJHV;Active;05-01-2026 16:36;
AID_20260105T163627700384Z_DMCNJPQYSRE3;Active;05-01-2026 16:36;
AID_20260105T163627734466Z_U5DJ6GLAFVFI;Active;05-01-2026 16:36;
AID_20260105T163627768387Z_IONBVHEJFRCN;Active;05-01-2026 16:36;
AID_20260105T163627799037Z_TCAXCB4BZRC6;Active;05-01-2026 16:36;
AID_20260105T163627834945Z_CKBSK6W6NRCI;Active;05-01-2026 16:36;
AID_20260105T163627886887Z_NIUQL64A3BDR;Active;05-01-2026 16:36;
AID_20260105T163627933265Z_ACTFRABYSVAW;Active;05-01-2026 16:36;
AID_20260105T163627976008Z_SBWZ2CPSBRDQ;Active;05-01-2026 16:36;
AID_20260105T163628023225Z_6KM3N37IAVBJ;Active;05-01-2026 16:36;
AID_20260105T163628068613Z_GJ64T7SWUFFH;Active;05-01-2026 16:36;
AID_20260105T163628110388Z_M43HPOY6WBGF;Active;05-01-2026 16:36;
AID_20260105T163628157114Z_DF3DRFGSAFHS;Active;05-01-2026 16:36;
AID_20260105T163628197435Z_CZMM7FH3ZFCF;Active;05-01-2026 16:36;
AID_20260105T163628233897Z_N6CG4KKLFFD2;Active;05-01-2026 16:36;
AID_20260105T163628272841Z_LYNSECYYZ5EH;Active;05-01-2026 16:36;
AID_20260105T163628309963Z_ZC7GJRJGDFFZ;Active;05-01-2026 16:36;
AID_20260105T163628350102Z_W57SJ6OJVVCP;Active;05-01-2026 16:36;
AID_20260105T163628389214Z_EXZ4MCGJAZC6;Active;05-01-2026 16:36;
AID_20260105T163628426168Z_QB4YPI57O5EB;Active;05-01-2026 16:36;
AID_20260105T163628467549Z_ERPEPUKH2REP;Active;05-01-2026 16:36;
AID_20260105T163628506741Z_77MFRJIVBZEQ;Active;05-01-2026 16:36;
AID_20260105T163628544052Z_SEC6VBVBJ5DD;Active;05-01-2026 16:36;
AID_20260105T163628583106Z_GROKD4L5WZDE;Active;05-01-2026 16:36;
AID_20260105T163628621223Z_U5FWSAQEEVCT;Active;05-01-2026 16:36;
AID_20260105T163628667533Z_MUSHRGN7QVCW;Active;05-01-2026 16:36;
AID_20260105T163628707598Z_T3REUYHXVRCA;Active;05-01-2026 16:36;
AID_20260105T163628743411Z_ST7P6VNEVNCF;Active;05-01-2026 16:36;
AID_20260105T163628782517Z_VO2ULACU2RFH;Active;05-01-2026 16:36;
AID_20260105T163628821338Z_BDAXWKWBHJH7;Active;05-01-2026 16:36;
AID_20260105T163628863707Z_KF26KLPBRNAK;Active;05-01-2026 16:36;
AID_20260105T163628906605Z_ZPTV7HRJPNAH;Active;05-01-2026 16:36;
AID_20260105T163628945200Z_QHE2MXLM2FGH;Active;05-01-2026 16:36;
AID_20260105T163628983858Z_7TKR7LUEOBB3;Active;05-01-2026 16:36;
AID_20260105T163629079788Z_CEN7N5N5LFGZ;Active;05-01-2026 16:36;
AID_20260105T163629122013Z_QY6WEVWTFJCB;Active;05-01-2026 16:36;
AID_20260105T163629159781Z_Z53OG6P4YJFD;Active;05-01-2026 16:36;
AID_20260105T163629199540Z_GKG6IUWCFBA3;Active;05-01-2026 16:36;
AID_20260105T163629241831Z_35ABO4MFSFCL;Active;05-01-2026 16:36;
AID_20260105T163629284539Z_SNVAEDZMI5GH;Active;05-01-2026 16:36;
AID_20260105T163629327157Z_YU3DD2G5CJHV;Active;05-01-2026 16:36;
AID_20260105T163629370066Z_FAYKGTA52NFV;Active;05-01-2026 16:36;
AID_20260105T163629412584Z_FQY4GHVPEJH4;Active;05-01-2026 16:36;
AID_20260105T163629454489Z_G6RCM74KMFCZ;Active;05-01-2026 16:36;
AID_20260105T163629496252Z_BQENFOWO2RCW;Active;05-01-2026 16:36;
AID_20260105T163629538437Z_BSO2XFWUHBDP;Active;05-01-2026 16:36;
AID_20260105T163629577811Z_G4WBCUV6RZCG;Active;05-01-2026 16:36;
AID_20260105T163629624317Z_PPNNMC4KT5BD;Active;05-01-2026 16:36;
AID_20260105T163629667352Z_CIB4MTQBM5BU;Active;05-01-2026 16:36;
AID_20260105T163629707886Z_NZ3CPI3LRJFN;Active;05-01-2026 16:36;
AID_20260105T163629751629Z_DNOBF2A2G5DL;Active;05-01-2026 16:36;
AID_20260105T163629793854Z_ANT3XNUROJBG;Active;05-01-2026 16:36;
AID_20260105T163629839408Z_GY3JXYAMAZFC;Active;05-01-2026 16:36;
AID_20260105T163629882962Z_MCJ55CFWE5EP;Active;05-01-2026 16:36;
AID_20260105T163629924086Z_IK6HOECK3RCP;Active;05-01-2026 16:36;
AID_20260105T163629966941Z_GK2RXIWFSJHP;Active;05-01-2026 16:36;
AID_20260105T163630015543Z_BPZ42FHJ2VCD;Active;05-01-2026 16:36;
AID_20260105T163630057579Z_XJCKDIO3GFHQ;Active;05-01-2026 16:36;
AID_20260105T163630104988Z_6KYY2VJ6I5ES;Active;05-01-2026 16:36;
AID_20260105T163630150849Z_E2TAFW3N4RC4;Active;05-01-2026 16:36;
AID_20260105T163630200133Z_AE2LQBF7OFE2;Active;05-01-2026 16:36;
AID_20260105T163630246172Z_UMKK2R7PUFDT;Active;05-01-2026 16:36;
AID_20260105T163630291814Z_3XNIAZ53HZAN;Active;05-01-2026 16:36;
AID_20260105T163630339517Z_QZJB6TE7F5DB;Active;05-01-2026 16:36;
AID_20260105T163630387201Z_V4GKJWPVONDW;Active;05-01-2026 16:36;
AID_20260105T163630433988Z_PZPND2RUPZEV;Active;05-01-2026 16:36;
AID_20260105T163630481453Z_RDR3RQMLCJGB;Active;05-01-2026 16:36;
AID_20260105T163630527385Z_EGBQOFIIXRCI;Active;05-01-2026 16:36;
AID_20260105T163630582782Z_XTLEO7CKTJFH;Active;05-01-2026 16:36;
AID_20260105T163630636902Z_WX3TIQD5KVFD;Active;05-01-2026 16:36;
AID_20260105T163630694135Z_USQ2ORJNE5DK;Active;05-01-2026 16:36;
AID_20260105T163630806125Z_NTP63H2P6RHB;Active;05-01-2026 16:36;
AID_20260105T163630856630Z_ZOFG32J44JFS;Active;05-01-2026 16:36;
AID_20260105T163630906199Z_DSYCGAS7F5GR;Active;05-01-2026 16:36;
AID_20260105T163630955945Z_QQRP6UQNPVHR;Active;05-01-2026 16:36;
AID_20260105T163631004510Z_4ODKOAQ4CBHW;Active;05-01-2026 16:36;
AID_20260105T163631057085Z_7DYO7N7YCNC4;Active;05-01-2026 16:36;
AID_20260105T163631109809Z_EFOZPFJ47NEW;Active;05-01-2026 16:36;
AID_20260105T163631162850Z_TCMH6MMDRNH3;Active;05-01-2026 16:36;
AID_20260105T163631220796Z_DO6RIPCV3NFN;Active;05-01-2026 16:36;
AID_20260105T163631277474Z_42HNNXVNZ5GU;Active;05-01-2026 16:36;
AID_20260105T163631334667Z_RWBVMNAOJZGD;Active;05-01-2026 16:36;
AID_20260105T163631387476Z_CARHEGTBKRDR;Active;05-01-2026 16:36;
AID_20260105T163631441296Z_HEY2BG6GBFCF;Active;05-01-2026 16:36;
AID_20260105T163631492530Z_TYWQYVJ2JBFE;Active;05-01-2026 16:36;
AID_20260105T163631543289Z_ASGD6PG2FRFY;Active;05-01-2026 16:36;
AID_20260105T163631592066Z_RA3VWIPXMRDA;Active;05-01-2026 16:36;
AID_20260105T163631639626Z_RU5ACW7XERCC;Active;05-01-2026 16:36;
AID_20260105T163631690528Z_JL7Q6A5FT5CW;Active;05-01-2026 16:36;
AID_20260105T163631744678Z_QZJUQDVPNZHS;Active;05-01-2026 16:36;
AID_20260105T163631811857Z_RTYQIMUN3ZHM;Active;05-01-2026 16:36;
AID_20260105T163631876020Z_FBF56V3DSBHV;Active;05-01-2026 16:36;
AID_20260105T163631933642Z_23CZBDCTFFH4;Active;05-01-2026 16:36;
AID_20260105T163631985467Z_H3OHNQMZDBGR;Active;05-01-2026 16:36;
AID_20260105T163632039472Z_4PSZOPJCIJA4;Active;05-01-2026 16:36;
AID_20260105T163632093855Z_EKUE3GUDVFGG;Active;05-01-2026 16:36;
AID_20260105T163632145590Z_EV7AJNJKNNBH;Active;05-01-2026 16:36;
AID_20260105T163632197739Z_UM5PB5NLXNHS;Active;05-01-2026 16:36;
AID_20260105T163632248910Z_MVE7CECARNEK;Active;05-01-2026 16:36;
AID_20260105T163632302273Z_FVGMPE4QXZGS;Active;05-01-2026 16:36;
AID_20260105T163632353823Z_3UXSAUDQ4NDJ;Active;05-01-2026 16:36;
AID_20260105T163632450683Z_ZK6EA2LUCVEI;Active;05-01-2026 16:36;
AID_20260105T163632527874Z_UF4SKXQAXNGF;Active;05-01-2026 16:36;
AID_20260105T163632580522Z_2MOWUQDSWRGX;Active;05-01-2026 16:36;
AID_20260105T163632634013Z_Y3N7HGTANJEB;Active;05-01-2026 16:36;
AID_20260105T163632700371Z_QGLLQMYGZ5ER;Active;05-01-2026 16:36;
AID_20260105T163632784540Z_SAIJUBTRGVBF;Active;05-01-2026 16:36;
AID_20260105T163632845862Z_FXSAPQVPEZD6;Active;05-01-2026 16:36;
AID_20260105T163632903574Z_JRDY26YJ4RGI;Active;05-01-2026 16:36;
AID_20260105T163632959052Z_DCY2OQITUBHP;Active;05-01-2026 16:36;
AID_20260105T163633016376Z_6SKNLVEVUVGG;Active;05-01-2026 16:36;
AID_20260105T163633070928Z_6AJXAC6QCZEO;Active;05-01-2026 16:36;
AID_20260105T163633133230Z_QWH2TTF2L5AZ;Active;05-01-2026 16:36;
AID_20260105T163633186064Z_6JAD2SNPHVB5;Active;05-01-2026 16:36;
AID_20260105T163633242303Z_FPHAG233T5ER;Active;05-01-2026 16:36;
AID_20260105T163633296204Z_BJAJT6RGBJHG;Active;05-01-2026 16:36;
AID_20260105T163633349851Z_J4NF46S35JHS;Active;05-01-2026 16:36;
AID_20260105T163633464133Z_HAVEFNBUDJFI;Active;05-01-2026 16:36;
AID_20260105T163633520202Z_GWJ6IWZWUZB6;Active;05-01-2026 16:36;
AID_20260105T163633577052Z_DAA6UI3UCVFV;Active;05-01-2026 16:36;
AID_20260105T163633633791Z_6C3XCTYOW5HM;Active;05-01-2026 16:36;
AID_20260105T163633691315Z_ZRJJAMDLONE2;Active;05-01-2026 16:36;
AID_20260105T163633750638Z_NTRTHJUA2NA3;Active;05-01-2026 16:36;
AID_20260105T163633811052Z_LEMIKLAVKRF6;Active;05-01-2026 16:36;
AID_20260105T163633873551Z_N72NU2LMW5HG;Active;05-01-2026 16:36;
AID_20260105T163633935897Z_UMTZV2VVQVEI;Active;05-01-2026 16:36;
AID_20260105T163633993151Z_R2XDGEVKHVE6;Active;05-01-2026 16:36;
AID_20260105T163634048216Z_7MPUMJW6HVAS;Active;05-01-2026 16:36;
AID_20260105T163634106691Z_WFKWKE7FGVAJ;Active;05-01-2026 16:36;
AID_20260105T163634167394Z_MF2I7RAZSJEQ;Active;05-01-2026 16:36;
AID_20260105T163634224527Z_573SFSA6Q5DF;Active;05-01-2026 16:36;
AID_20260105T163634286294Z_CPVTWUPQOREU;Active;05-01-2026 16:36;
AID_20260105T163634346100Z_PUGJ7ZM44FBZ;Active;05-01-2026 16:36;
AID_20260105T163634409811Z_RCFKYAWFSBEL;Active;05-01-2026 16:36;
AID_20260105T163634466637Z_XLJRSWRXXFDY;Active;05-01-2026 16:36;
AID_20260105T163634526364Z_AFEEBKEDKJHX;Active;05-01-2026 16:36;
AID_20260105T163634586862Z_OE6K6XGBMRFZ;Active;05-01-2026 16:36;
AID_20260105T163634653728Z_TSFERP3HNBAO;Active;05-01-2026 16:36;
AID_20260105T163634715195Z_WZHCWTIJGJA7;Active;05-01-2026 16:36;
AID_20260105T163634777388Z_UP4JKAH4AFEQ;Active;05-01-2026 16:36;
AID_20260105T163634840604Z_75K535ZBZRBR;Active;05-01-2026 16:36;
AID_20260105T163634907115Z_GTDVJTCEVRF2;Active;05-01-2026 16:36;
AID_20260105T163634969987Z_AHDOZKGNFNAV;Active;05-01-2026 16:36;
AID_20260105T163635087021Z_YVB4E7KCBZGN;Active;05-01-2026 16:36;
AID_20260105T163635156286Z_MZMCRP75KNBO;Active;05-01-2026 16:36;
AID_20260105T163635220367Z_DMHH2SBIG5DO;Active;05-01-2026 16:36;
AID_20260105T163635283082Z_EXJJEMNFMZAG;Active;05-01-2026 16:36;
AID_20260105T163635345214Z_SQPNBAEEGRFU;Active;05-01-2026 16:36;
AID_20260105T163635409167Z_BROHNCUUABCF;Active;05-01-2026 16:36;
AID_20260105T163635471782Z_665Z5EE7HZAV;Active;05-01-2026 16:36;
AID_20260105T163635536989Z_DXSRPZL6EZFT;Active;05-01-2026 16:36;
AID_20260105T163635603199Z_R3UJJLGS4NE5;Active;05-01-2026 16:36;
AID_20260105T163635667679Z_UTDZCW7C5VA3;Active;05-01-2026 16:36;
AID_20260105T163635734888Z_6ZXKYDTQY5DI;Active;05-01-2026 16:36;
AID_20260105T163635801131Z_DLSVQBV5Y5AM;Active;05-01-2026 16:36;
AID_20260105T163635866571Z_7TNMIXB3GFB3;Active;05-01-2026 16:36;
AID_20260105T163635930783Z_CZEEFHK43ZEG;Active;05-01-2026 16:36;
AID_20260105T163635993861Z_XDUJFUJBMFBZ;Active;05-01-2026 16:36;
AID_20260105T163636059444Z_IMS6NZBK7BFG;Active;05-01-2026 16:36;
AID_20260105T163636125809Z_MHI5AKHZRJAN;Active;05-01-2026 16:36;
AID_20260105T163636196608Z_G5KQQCRVCVB2;Active;05-01-2026 16:36;
AID_20260105T163636265348Z_NBEZ4EIC2JHD;Active;05-01-2026 16:36;
AID_20260105T163636329208Z_2N24DCGKK5FX;Active;05-01-2026 16:36;
AID_20260105T163636399539Z_LUCV4ZJYVJDY;Active;05-01-2026 16:36;
AID_20260105T163636464218Z_HP5CQPWBLNH6;Active;05-01-2026 16:36;
AID_20260105T163636531478Z_RE2ENAQE4NFK;Active;05-01-2026 16:36;
AID_20260105T163636598732Z_SPCJICGZ7JBZ;Active;05-01-2026 16:36;
AID_20260105T163636706078Z_KPSJQPXVTJHM;Active;05-01-2026 16:36;
AID_20260105T163636796161Z_MI2FPG5CHRHR;Active;05-01-2026 16:36;
AID_20260105T163636868510Z_EW4ZW5FXMRDC;Active;05-01-2026 16:36;
AID_20260105T163636942106Z_7RBIMKRBTRD6;Active;05-01-2026 16:36;
AID_20260105T163637019829Z_KS34ANFVEJHE;Active;05-01-2026 16:36;
AID_20260105T163637087759Z_BX7I5TKGJBB7;Active;05-01-2026 16:36;
AID_20260105T163637159720Z_SWBE3ZLRIJAB;Active;05-01-2026 16:36;
AID_20260105T163637228598Z_2YEDPNMRVFBV;Active;05-01-2026 16:36;
AID_20260105T163637294528Z_UDDLGUMTLZGM;Active;05-01-2026 16:36;
AID_20260105T163637360982Z_XUBAJ4JTV5FT;Active;05-01-2026 16:36;
AID_20260105T163637430587Z_IBN75AE5JZBN;Active;05-01-2026 16:36;
AID_20260105T163637496914Z_PSYIK45EU5B3;Active;05-01-2026 16:36;
AID_20260105T163637562053Z_AR7VVNQOVFGL;Active;05-01-2026 16:36;
AID_20260105T163637631839Z_OKPTON7KW5C5;Active;05-01-2026 16:36;
AID_20260105T163637705667Z_ECRTBV2F7JHW;Active;05-01-2026 16:36;
AID_20260105T163637776429Z_KXDZ2F7NJBAG;Active;05-01-2026 16:36;
AID_20260105T163637849454Z_E74JHZWVQ5BK;Active;05-01-2026 16:36;
AID_20260105T163637921393Z_V5EHOAY3XVEU;Active;05-01-2026 16:36;
AID_20260105T163637988497Z_WBZIQ3XZZ5A7;Active;05-01-2026 16:36;
AID_20260105T163638060348Z_6IOM3EPBHZDU;Active;05-01-2026 16:36;
AID_20260105T163638169322Z_U5NUHKVH6JHW;Active;05-01-2026 16:36;
AID_20260105T163638241629Z_MRBCWF2NY5CM;Active;05-01-2026 16:36;
AID_20260105T163638311266Z_U4WTINSQR5CG;Active;05-01-2026 16:36;
AID_20260105T163638445035Z_NFFYCHVCUNBJ;Active;05-01-2026 16:36;
AID_20260105T163638518748Z_6FZVK3W2QZCT;Active;05-01-2026 16:36;
AID_20260105T163638587513Z_CIRK4ACWFFDO;Active;05-01-2026 16:36;
AID_20260105T163638660411Z_OC3GQ6TPIFAY;Active;05-01-2026 16:36;
AID_20260105T163638728824Z_DHM3V33UHZCR;Active;05-01-2026 16:36;
AID_20260105T163638803864Z_7DQD2HM735HS;Active;05-01-2026 16:36;
AID_20260105T163638887136Z_ACIIMJI4IJHI;Active;05-01-2026 16:36;
AID_20260105T163638964181Z_NSIBD2CBPNCK;Active;05-01-2026 16:36;
AID_20260105T163639035025Z_KGKD4GU26ZFF;Active;05-01-2026 16:36;
AID_20260105T163639111921Z_4UIAMAUBQBES;Active;05-01-2026 16:36;
AID_20260105T163639183091Z_M6TVXJDTWJDS;Active;05-01-2026 16:36;
AID_20260105T163639266466Z_MQ7GY6QOJJBY;Active;05-01-2026 16:36;
AID_20260105T163639341395Z_IY25J4XXSRGE;Active;05-01-2026 16:36;
AID_20260105T163639418402Z_XXWLZ5PG3FHB;Active;05-01-2026 16:36;
AID_20260105T163639493232Z_WBGLB3LEHZGU;Active;05-01-2026 16:36;
AID_20260105T163639569584Z_NTM76IEUG5CA;Active;05-01-2026 16:36;
AID_20260105T163639646096Z_UHB2WAOY3NEX;Active;05-01-2026 16:36;
AID_20260105T163639719970Z_EH7HQN4R3FAG;Active;05-01-2026 16:36;
AID_20260105T163639794136Z_C6ZLSCPPJZDT;Active;05-01-2026 16:36;
AID_20260105T163639872314Z_4BVGQYSMPJE2;Active;05-01-2026 16:36;
AID_20260105T163639949105Z_K2K4RWYT5BCO;Active;05-01-2026 16:36;
AID_20260105T163640080639Z_H62LIRW7ZVC7;Active;05-01-2026 16:36;
AID_20260105T163640168150Z_OWSK7B4MIVBP;Active;05-01-2026 16:36;
AID_20260105T163640244547Z_AJKPIHIU6NGZ;Active;05-01-2026 16:36;
AID_20260105T163640323790Z_3WNFGL3SR5GO;Active;05-01-2026 16:36;
AID_20260105T163640402014Z_YVTWHRF2VVDH;Active;05-01-2026 16:36;
AID_20260105T163640481486Z_VZMMK4MMEZBA;Active;05-01-2026 16:36;
AID_20260105T163640557446Z_523CGMOJAVEO;Active;05-01-2026 16:36;
AID_20260105T163640636460Z_U5IWYDZZ65EL;Active;05-01-2026 16:36;
AID_20260105T163640712316Z_L5RIWOTGQNEU;Active;05-01-2026 16:36;
AID_20260105T163640789562Z_LOSWH6JFVNFE;Active;05-01-2026 16:36;
AID_20260105T163640873153Z_IHXBWPADDBC7;Active;05-01-2026 16:36;
AID_20260105T163640950118Z_KBLROED2YRBO;Active;05-01-2026 16:36;
AID_20260105T163641035207Z_4RJYJ7UZ55EC;Active;05-01-2026 16:36;
AID_20260105T163641108261Z_CCFXK2QKRNFR;Active;05-01-2026 16:36;
AID_20260105T163641190111Z_3DNNPQVZDNAV;Active;05-01-2026 16:36;
AID_20260105T163641270943Z_YINSAG6F5NGX;Active;05-01-2026 16:36;
AID_20260105T163641352242Z_LAWZV4PCTBBL;Active;05-01-2026 16:36;
AID_20260105T163641430485Z_B5HAWQNEOVGH;Active;05-01-2026 16:36;
AID_20260105T163641509795Z_2FPNBYFRRRFQ;Active;05-01-2026 16:36;
AID_20260105T163641588870Z_YT3XHKLXJNFZ;Active;05-01-2026 16:36;
AID_20260105T163641734231Z_35FF2PLTR5BK;Active;05-01-2026 16:36;
AID_20260105T163641816952Z_JMXDT4RX6JGN;Active;05-01-2026 16:36;
AID_20260105T163641900449Z_Q2JE27SYCFCI;Active;05-01-2026 16:36;
AID_20260105T163641975700Z_Y4WDGB34SNDG;Active;05-01-2026 16:36;
AID_20260105T163642055222Z_35J4AHXC5FCP;Active;05-01-2026 16:36;
AID_20260105T163642137601Z_SKZ7BZMEXRDW;Active;05-01-2026 16:36;
AID_20260105T163642219289Z_C4UT75BZZBDO;Active;05-01-2026 16:36;
AID_20260105T163642294707Z_PIOCBDO4PZE7;Active;05-01-2026 16:36;
AID_20260105T163642376594Z_M63JAM2WQ5HI;Active;05-01-2026 16:36;
AID_20260105T163642465973Z_ZOBZ34YLNBHK;Active;05-01-2026 16:36;
AID_20260105T163642546327Z_HG5M5FV4WVCQ;Active;05-01-2026 16:36;
AID_20260105T163642629695Z_TBW3FAXSFZFE;Active;05-01-2026 16:36;
AID_20260105T163642717349Z_NDJHIWDU55AC;Active;05-01-2026 16:36;
AID_20260105T163642802783Z_PVQ7OS6NFJEL;Active;05-01-2026 16:36;
AID_20260105T163642887413Z_LO7XOZNGQJHK;Active;05-01-2026 16:36;
AID_20260105T163642973082Z_ZJQPX6UN5FDX;Active;05-01-2026 16:36;
AID_20260105T163643047597Z_UISOQG2P4ZEX;Active;05-01-2026 16:36;
AID_20260105T163643130371Z_IYAIXWZOIJEZ;Active;05-01-2026 16:36;
AID_20260105T163643211399Z_GTBNE4VFGBBT;Active;05-01-2026 16:36;
AID_20260105T163643352402Z_672ZJHLS3JDJ;Active;05-01-2026 16:36;
AID_20260105T163643439342Z_UEP2A2CJ5BFA;Active;05-01-2026 16:36;
AID_20260105T163643532676Z_6R5F3TL7D5B2;Active;05-01-2026 16:36;
AID_20260105T163643637923Z_FUY4HXI52FG5;Active;05-01-2026 16:36;
AID_20260105T163643714973Z_KJREF7PENBCP;Active;05-01-2026 16:36;
AID_20260105T163643798061Z_BCTCVDNKSJCT;Active;05-01-2026 16:36;
AID_20260105T163643886442Z_YR664MHGKNFK;Active;05-01-2026 16:36;
AID_20260105T163643968015Z_KQN7M4SP6BCZ;Active;05-01-2026 16:36;
AID_20260105T163644053151Z_3RG74O7J7FDJ;Active;05-01-2026 16:36;
AID_20260105T163644131753Z_MGMLV6PN7BEO;Active;05-01-2026 16:36;
AID_20260105T163644215708Z_SUZZ5USXGJGV;Active;05-01-2026 16:36;
AID_20260105T163644300118Z_JPDTWC6UG5BG;Active;05-01-2026 16:36;
AID_20260105T163644383181Z_QGETEDMUBREM;Active;05-01-2026 16:36;
AID_20260105T163644467148Z_2FXWGGMOXBEB;Active;05-01-2026 16:36;
AID_20260105T163644544382Z_KIIXE4CEMJB7;Active;05-01-2026 16:36;
AID_20260105T163644627054Z_TKZXTGX5RFCR;Active;05-01-2026 16:36;
AID_20260105T163644707721Z_DTZUKS4HIFGL;Active;05-01-2026 16:36;
AID_20260105T163644788581Z_DR3P6WKJGVA2;Active;05-01-2026 16:36;
AID_20260105T163644869846Z_4GCRQEMIDNCR;Active;05-01-2026 16:36;
AID_20260105T163645013034Z_CLZPPHO6LZHS;Active;05-01-2026 16:36;
AID_20260105T163645099009Z_WTVX6FXPXVAN;Active;05-01-2026 16:36;
AID_20260105T163645190698Z_M5HH6OBUHVH4;Active;05-01-2026 16:36;
AID_20260105T163645277539Z_OKROBJAI5JBL;Active;05-01-2026 16:36;
AID_20260105T163645361483Z_LZPXWZQLWJHV;Active;05-01-2026 16:36;
AID_20260105T163645444619Z_MNEQ4USKCVBV;Active;05-01-2026 16:36;
AID_20260105T163645529159Z_5S5RYINFUJDP;Active;05-01-2026 16:36;
AID_20260105T163645610626Z_J5PF3ASKSRFC;Active;05-01-2026 16:36;
AID_20260105T163645691819Z_EW6WR3JQ7NGX;Active;05-01-2026 16:36;
AID_20260105T163645776573Z_REOSXZJPOVER;Active;05-01-2026 16:36;
AID_20260105T163645862750Z_F6DHNITHJZGM;Active;05-01-2026 16:36;
AID_20260105T163645951019Z_BXXCSVDNPZD5;Active;05-01-2026 16:36;
AID_20260105T163646034095Z_VIMSIFE7UBF6;Active;05-01-2026 16:36;
AID_20260105T163646113406Z_WEXCYAOMHBA5;Active;05-01-2026 16:36;
AID_20260105T163646200442Z_6HSVV5HSGJHW;Active;05-01-2026 16:36;
AID_20260105T163646284265Z_Z4Q6CFHYGBBL;Active;05-01-2026 16:36;
AID_20260105T163646371132Z_RYTLS6NUKJGX;Active;05-01-2026 16:36;
AID_20260105T163646455924Z_2DMEYV24HVEF;Active;05-01-2026 16:36;
AID_20260105T163646598465Z_YMSOYMOFAFGX;Active;05-01-2026 16:36;
AID_20260105T163646685679Z_SJJXTYLQCJBN;Active;05-01-2026 16:36;
AID_20260105T163646776592Z_IIA42HVEVFAW;Active;05-01-2026 16:36;
AID_20260105T163646863879Z_BVP4EOZ2YJCC;Active;05-01-2026 16:36;
AID_20260105T163646953320Z_RSYSJIBD3FCP;Active;05-01-2026 16:36;
AID_20260105T163647042868Z_GWRS7GIBWVHI;Active;05-01-2026 16:36;
AID_20260105T163647127213Z_4XLPSEP37BFL;Active;05-01-2026 16:36;
AID_20260105T163647221011Z_6QMUPQTBCJHT;Active;05-01-2026 16:36;
AID_20260105T163647305410Z_TMBQWM6O2NEQ;Active;05-01-2026 16:36;
AID_20260105T163647391256Z_IES3ZEDIOVBE;Active;05-01-2026 16:36;
AID_20260105T163647494951Z_LWEUU73CJNB4;Active;05-01-2026 16:36;
AID_20260105T163647580515Z_PUTWFELLY5E2;Active;05-01-2026 16:36;
AID_20260105T163647669798Z_QCRB2UVAFNF6;Active;05-01-2026 16:36;
AID_20260105T163647761056Z_3LJ3XAD25JA4;Active;05-01-2026 16:36;
AID_20260105T163647852962Z_4HVGDIEXNFCD;Active;05-01-2026 16:36;
AID_20260105T163647940589Z_BEAK5MEAZNGS;Active;05-01-2026 16:36;
AID_20260105T163648031823Z_PT3UVHUBGRFA;Active;05-01-2026 16:36;
AID_20260105T163648186845Z_PTAHEHCYTRD5;Active;05-01-2026 16:36;
AID_20260105T163648279447Z_M3WW6ZY4YNEE;Active;05-01-2026 16:36;
AID_20260105T163648370758Z_AZRKHULYKNGA;Active;05-01-2026 16:36;
AID_20260105T163648459982Z_VUDGJZ3J2JEA;Active;05-01-2026 16:36;
AID_20260105T163648553631Z_42ABMDJFPZEO;Active;05-01-2026 16:36;
AID_20260105T163648649466Z_ZZU3P3B245BV;Active;05-01-2026 16:36;
AID_20260105T163648768550Z_PN7RRFWX5RHC;Active;05-01-2026 16:36;
AID_20260105T163648868490Z_2RKE6QME5VB4;Active;05-01-2026 16:36;
AID_20260105T163648960349Z_UB7RY42FHZBW;Active;05-01-2026 16:36;
AID_20260105T163649051404Z_ZNGHY3H3CRAZ;Active;05-01-2026 16:36;
AID_20260105T163649138463Z_7DV6MCFA4ZGF;Active;05-01-2026 16:36;
AID_20260105T163649239972Z_OMME3MTLOVEL;Active;05-01-2026 16:36;
AID_20260105T163649339759Z_KEHVA2NL5VEK;Active;05-01-2026 16:36;
AID_20260105T163649454509Z_M45XOAGIZRH6;Active;05-01-2026 16:36;
AID_20260105T163649547125Z_3MKYDZ3W6FHP;Active;05-01-2026 16:36;
AID_20260105T163649641036Z_N2PQGQTGWBER;Active;05-01-2026 16:36;
AID_20260105T163649804890Z_5SVGWN5ESJB2;Active;05-01-2026 16:36;
AID_20260105T163649905633Z_52HHZD2F4FDN;Active;05-01-2026 16:36;
AID_20260105T163650006712Z_UBWCTVBHL5DN;Active;05-01-2026 16:36;
AID_20260105T163650107925Z_FALIOMIVOFGL;Active;05-01-2026 16:36;
AID_20260105T163650207782Z_LJP62M42B5AX;Active;05-01-2026 16:36;
AID_20260105T163650306491Z_UV725PUVV5C3;Active;05-01-2026 16:36;
AID_20260105T163650399215Z_JDELIBJJNBF6;Active;05-01-2026 16:36;
AID_20260105T163650494360Z_EGLAY7S5KRAQ;Active;05-01-2026 16:36;
AID_20260105T163650593864Z_PZI2C6GLUFB7;Active;05-01-2026 16:36;
AID_20260105T163650698772Z_GPWIGV367BCD;Active;05-01-2026 16:36;
AID_20260105T163650803965Z_KDZOZ2RU7BGT;Active;05-01-2026 16:36;
AID_20260105T163650903219Z_W7NKDREUJZFN;Active;05-01-2026 16:36;
AID_20260105T163651001832Z_YSWGYUZFW5EZ;Active;05-01-2026 16:36;
AID_20260105T163651171801Z_CTDWQ7N3YFCY;Active;05-01-2026 16:36;
AID_20260105T163651273855Z_VDHLEM6HXZC4;Active;05-01-2026 16:36;
AID_20260105T163651374606Z_HTVEISZ6JRAZ;Active;05-01-2026 16:36;
AID_20260105T163651473038Z_WLLKPZDLGNFT;Active;05-01-2026 16:36;
AID_20260105T163651569102Z_57TYY7LD5REL;Active;05-01-2026 16:36;
AID_20260105T163651668736Z_OWSIZD2BPFHE;Active;05-01-2026 16:36;
AID_20260105T163651765055Z_H2SSS5RE6ZFG;Active;05-01-2026 16:36;
AID_20260105T163651868363Z_LOS6CBN6BFHB;Active;05-01-2026 16:36;
AID_20260105T163651965664Z_3TGADMKWHJCC;Active;05-01-2026 16:36;
AID_20260105T163652061753Z_NTDNDF72VFDZ;Active;05-01-2026 16:36;
AID_20260105T163652159024Z_244OACD45RC3;Active;05-01-2026 16:36;
AID_20260105T163652257543Z_RDIFDPL2UZA2;Active;05-01-2026 16:36;
AID_20260105T163652362305Z_V4CTT7N7QVE3;Active;05-01-2026 16:36;
AID_20260105T163652458469Z_4CQPJTZ52FFF;Active;05-01-2026 16:36;
AID_20260105T163652556992Z_OFEIKLUWY5DV;Active;05-01-2026 16:36;
AID_20260105T163652717236Z_E33V2U3XJVBA;Active;05-01-2026 16:36;
AID_20260105T163652815448Z_GCFAS7WSRJBX;Active;05-01-2026 16:36;
AID_20260105T163652918102Z_V5WDWAGJHJER;Active;05-01-2026 16:36;
AID_20260105T163653015659Z_NH5IXCTWA5E4;Active;05-01-2026 16:36;
AID_20260105T163653114899Z_UV4GA5F2P5DP;Active;05-01-2026 16:36;
AID_20260105T163653220282Z_7HTV5IMIL5AD;Active;05-01-2026 16:36;
AID_20260105T163653318700Z_CYY4WVJJ6NCZ;Active;05-01-2026 16:36;
AID_20260105T163653415620Z_BGOSXPKLQNB6;Active;05-01-2026 16:36;
AID_20260105T163653516650Z_DFZSMKBVFJGP;Active;05-01-2026 16:36;
AID_20260105T163653620913Z_JOSD4FZVPZGN;Active;05-01-2026 16:36;
AID_20260105T163653725880Z_ZL2Y4PDJTNA2;Active;05-01-2026 16:36;
AID_20260105T163653866002Z_IBUVNDJU4JET;Active;05-01-2026 16:36;
AID_20260105T163653964578Z_VV7WK3Y2JFEU;Active;05-01-2026 16:36;
AID_20260105T163654066813Z_2YYU3LPOK5DG;Active;05-01-2026 16:36;
AID_20260105T163654172820Z_X4CXPWSWCVEO;Active;05-01-2026 16:36;
AID_20260105T163654342071Z_T7CVWGWQTJB5;Active;05-01-2026 16:36;
AID_20260105T163654448984Z_YHPXXEGA55EK;Active;05-01-2026 16:36;
AID_20260105T163654552534Z_WUUIJMLEW5BB;Active;05-01-2026 16:36;
AID_20260105T163654654363Z_LZX54GWJOJBE;Active;05-01-2026 16:36;
AID_20260105T163654754899Z_I3DEEG6LTJDW;Active;05-01-2026 16:36;
AID_20260105T163654860700Z_EZTZKTJ2IRCE;Active;05-01-2026 16:36;
AID_20260105T163654962327Z_3YU7EUY7ZNBP;Active;05-01-2026 16:36;
AID_20260105T163655062711Z_7BS273BKCNAN;Active;05-01-2026 16:36;
AID_20260105T163655175349Z_U3BKPAHAHZDR;Active;05-01-2026 16:36;
AID_20260105T163655279472Z_JRCZEXVSFVE4;Active;05-01-2026 16:36;
AID_20260105T163655381013Z_SNB3U7KYEZBC;Active;05-01-2026 16:36;
AID_20260105T163655482339Z_QGK23QXNIZGN;Active;05-01-2026 16:36;
AID_20260105T163655590703Z_HKKKA7RWDBH6;Active;05-01-2026 16:36;
AID_20260105T163655697486Z_K5HKKFQJ35D2;Active;05-01-2026 16:36;
AID_20260105T163655856407Z_T7MRAEJVDFD2;Active;05-01-2026 16:36;
AID_20260105T163655967315Z_F4SOMG4O4FCL;Active;05-01-2026 16:36;
AID_20260105T163656080222Z_LJTKKEQNQRHX;Active;05-01-2026 16:36;
AID_20260105T163656183258Z_GF7PEMSH5FDL;Active;05-01-2026 16:36;
AID_20260105T163656287277Z_WLOTJCEBQZD2;Active;05-01-2026 16:36;
AID_20260105T163656393069Z_HGZ4VIEGDREA;Active;05-01-2026 16:36;
AID_20260105T163656497971Z_VVDOWNKFWBFU;Active;05-01-2026 16:36;
AID_20260105T163656603026Z_VCV6RYRM2RDP;Active;05-01-2026 16:36;
AID_20260105T163656705534Z_SJ7QLBQQRNFD;Active;05-01-2026 16:36;
AID_20260105T163656869577Z_GM7323T5LJEA;Active;05-01-2026 16:36;
AID_20260105T163656983985Z_FG4XZLECJZFR;Active;05-01-2026 16:36;
AID_20260105T163657086144Z_F2E75U5V2FHL;Active;05-01-2026 16:36;
AID_20260105T163657186116Z_XV4VO2RT5RCW;Active;05-01-2026 16:36;
AID_20260105T163657290848Z_77AQIQY3CBGP;Active;05-01-2026 16:36;
AID_20260105T163657403662Z_5ONCOSDR6BB6;Active;05-01-2026 16:36;
AID_20260105T163657512503Z_QTW6OCYIMJFG;Active;05-01-2026 16:36;
AID_20260105T163657627300Z_ZJG7JBFPGJG3;Active;05-01-2026 16:36;
AID_20260105T163657735902Z_4QNUVVWPUFA2;Active;05-01-2026 16:36;
AID_20260105T163657843049Z_TJWU2YQR45GZ;Active;05-01-2026 16:36;
AID_20260105T163657966688Z_W4GGQECV6VHL;Active;05-01-2026 16:36;
AID_20260105T163658072244Z_VINAKXXG6ND2;Active;05-01-2026 16:36;
AID_20260105T163658176398Z_27ZLP434MRDQ;Active;05-01-2026 16:36;
AID_20260105T163658287118Z_5ALXF7CLKZFH;Active;05-01-2026 16:36;
AID_20260105T163658461474Z_HJ25RUBVXFCI;Active;05-01-2026 16:36;
AID_20260105T163658576409Z_XZUOEGN7WBGW;Active;05-01-2026 16:36;
AID_20260105T163658704599Z_BWCI3THUPZEV;Active;05-01-2026 16:36;
AID_20260105T163658837943Z_4BUGPDYX4BAV;Active;05-01-2026 16:36;
AID_20260105T163658960427Z_RFYRGGU32BFK;Active;05-01-2026 16:36;
AID_20260105T163659065550Z_B3BIP6XJNZEI;Active;05-01-2026 16:36;
AID_20260105T163659175577Z_5DMCZJV4LZAW;Active;05-01-2026 16:36;
AID_20260105T163659297321Z_66JYIPNM6JEX;Active;05-01-2026 16:36;
AID_20260105T163659412597Z_B7LY6UT4SJHI;Active;05-01-2026 16:36;
AID_20260105T163659523161Z_2T2ANQD4JZH2;Active;05-01-2026 16:36;
